solid OpenSCAD_Model
  facet normal -1 0 0
    outer loop
      vertex 65 -65 0
      vertex 65 -35 4
      vertex 65 -35 0
    endloop
  endfacet
  facet normal -1 0 0
    outer loop
      vertex 65 -35 4
      vertex 65 -65 0
      vertex 65 -65 4
    endloop
  endfacet
  facet normal 1 0 0
    outer loop
      vertex 61 -65 4
      vertex 61 -35 0
      vertex 61 -35 4
    endloop
  endfacet
  facet normal 1 0 0
    outer loop
      vertex 61 -35 0
      vertex 61 -65 4
      vertex 61 -65 0
    endloop
  endfacet
  facet normal 0 -1 0
    outer loop
      vertex 61 -35 0
      vertex 65 -35 4
      vertex 61 -35 4
    endloop
  endfacet
  facet normal 0 -1 0
    outer loop
      vertex 65 -35 4
      vertex 61 -35 0
      vertex 65 -35 0
    endloop
  endfacet
  facet normal 0 1 0
    outer loop
      vertex 65 -65 0
      vertex 61 -65 4
      vertex 65 -65 4
    endloop
  endfacet
  facet normal 0 1 0
    outer loop
      vertex 61 -65 4
      vertex 65 -65 0
      vertex 61 -65 0
    endloop
  endfacet
  facet normal -1 0 0
    outer loop
      vertex 73 -65 0
      vertex 73 -35 4
      vertex 73 -35 0
    endloop
  endfacet
  facet normal -1 0 0
    outer loop
      vertex 73 -35 4
      vertex 73 -65 0
      vertex 73 -65 4
    endloop
  endfacet
  facet normal 1 0 0
    outer loop
      vertex 69 -65 4
      vertex 69 -35 0
      vertex 69 -35 4
    endloop
  endfacet
  facet normal 1 0 0
    outer loop
      vertex 69 -35 0
      vertex 69 -65 4
      vertex 69 -65 0
    endloop
  endfacet
  facet normal 0 -1 0
    outer loop
      vertex 69 -35 0
      vertex 73 -35 4
      vertex 69 -35 4
    endloop
  endfacet
  facet normal 0 -1 0
    outer loop
      vertex 73 -35 4
      vertex 69 -35 0
      vertex 73 -35 0
    endloop
  endfacet
  facet normal 0 1 0
    outer loop
      vertex 73 -65 0
      vertex 69 -65 4
      vertex 73 -65 4
    endloop
  endfacet
  facet normal 0 1 0
    outer loop
      vertex 69 -65 4
      vertex 73 -65 0
      vertex 69 -65 0
    endloop
  endfacet
  facet normal -1 0 0
    outer loop
      vertex 57 -45 0
      vertex 57 -25 4
      vertex 57 -25 0
    endloop
  endfacet
  facet normal -1 0 0
    outer loop
      vertex 57 -25 4
      vertex 57 -45 0
      vertex 57 -45 4
    endloop
  endfacet
  facet normal 1 0 0
    outer loop
      vertex 53 -45 4
      vertex 53 -25 0
      vertex 53 -25 4
    endloop
  endfacet
  facet normal 1 0 0
    outer loop
      vertex 53 -25 0
      vertex 53 -45 4
      vertex 53 -45 0
    endloop
  endfacet
  facet normal 0 -1 0
    outer loop
      vertex 53 -25 0
      vertex 57 -25 4
      vertex 53 -25 4
    endloop
  endfacet
  facet normal 0 -1 0
    outer loop
      vertex 57 -25 4
      vertex 53 -25 0
      vertex 57 -25 0
    endloop
  endfacet
  facet normal 0 1 0
    outer loop
      vertex 57 -45 0
      vertex 53 -45 4
      vertex 57 -45 4
    endloop
  endfacet
  facet normal 0 1 0
    outer loop
      vertex 53 -45 4
      vertex 57 -45 0
      vertex 53 -45 0
    endloop
  endfacet
  facet normal -1 0 0
    outer loop
      vertex 57 -65 0
      vertex 57 -49 4
      vertex 57 -49 0
    endloop
  endfacet
  facet normal -1 0 0
    outer loop
      vertex 57 -49 4
      vertex 57 -65 0
      vertex 57 -65 4
    endloop
  endfacet
  facet normal 1 0 0
    outer loop
      vertex 53 -65 4
      vertex 53 -49 0
      vertex 53 -49 4
    endloop
  endfacet
  facet normal 1 0 0
    outer loop
      vertex 53 -49 0
      vertex 53 -65 4
      vertex 53 -65 0
    endloop
  endfacet
  facet normal 0 -1 0
    outer loop
      vertex 53 -49 0
      vertex 57 -49 4
      vertex 53 -49 4
    endloop
  endfacet
  facet normal 0 -1 0
    outer loop
      vertex 57 -49 4
      vertex 53 -49 0
      vertex 57 -49 0
    endloop
  endfacet
  facet normal 0 1 0
    outer loop
      vertex 57 -65 0
      vertex 53 -65 4
      vertex 57 -65 4
    endloop
  endfacet
  facet normal 0 1 0
    outer loop
      vertex 53 -65 4
      vertex 57 -65 0
      vertex 53 -65 0
    endloop
  endfacet
  facet normal -0.41541194628750083 0.9096333958698035 0
    outer loop
      vertex 7.001897811889648 -69.03562927246094 8
      vertex 5.207986831665039 -69.85487365722656 22
      vertex 7.001897811889648 -69.03562927246094 22
    endloop
  endfacet
  facet normal -0.41541194628750083 0.9096333958698035 0
    outer loop
      vertex 5.207986831665039 -69.85487365722656 22
      vertex 7.001897811889648 -69.03562927246094 8
      vertex 5.207986831665039 -69.85487365722656 8
    endloop
  endfacet
  facet normal 0.6548598032259307 0.7557503808261662 0
    outer loop
      vertex 10.44438648223877 -70.60775756835938 4
      vertex 8.953951835632324 -69.31629180908203 22
      vertex 10.44438648223877 -70.60775756835938 22
    endloop
  endfacet
  facet normal 0.6548598032259307 0.7557503808261662 0
    outer loop
      vertex 8.953951835632324 -69.31629180908203 22
      vertex 10.44438648223877 -70.60775756835938 4
      vertex 8.953951835632324 -69.31629180908203 4
    endloop
  endfacet
  facet normal 0 0 1
    outer loop
      vertex 9.199999809265137 -72.5 22
      vertex 11 -72.5 22
      vertex 10.44438648223877 -70.60775756835938 22
    endloop
  endfacet
  facet normal 0 0 1
    outer loop
      vertex 11 -72.5 22
      vertex 9.199999809265137 -72.5 22
      vertex 10.44438648223877 -74.39224243164062 22
    endloop
  endfacet
  facet normal 0 0 1
    outer loop
      vertex 8.34999942779541 -71.02775573730469 22
      vertex 10.44438648223877 -70.60775756835938 22
      vertex 8.953951835632324 -69.31629180908203 22
    endloop
  endfacet
  facet normal 0 0 1
    outer loop
      vertex 10.44438648223877 -70.60775756835938 22
      vertex 8.34999942779541 -71.02775573730469 22
      vertex 9.199999809265137 -72.5 22
    endloop
  endfacet
  facet normal 0 0 1
    outer loop
      vertex 7.001897811889648 -69.03562927246094 22
      vertex 8.34999942779541 -71.02775573730469 22
      vertex 8.953951835632324 -69.31629180908203 22
    endloop
  endfacet
  facet normal 0 0 1
    outer loop
      vertex 7.001897811889648 -69.03562927246094 22
      vertex 6.649999618530273 -71.02775573730469 22
      vertex 8.34999942779541 -71.02775573730469 22
    endloop
  endfacet
  facet normal 0 0 1
    outer loop
      vertex 5.207986831665039 -69.85487365722656 22
      vertex 6.649999618530273 -71.02775573730469 22
      vertex 7.001897811889648 -69.03562927246094 22
    endloop
  endfacet
  facet normal 0 0 1
    outer loop
      vertex 4.1417741775512695 -71.5139389038086 22
      vertex 6.649999618530273 -71.02775573730469 22
      vertex 5.207986831665039 -69.85487365722656 22
    endloop
  endfacet
  facet normal 0 0 1
    outer loop
      vertex 8.34999942779541 -73.97224426269531 22
      vertex 10.44438648223877 -74.39224243164062 22
      vertex 9.199999809265137 -72.5 22
    endloop
  endfacet
  facet normal 0 0 1
    outer loop
      vertex 10.44438648223877 -74.39224243164062 22
      vertex 8.34999942779541 -73.97224426269531 22
      vertex 8.953951835632324 -75.6837158203125 22
    endloop
  endfacet
  facet normal 0 0 1
    outer loop
      vertex 8.34999942779541 -73.97224426269531 22
      vertex 7.001897811889648 -75.9643783569336 22
      vertex 8.953951835632324 -75.6837158203125 22
    endloop
  endfacet
  facet normal 0 0 1
    outer loop
      vertex 6.649999618530273 -73.97224426269531 22
      vertex 7.001897811889648 -75.9643783569336 22
      vertex 8.34999942779541 -73.97224426269531 22
    endloop
  endfacet
  facet normal 0 0 1
    outer loop
      vertex 4.1417741775512695 -73.4860610961914 22
      vertex 6.649999618530273 -73.97224426269531 22
      vertex 5.799999237060547 -72.5 22
    endloop
  endfacet
  facet normal 0 0 1
    outer loop
      vertex 6.649999618530273 -73.97224426269531 22
      vertex 5.207986831665039 -75.14512634277344 22
      vertex 7.001897811889648 -75.9643783569336 22
    endloop
  endfacet
  facet normal 0 0 1
    outer loop
      vertex 6.649999618530273 -71.02775573730469 22
      vertex 4.1417741775512695 -71.5139389038086 22
      vertex 5.799999237060547 -72.5 22
    endloop
  endfacet
  facet normal 0 0 1
    outer loop
      vertex 4.1417741775512695 -73.4860610961914 22
      vertex 5.799999237060547 -72.5 22
      vertex 4.1417741775512695 -71.5139389038086 22
    endloop
  endfacet
  facet normal 0 0 1
    outer loop
      vertex 6.649999618530273 -73.97224426269531 22
      vertex 4.1417741775512695 -73.4860610961914 22
      vertex 5.207986831665039 -75.14512634277344 22
    endloop
  endfacet
  facet normal 0.9594929597920133 0.281732603916483 0
    outer loop
      vertex 10.44438648223877 -70.60775756835938 22
      vertex 10.925028800964355 -72.24467468261719 8
      vertex 10.44438648223877 -70.60775756835938 4
    endloop
  endfacet
  facet normal 0.9594928353419152 0.2817330277541659 -5.382879574982177e-8
    outer loop
      vertex 11 -72.5 22
      vertex 10.925028800964355 -72.24467468261719 8
      vertex 10.44438648223877 -70.60775756835938 22
    endloop
  endfacet
  facet normal 0.9594920374757464 0.28173574501763304 0
    outer loop
      vertex 10.925028800964355 -72.24467468261719 8
      vertex 11 -72.5 22
      vertex 11 -72.5 8
    endloop
  endfacet
  facet normal 0.9594929597920133 0.281732603916483 0
    outer loop
      vertex 10.44438648223877 -70.60775756835938 4
      vertex 10.925028800964355 -72.24467468261719 8
      vertex 10.925028800964355 -72.24467468261719 4
    endloop
  endfacet
  facet normal 0.14231460939968435 0.9898214747879608 3.790326696182466e-8
    outer loop
      vertex 8.953951835632324 -69.31629180908203 22
      vertex 7.713326454162598 -69.1379165649414 8
      vertex 7.001897811889648 -69.03562927246094 22
    endloop
  endfacet
  facet normal 0.14231502846114483 0.9898214145360281 0
    outer loop
      vertex 8.953951835632324 -69.31629180908203 4
      vertex 7.713326454162598 -69.1379165649414 8
      vertex 8.953951835632324 -69.31629180908203 22
    endloop
  endfacet
  facet normal 0.14231502846114483 0.989821414536028 0
    outer loop
      vertex 7.713326454162598 -69.1379165649414 8
      vertex 8.953951835632324 -69.31629180908203 4
      vertex 7.713326454162598 -69.1379165649414 4
    endloop
  endfacet
  facet normal 0.1423138786188535 0.9898215798579348 0
    outer loop
      vertex 7.001897811889648 -69.03562927246094 22
      vertex 7.713326454162598 -69.1379165649414 8
      vertex 7.001897811889648 -69.03562927246094 8
    endloop
  endfacet
  facet normal 0.9594928353419165 -0.2817330277541663 0
    outer loop
      vertex 10.44438648223877 -74.39224243164062 22
      vertex 11 -72.5 8
      vertex 11 -72.5 22
    endloop
  endfacet
  facet normal 0.9594928353419165 -0.2817330277541663 0
    outer loop
      vertex 11 -72.5 8
      vertex 10.44438648223877 -74.39224243164062 22
      vertex 10.44438648223877 -74.39224243164062 8
    endloop
  endfacet
  facet normal 0.14231460939968446 -0.9898214747879616 0
    outer loop
      vertex 7.001897811889648 -75.9643783569336 8
      vertex 8.953951835632324 -75.6837158203125 22
      vertex 7.001897811889648 -75.9643783569336 22
    endloop
  endfacet
  facet normal 0.14231460939968446 -0.9898214747879616 0
    outer loop
      vertex 8.953951835632324 -75.6837158203125 22
      vertex 7.001897811889648 -75.9643783569336 8
      vertex 8.953951835632324 -75.6837158203125 8
    endloop
  endfacet
  facet normal -0.8412544180566522 -0.5406394400153982 0
    outer loop
      vertex 5.207986831665039 -75.14512634277344 4
      vertex 4.1417741775512695 -73.4860610961914 22
      vertex 4.1417741775512695 -73.4860610961914 4
    endloop
  endfacet
  facet normal -0.8412544180566522 -0.5406394400153982 0
    outer loop
      vertex 4.1417741775512695 -73.4860610961914 22
      vertex 5.207986831665039 -75.14512634277344 4
      vertex 5.207986831665039 -75.14512634277344 22
    endloop
  endfacet
  facet normal 0.6548620128104059 -0.7557484662094286 0
    outer loop
      vertex 8.953951835632324 -75.6837158203125 8
      vertex 10.44438648223877 -74.39224243164062 22
      vertex 8.953951835632324 -75.6837158203125 22
    endloop
  endfacet
  facet normal 0.6548620128104059 -0.7557484662094286 0
    outer loop
      vertex 10.44438648223877 -74.39224243164062 22
      vertex 8.953951835632324 -75.6837158203125 8
      vertex 10.44438648223877 -74.39224243164062 8
    endloop
  endfacet
  facet normal -0.4154151472996912 -0.909631934022754 0
    outer loop
      vertex 5.207986831665039 -75.14512634277344 22
      vertex 7.001897811889648 -75.9643783569336 8
      vertex 7.001897811889648 -75.9643783569336 22
    endloop
  endfacet
  facet normal -0.4154151472996912 -0.9096319340227539 0
    outer loop
      vertex 5.207986831665039 -75.14512634277344 4
      vertex 7.001897811889648 -75.9643783569336 8
      vertex 5.207986831665039 -75.14512634277344 22
    endloop
  endfacet
  facet normal -0.4154151472996912 -0.909631934022754 0
    outer loop
      vertex 7.001897811889648 -75.9643783569336 8
      vertex 5.207986831665039 -75.14512634277344 4
      vertex 7.001897811889648 -75.9643783569336 4
    endloop
  endfacet
  facet normal 0 0 -1
    outer loop
      vertex 0 -72.5 0
      vertex 10 -65 0
      vertex 6.649999618530273 -71.02775573730469 0
    endloop
  endfacet
  facet normal 0 0 -1
    outer loop
      vertex 10 -35 0
      vertex 8.34999942779541 -24.972244262695312 0
      vertex 9.199999809265137 -23.5 0
    endloop
  endfacet
  facet normal 0 0 -1
    outer loop
      vertex 10 -65 0
      vertex 0 -72.5 0
      vertex 10 -35 0
    endloop
  endfacet
  facet normal 0 0 -1
    outer loop
      vertex 10 -35 0
      vertex 6.649999618530273 -24.972244262695312 0
      vertex 8.34999942779541 -24.972244262695312 0
    endloop
  endfacet
  facet normal 0 0 -1
    outer loop
      vertex 0 -72.5 0
      vertex 6.649999618530273 -71.02775573730469 0
      vertex 5.799999237060547 -72.5 0
    endloop
  endfacet
  facet normal 0 0 -1
    outer loop
      vertex 0 -23.5 0
      vertex 10 -35 0
      vertex 0 -72.5 0
    endloop
  endfacet
  facet normal 0 0 -1
    outer loop
      vertex 29.878679275512695 -49 0
      vertex 23.260663986206055 -38.139347076416016 0
      vertex 32 -46.87868118286133 0
    endloop
  endfacet
  facet normal 0 0 -1
    outer loop
      vertex 21.136150360107422 -40.25747299194336 0
      vertex 23.260663986206055 -38.139347076416016 0
      vertex 29.878679275512695 -49 0
    endloop
  endfacet
  facet normal 0 0 -1
    outer loop
      vertex 21.269128799438477 -38.51766586303711 0
      vertex 23.260663986206055 -38.139347076416016 0
      vertex 21.136150360107422 -40.25747299194336 0
    endloop
  endfacet
  facet normal 0 0 -1
    outer loop
      vertex 23.260663986206055 -38.139347076416016 0
      vertex 21.269128799438477 -38.51766586303711 0
      vertex 22 -37 0
    endloop
  endfacet
  facet normal 0 0 -1
    outer loop
      vertex 21.269128799438477 -38.51766586303711 0
      vertex 21.136150360107422 -40.25747299194336 0
      vertex 21.216081619262695 -38.570716857910156 0
    endloop
  endfacet
  facet normal 0 0 -1
    outer loop
      vertex 19.55495834350586 -38.94985580444336 0
      vertex 21.136150360107422 -40.25747299194336 0
      vertex 20.67376136779785 -40.7710075378418 0
    endloop
  endfacet
  facet normal 0 0 -1
    outer loop
      vertex 21.136150360107422 -40.25747299194336 0
      vertex 19.55495834350586 -38.94985580444336 0
      vertex 21.216081619262695 -38.570716857910156 0
    endloop
  endfacet
  facet normal 0 0 -1
    outer loop
      vertex 19.210363388061523 -43.305686950683594 0
      vertex 19.55495834350586 -38.94985580444336 0
      vertex 20.67376136779785 -40.7710075378418 0
    endloop
  endfacet
  facet normal 0 0 -1
    outer loop
      vertex 14 -35 0
      vertex 19.210363388061523 -43.305686950683594 0
      vertex 18.305932998657227 -46.089237213134766 0
    endloop
  endfacet
  facet normal 0 0 -1
    outer loop
      vertex 19.210363388061523 -43.305686950683594 0
      vertex 18.198062896728516 -37.867767333984375 0
      vertex 19.55495834350586 -38.94985580444336 0
    endloop
  endfacet
  facet normal 0 0 -1
    outer loop
      vertex 19.210363388061523 -43.305686950683594 0
      vertex 14 -35 0
      vertex 18.198062896728516 -37.867767333984375 0
    endloop
  endfacet
  facet normal 0 0 -1
    outer loop
      vertex 14 -35 0
      vertex 18.305932998657227 -46.089237213134766 0
      vertex 18 -49 0
    endloop
  endfacet
  facet normal 0 0 -1
    outer loop
      vertex 44.789634704589844 -43.305686950683594 0
      vertex 53 -45 0
      vertex 45.69406509399414 -46.089237213134766 0
    endloop
  endfacet
  facet normal 0 0 -1
    outer loop
      vertex 53 -45 0
      vertex 45.246978759765625 -38.563663482666016 0
      vertex 46 -37 0
    endloop
  endfacet
  facet normal 0 0 -1
    outer loop
      vertex 53 -45 0
      vertex 44.789634704589844 -43.305686950683594 0
      vertex 45.246978759765625 -38.563663482666016 0
    endloop
  endfacet
  facet normal 0 0 -1
    outer loop
      vertex 43.326236724853516 -40.7710075378418 0
      vertex 45.246978759765625 -38.563663482666016 0
      vertex 44.789634704589844 -43.305686950683594 0
    endloop
  endfacet
  facet normal 0 0 -1
    outer loop
      vertex 45.246978759765625 -38.563663482666016 0
      vertex 43.326236724853516 -40.7710075378418 0
      vertex 43.55495834350586 -38.94985580444336 0
    endloop
  endfacet
  facet normal 0 0 -1
    outer loop
      vertex 42.86384963989258 -40.25747299194336 0
      vertex 43.55495834350586 -38.94985580444336 0
      vertex 43.326236724853516 -40.7710075378418 0
    endloop
  endfacet
  facet normal 0 0 -1
    outer loop
      vertex 42.86384963989258 -40.25747299194336 0
      vertex 42.198062896728516 -37.867767333984375 0
      vertex 43.55495834350586 -38.94985580444336 0
    endloop
  endfacet
  facet normal 0 0 -1
    outer loop
      vertex 42.198062896728516 -37.867767333984375 0
      vertex 40.73933410644531 -38.139347076416016 0
      vertex 42.198062896728516 -36.132232666015625 0
    endloop
  endfacet
  facet normal 0 0 -1
    outer loop
      vertex 42.86384963989258 -40.25747299194336 0
      vertex 40.73933410644531 -38.139347076416016 0
      vertex 42.198062896728516 -37.867767333984375 0
    endloop
  endfacet
  facet normal 0 0 -1
    outer loop
      vertex 34.12131881713867 -49 0
      vertex 40.73933410644531 -38.139347076416016 0
      vertex 42.86384963989258 -40.25747299194336 0
    endloop
  endfacet
  facet normal 0 0 -1
    outer loop
      vertex 32 -46.87868118286133 0
      vertex 34.12131881713867 -49 0
      vertex 32 -51.12131881713867 0
    endloop
  endfacet
  facet normal 0 0 -1
    outer loop
      vertex 34.12131881713867 -49 0
      vertex 32 -46.87868118286133 0
      vertex 40.73933410644531 -38.139347076416016 0
    endloop
  endfacet
  facet normal 0 0 -1
    outer loop
      vertex 32 -51.12131881713867 0
      vertex 29.878679275512695 -49 0
      vertex 32 -46.87868118286133 0
    endloop
  endfacet
  facet normal 0 0 -1
    outer loop
      vertex 23.260663986206055 -59.86065673828125 0
      vertex 29.878679275512695 -49 0
      vertex 32 -51.12131881713867 0
    endloop
  endfacet
  facet normal 0 0 -1
    outer loop
      vertex 21.269128799438477 -59.48233413696289 0
      vertex 23.260663986206055 -59.86065673828125 0
      vertex 22 -61 0
    endloop
  endfacet
  facet normal 0 0 -1
    outer loop
      vertex 23.260663986206055 -59.86065673828125 0
      vertex 21.269128799438477 -59.48233413696289 0
      vertex 21.136150360107422 -57.742530822753906 0
    endloop
  endfacet
  facet normal 0 0 -1
    outer loop
      vertex 21.136150360107422 -57.742530822753906 0
      vertex 21.269128799438477 -59.48233413696289 0
      vertex 21.216081619262695 -59.42928695678711 0
    endloop
  endfacet
  facet normal 0 0 -1
    outer loop
      vertex 23.260663986206055 -59.86065673828125 0
      vertex 21.136150360107422 -57.742530822753906 0
      vertex 29.878679275512695 -49 0
    endloop
  endfacet
  facet normal 0 0 -1
    outer loop
      vertex 19.55495834350586 -59.05014419555664 0
      vertex 21.136150360107422 -57.742530822753906 0
      vertex 21.216081619262695 -59.42928695678711 0
    endloop
  endfacet
  facet normal 0 0 -1
    outer loop
      vertex 21.136150360107422 -57.742530822753906 0
      vertex 19.55495834350586 -59.05014419555664 0
      vertex 20.67376136779785 -57.22899627685547 0
    endloop
  endfacet
  facet normal 0 0 -1
    outer loop
      vertex 19.55495834350586 -59.05014419555664 0
      vertex 19.210363388061523 -54.694313049316406 0
      vertex 20.67376136779785 -57.22899627685547 0
    endloop
  endfacet
  facet normal 0 0 -1
    outer loop
      vertex 18.198062896728516 -60.132232666015625 0
      vertex 19.210363388061523 -54.694313049316406 0
      vertex 19.55495834350586 -59.05014419555664 0
    endloop
  endfacet
  facet normal 0 0 -1
    outer loop
      vertex 19.210363388061523 -54.694313049316406 0
      vertex 18.198062896728516 -60.132232666015625 0
      vertex 18.305932998657227 -51.910762786865234 0
    endloop
  endfacet
  facet normal 0 0 -1
    outer loop
      vertex 14 -65 0
      vertex 18.305932998657227 -51.910762786865234 0
      vertex 18.198062896728516 -60.132232666015625 0
    endloop
  endfacet
  facet normal 0 0 -1
    outer loop
      vertex 53 -49 0
      vertex 45.69406509399414 -51.910762786865234 0
      vertex 46 -49 0
    endloop
  endfacet
  facet normal 0 0 -1
    outer loop
      vertex 44.789634704589844 -54.694313049316406 0
      vertex 53 -49 0
      vertex 45.246978759765625 -59.436336517333984 0
    endloop
  endfacet
  facet normal 0 0 -1
    outer loop
      vertex 53 -49 0
      vertex 44.789634704589844 -54.694313049316406 0
      vertex 45.69406509399414 -51.910762786865234 0
    endloop
  endfacet
  facet normal 0 0 -1
    outer loop
      vertex 43.326236724853516 -57.22899627685547 0
      vertex 45.246978759765625 -59.436336517333984 0
      vertex 43.55495834350586 -59.05014419555664 0
    endloop
  endfacet
  facet normal 0 0 -1
    outer loop
      vertex 45.246978759765625 -59.436336517333984 0
      vertex 43.326236724853516 -57.22899627685547 0
      vertex 44.789634704589844 -54.694313049316406 0
    endloop
  endfacet
  facet normal 0 0 -1
    outer loop
      vertex 43.55495834350586 -59.05014419555664 0
      vertex 42.86384963989258 -57.742530822753906 0
      vertex 43.326236724853516 -57.22899627685547 0
    endloop
  endfacet
  facet normal 0 0 -1
    outer loop
      vertex 42.198062896728516 -60.132232666015625 0
      vertex 42.86384963989258 -57.742530822753906 0
      vertex 43.55495834350586 -59.05014419555664 0
    endloop
  endfacet
  facet normal 0 0 -1
    outer loop
      vertex 40.73933410644531 -59.86065673828125 0
      vertex 42.86384963989258 -57.742530822753906 0
      vertex 42.198062896728516 -60.132232666015625 0
    endloop
  endfacet
  facet normal 0 0 -1
    outer loop
      vertex 40.73933410644531 -59.86065673828125 0
      vertex 34.12131881713867 -49 0
      vertex 42.86384963989258 -57.742530822753906 0
    endloop
  endfacet
  facet normal 0 0 -1
    outer loop
      vertex 34.12131881713867 -49 0
      vertex 40.73933410644531 -59.86065673828125 0
      vertex 32 -51.12131881713867 0
    endloop
  endfacet
  facet normal 0 0 -1
    outer loop
      vertex 47 -66 0
      vertex 45.246978759765625 -62.563663482666016 0
      vertex 46 -61 0
    endloop
  endfacet
  facet normal 0 0 -1
    outer loop
      vertex 47 -66 0
      vertex 43.55495834350586 -62.94985580444336 0
      vertex 45.246978759765625 -62.563663482666016 0
    endloop
  endfacet
  facet normal 0 0 -1
    outer loop
      vertex 36.326236724853516 -62.31479263305664 0
      vertex 43.55495834350586 -62.94985580444336 0
      vertex 47 -66 0
    endloop
  endfacet
  facet normal 0 0 -1
    outer loop
      vertex 42.198062896728516 -61.867767333984375 0
      vertex 40.73933410644531 -59.86065673828125 0
      vertex 42.198062896728516 -60.132232666015625 0
    endloop
  endfacet
  facet normal 0 0 -1
    outer loop
      vertex 42.198062896728516 -61.867767333984375 0
      vertex 39 -61.12435531616211 0
      vertex 40.73933410644531 -59.86065673828125 0
    endloop
  endfacet
  facet normal 0 0 -1
    outer loop
      vertex 43.55495834350586 -62.94985580444336 0
      vertex 36.326236724853516 -62.31479263305664 0
      vertex 42.198062896728516 -61.867767333984375 0
    endloop
  endfacet
  facet normal 0 0 -1
    outer loop
      vertex 42.198062896728516 -61.867767333984375 0
      vertex 36.326236724853516 -62.31479263305664 0
      vertex 39 -61.12435531616211 0
    endloop
  endfacet
  facet normal 0 0 -1
    outer loop
      vertex 47 -66 0
      vertex 33.46339797973633 -62.923309326171875 0
      vertex 36.326236724853516 -62.31479263305664 0
    endloop
  endfacet
  facet normal 0 0 -1
    outer loop
      vertex 47 -66 0
      vertex 30.536602020263672 -62.923309326171875 0
      vertex 33.46339797973633 -62.923309326171875 0
    endloop
  endfacet
  facet normal 0 0 -1
    outer loop
      vertex 25 -61.12435531616211 0
      vertex 22 -61 0
      vertex 23.260663986206055 -59.86065673828125 0
    endloop
  endfacet
  facet normal 0 0 -1
    outer loop
      vertex 21.246978759765625 -62.563663482666016 0
      vertex 25 -61.12435531616211 0
      vertex 27.67376136779785 -62.31479263305664 0
    endloop
  endfacet
  facet normal 0 0 -1
    outer loop
      vertex 25 -61.12435531616211 0
      vertex 21.246978759765625 -62.563663482666016 0
      vertex 22 -61 0
    endloop
  endfacet
  facet normal 0 0 -1
    outer loop
      vertex 17 -66 0
      vertex 27.67376136779785 -62.31479263305664 0
      vertex 30.536602020263672 -62.923309326171875 0
    endloop
  endfacet
  facet normal 0 0 -1
    outer loop
      vertex 17 -66 0
      vertex 30.536602020263672 -62.923309326171875 0
      vertex 47 -66 0
    endloop
  endfacet
  facet normal 0 0 -1
    outer loop
      vertex 27.67376136779785 -62.31479263305664 0
      vertex 17 -66 0
      vertex 21.246978759765625 -62.563663482666016 0
    endloop
  endfacet
  facet normal 0 0 -1
    outer loop
      vertex 14 -65 0
      vertex 18.198062896728516 -60.132232666015625 0
      vertex 18.198062896728516 -61.867767333984375 0
    endloop
  endfacet
  facet normal 0 0 -1
    outer loop
      vertex 14 -65 0
      vertex 18.198062896728516 -61.867767333984375 0
      vertex 17 -66 0
    endloop
  endfacet
  facet normal 0 0 -1
    outer loop
      vertex 19.55495834350586 -62.94985580444336 0
      vertex 17 -66 0
      vertex 18.198062896728516 -61.867767333984375 0
    endloop
  endfacet
  facet normal 0 0 -1
    outer loop
      vertex 21.246978759765625 -62.563663482666016 0
      vertex 17 -66 0
      vertex 19.55495834350586 -62.94985580444336 0
    endloop
  endfacet
  facet normal 0 0 -1
    outer loop
      vertex 53 -49 0
      vertex 57 -45 0
      vertex 57 -49 0
    endloop
  endfacet
  facet normal 0 0 -1
    outer loop
      vertex 57 -45 0
      vertex 53 -49 0
      vertex 53 -45 0
    endloop
  endfacet
  facet normal 0 0 -1
    outer loop
      vertex 69 -65 0
      vertex 65 -65 0
      vertex 69 -35 0
    endloop
  endfacet
  facet normal 0 0 -1
    outer loop
      vertex 66.3499984741211 -24.972244262695312 0
      vertex 69 -35 0
      vertex 65 -35 0
    endloop
  endfacet
  facet normal 0 0 -1
    outer loop
      vertex 69 -35 0
      vertex 65 -65 0
      vertex 65 -35 0
    endloop
  endfacet
  facet normal 0 0 -1
    outer loop
      vertex 64.6500015258789 -71.02775573730469 0
      vertex 65 -65 0
      vertex 66.3499984741211 -71.02775573730469 0
    endloop
  endfacet
  facet normal 0 0 -1
    outer loop
      vertex 61 -65 0
      vertex 64.6500015258789 -71.02775573730469 0
      vertex 63.79999923706055 -72.5 0
    endloop
  endfacet
  facet normal 0 0 -1
    outer loop
      vertex 64.6500015258789 -71.02775573730469 0
      vertex 61 -65 0
      vertex 65 -65 0
    endloop
  endfacet
  facet normal 0 0 -1
    outer loop
      vertex 85.5 -80 0
      vertex 93 -72.5 0
      vertex 92.74444580078125 -74.44114685058594 0
    endloop
  endfacet
  facet normal 0 0 -1
    outer loop
      vertex 93 -72.5 0
      vertex 73 -35 0
      vertex 93 -23.5 0
    endloop
  endfacet
  facet normal 0 0 -1
    outer loop
      vertex 85.5 -80 0
      vertex 92.74444580078125 -74.44114685058594 0
      vertex 91.99519348144531 -76.25 0
    endloop
  endfacet
  facet normal 0 0 -1
    outer loop
      vertex 85.5 -16 0
      vertex 93 -23.5 0
      vertex 73 -35 0
    endloop
  endfacet
  facet normal 0 0 -1
    outer loop
      vertex 85.5 -80 0
      vertex 91.99519348144531 -76.25 0
      vertex 90.80329895019531 -77.80329895019531 0
    endloop
  endfacet
  facet normal 0 0 -1
    outer loop
      vertex 93 -23.5 0
      vertex 85.5 -16 0
      vertex 92.74444580078125 -21.558856964111328 0
    endloop
  endfacet
  facet normal 0 0 -1
    outer loop
      vertex 85.5 -80 0
      vertex 90.80329895019531 -77.80329895019531 0
      vertex 89.25 -78.99519348144531 0
    endloop
  endfacet
  facet normal 0 0 -1
    outer loop
      vertex 92.74444580078125 -21.558856964111328 0
      vertex 85.5 -16 0
      vertex 91.99519348144531 -19.75 0
    endloop
  endfacet
  facet normal 0 0 -1
    outer loop
      vertex 85.5 -80 0
      vertex 89.25 -78.99519348144531 0
      vertex 87.4411392211914 -79.74444580078125 0
    endloop
  endfacet
  facet normal 0 0 -1
    outer loop
      vertex 91.99519348144531 -19.75 0
      vertex 85.5 -16 0
      vertex 90.80329895019531 -18.196699142456055 0
    endloop
  endfacet
  facet normal 0 0 -1
    outer loop
      vertex 93 -72.5 0
      vertex 85.5 -80 0
      vertex 73 -65 0
    endloop
  endfacet
  facet normal 0 0 -1
    outer loop
      vertex 90.80329895019531 -18.196699142456055 0
      vertex 85.5 -16 0
      vertex 89.25 -17.004810333251953 0
    endloop
  endfacet
  facet normal 0 0 -1
    outer loop
      vertex 93 -72.5 0
      vertex 73 -65 0
      vertex 73 -35 0
    endloop
  endfacet
  facet normal 0 0 -1
    outer loop
      vertex 67.19999694824219 -72.5 0
      vertex 73 -65 0
      vertex 85.5 -80 0
    endloop
  endfacet
  facet normal 0 0 -1
    outer loop
      vertex 66.3499984741211 -71.02775573730469 0
      vertex 69 -65 0
      vertex 67.19999694824219 -72.5 0
    endloop
  endfacet
  facet normal 0 0 -1
    outer loop
      vertex 73 -65 0
      vertex 67.19999694824219 -72.5 0
      vertex 69 -65 0
    endloop
  endfacet
  facet normal 0 0 -1
    outer loop
      vertex 85.5 -80 0
      vertex 66.3499984741211 -73.97224426269531 0
      vertex 67.19999694824219 -72.5 0
    endloop
  endfacet
  facet normal 0 0 -1
    outer loop
      vertex 85.5 -80 0
      vertex 64.6500015258789 -73.97224426269531 0
      vertex 66.3499984741211 -73.97224426269531 0
    endloop
  endfacet
  facet normal 0 0 -1
    outer loop
      vertex 57 -49 0
      vertex 61 -65 0
      vertex 57 -65 0
    endloop
  endfacet
  facet normal 0 0 -1
    outer loop
      vertex 63.79999923706055 -72.5 0
      vertex 57 -65 0
      vertex 61 -65 0
    endloop
  endfacet
  facet normal 0 0 -1
    outer loop
      vertex 47 -70 0
      vertex 63.79999923706055 -72.5 0
      vertex 64.6500015258789 -73.97224426269531 0
    endloop
  endfacet
  facet normal 0 0 -1
    outer loop
      vertex 63.79999923706055 -72.5 0
      vertex 47 -70 0
      vertex 57 -65 0
    endloop
  endfacet
  facet normal 0 0 -1
    outer loop
      vertex 46 -61 0
      vertex 53 -49 0
      vertex 53 -65 0
    endloop
  endfacet
  facet normal 0 0 -1
    outer loop
      vertex 45.69406509399414 -46.089237213134766 0
      vertex 53 -49 0
      vertex 46 -49 0
    endloop
  endfacet
  facet normal 0 0 -1
    outer loop
      vertex 47 -66 0
      vertex 53 -65 0
      vertex 47 -70 0
    endloop
  endfacet
  facet normal 0 0 -1
    outer loop
      vertex 57 -65 0
      vertex 47 -70 0
      vertex 53 -65 0
    endloop
  endfacet
  facet normal 0 0 -1
    outer loop
      vertex 7.5 -80 0
      vertex 64.6500015258789 -73.97224426269531 0
      vertex 85.5 -80 0
    endloop
  endfacet
  facet normal 0 0 -1
    outer loop
      vertex 64.6500015258789 -73.97224426269531 0
      vertex 7.5 -80 0
      vertex 47 -70 0
    endloop
  endfacet
  facet normal 0 0 -1
    outer loop
      vertex 17 -70 0
      vertex 14 -65 0
      vertex 17 -66 0
    endloop
  endfacet
  facet normal 0 0 -1
    outer loop
      vertex 8.34999942779541 -71.02775573730469 0
      vertex 17 -70 0
      vertex 9.199999809265137 -72.5 0
    endloop
  endfacet
  facet normal 0 0 -1
    outer loop
      vertex 14 -65 0
      vertex 8.34999942779541 -71.02775573730469 0
      vertex 10 -65 0
    endloop
  endfacet
  facet normal 0 0 -1
    outer loop
      vertex 17 -70 0
      vertex 8.34999942779541 -71.02775573730469 0
      vertex 14 -65 0
    endloop
  endfacet
  facet normal 0 0 -1
    outer loop
      vertex 47 -70 0
      vertex 7.5 -80 0
      vertex 17 -70 0
    endloop
  endfacet
  facet normal 0 0 -1
    outer loop
      vertex 8.34999942779541 -73.97224426269531 0
      vertex 17 -70 0
      vertex 7.5 -80 0
    endloop
  endfacet
  facet normal 0 0 -1
    outer loop
      vertex 17 -70 0
      vertex 8.34999942779541 -73.97224426269531 0
      vertex 9.199999809265137 -72.5 0
    endloop
  endfacet
  facet normal 0 0 -1
    outer loop
      vertex 7.5 -80 0
      vertex 6.649999618530273 -73.97224426269531 0
      vertex 8.34999942779541 -73.97224426269531 0
    endloop
  endfacet
  facet normal 0 0 -1
    outer loop
      vertex 5.558856964111328 -79.74444580078125 0
      vertex 6.649999618530273 -73.97224426269531 0
      vertex 7.5 -80 0
    endloop
  endfacet
  facet normal 0 0 -1
    outer loop
      vertex 2.1966981887817383 -77.80329895019531 0
      vertex 6.649999618530273 -73.97224426269531 0
      vertex 3.75 -78.99519348144531 0
    endloop
  endfacet
  facet normal 0 0 -1
    outer loop
      vertex 3.75 -78.99519348144531 0
      vertex 6.649999618530273 -73.97224426269531 0
      vertex 5.558856964111328 -79.74444580078125 0
    endloop
  endfacet
  facet normal 0 0 -1
    outer loop
      vertex 89.25 -17.004810333251953 0
      vertex 85.5 -16 0
      vertex 87.4411392211914 -16.255558013916016 0
    endloop
  endfacet
  facet normal 0 0 -1
    outer loop
      vertex 67.19999694824219 -23.5 0
      vertex 73 -35 0
      vertex 69 -35 0
    endloop
  endfacet
  facet normal 0 0 -1
    outer loop
      vertex 65 -65 0
      vertex 69 -65 0
      vertex 66.3499984741211 -71.02775573730469 0
    endloop
  endfacet
  facet normal 0 0 -1
    outer loop
      vertex 73 -35 0
      vertex 67.19999694824219 -23.5 0
      vertex 85.5 -16 0
    endloop
  endfacet
  facet normal 0 0 -1
    outer loop
      vertex 66.3499984741211 -22.02775764465332 0
      vertex 85.5 -16 0
      vertex 67.19999694824219 -23.5 0
    endloop
  endfacet
  facet normal 0 0 -1
    outer loop
      vertex 64.6500015258789 -22.02775764465332 0
      vertex 85.5 -16 0
      vertex 66.3499984741211 -22.02775764465332 0
    endloop
  endfacet
  facet normal 0 0 -1
    outer loop
      vertex 61 -65 0
      vertex 57 -49 0
      vertex 61 -35 0
    endloop
  endfacet
  facet normal 0 0 -1
    outer loop
      vertex 57 -45 0
      vertex 61 -35 0
      vertex 57 -49 0
    endloop
  endfacet
  facet normal 0 0 -1
    outer loop
      vertex 57 -25 0
      vertex 61 -35 0
      vertex 57 -45 0
    endloop
  endfacet
  facet normal 0 0 -1
    outer loop
      vertex 61 -35 0
      vertex 57 -25 0
      vertex 63.79999923706055 -23.5 0
    endloop
  endfacet
  facet normal 0 0 -1
    outer loop
      vertex 57 -25 0
      vertex 64.6500015258789 -22.02775764465332 0
      vertex 63.79999923706055 -23.5 0
    endloop
  endfacet
  facet normal 0 0 -1
    outer loop
      vertex 53 -25 0
      vertex 64.6500015258789 -22.02775764465332 0
      vertex 57 -25 0
    endloop
  endfacet
  facet normal 0 0 -1
    outer loop
      vertex 7.5 -16 0
      vertex 64.6500015258789 -22.02775764465332 0
      vertex 53 -25 0
    endloop
  endfacet
  facet normal 0 0 -1
    outer loop
      vertex 46 -61 0
      vertex 53 -65 0
      vertex 47 -66 0
    endloop
  endfacet
  facet normal 0 0 -1
    outer loop
      vertex 45.246978759765625 -59.436336517333984 0
      vertex 53 -49 0
      vertex 46 -61 0
    endloop
  endfacet
  facet normal 0 0 -1
    outer loop
      vertex 53 -49 0
      vertex 45.69406509399414 -46.089237213134766 0
      vertex 53 -45 0
    endloop
  endfacet
  facet normal 0 0 -1
    outer loop
      vertex 53 -45 0
      vertex 46 -37 0
      vertex 53 -25 0
    endloop
  endfacet
  facet normal 0 0 -1
    outer loop
      vertex 45.246978759765625 -35.436336517333984 0
      vertex 53 -25 0
      vertex 46 -37 0
    endloop
  endfacet
  facet normal 0 0 -1
    outer loop
      vertex 43.55495834350586 -35.05014419555664 0
      vertex 53 -25 0
      vertex 45.246978759765625 -35.436336517333984 0
    endloop
  endfacet
  facet normal 0 0 -1
    outer loop
      vertex 36.326236724853516 -35.685211181640625 0
      vertex 43.55495834350586 -35.05014419555664 0
      vertex 42.198062896728516 -36.132232666015625 0
    endloop
  endfacet
  facet normal 0 0 -1
    outer loop
      vertex 39 -36.87564468383789 0
      vertex 42.198062896728516 -36.132232666015625 0
      vertex 40.73933410644531 -38.139347076416016 0
    endloop
  endfacet
  facet normal 0 0 -1
    outer loop
      vertex 36.326236724853516 -35.685211181640625 0
      vertex 42.198062896728516 -36.132232666015625 0
      vertex 39 -36.87564468383789 0
    endloop
  endfacet
  facet normal 0 0 -1
    outer loop
      vertex 43.55495834350586 -35.05014419555664 0
      vertex 36.326236724853516 -35.685211181640625 0
      vertex 53 -25 0
    endloop
  endfacet
  facet normal 0 0 -1
    outer loop
      vertex 33.46339797973633 -35.07669448852539 0
      vertex 53 -25 0
      vertex 36.326236724853516 -35.685211181640625 0
    endloop
  endfacet
  facet normal 0 0 -1
    outer loop
      vertex 7.5 -16 0
      vertex 33.46339797973633 -35.07669448852539 0
      vertex 30.536602020263672 -35.07669448852539 0
    endloop
  endfacet
  facet normal 0 0 -1
    outer loop
      vertex 9.199999809265137 -23.5 0
      vertex 30.536602020263672 -35.07669448852539 0
      vertex 27.67376136779785 -35.685211181640625 0
    endloop
  endfacet
  facet normal 0 0 -1
    outer loop
      vertex 22 -37 0
      vertex 25 -36.87564468383789 0
      vertex 23.260663986206055 -38.139347076416016 0
    endloop
  endfacet
  facet normal 0 0 -1
    outer loop
      vertex 21.246978759765625 -35.436336517333984 0
      vertex 25 -36.87564468383789 0
      vertex 22 -37 0
    endloop
  endfacet
  facet normal 0 0 -1
    outer loop
      vertex 25 -36.87564468383789 0
      vertex 21.246978759765625 -35.436336517333984 0
      vertex 27.67376136779785 -35.685211181640625 0
    endloop
  endfacet
  facet normal 0 0 -1
    outer loop
      vertex 9.199999809265137 -23.5 0
      vertex 27.67376136779785 -35.685211181640625 0
      vertex 21.246978759765625 -35.436336517333984 0
    endloop
  endfacet
  facet normal 0 0 -1
    outer loop
      vertex 9.199999809265137 -23.5 0
      vertex 21.246978759765625 -35.436336517333984 0
      vertex 19.55495834350586 -35.05014419555664 0
    endloop
  endfacet
  facet normal 0 0 -1
    outer loop
      vertex 18.305932998657227 -51.910762786865234 0
      vertex 14 -65 0
      vertex 18 -49 0
    endloop
  endfacet
  facet normal 0 0 -1
    outer loop
      vertex 14 -35 0
      vertex 18 -49 0
      vertex 14 -65 0
    endloop
  endfacet
  facet normal 0 0 -1
    outer loop
      vertex 18.198062896728516 -37.867767333984375 0
      vertex 14 -35 0
      vertex 18.198062896728516 -36.132232666015625 0
    endloop
  endfacet
  facet normal 0 0 -1
    outer loop
      vertex 14 -35 0
      vertex 19.55495834350586 -35.05014419555664 0
      vertex 18.198062896728516 -36.132232666015625 0
    endloop
  endfacet
  facet normal 0 0 -1
    outer loop
      vertex 9.199999809265137 -23.5 0
      vertex 19.55495834350586 -35.05014419555664 0
      vertex 14 -35 0
    endloop
  endfacet
  facet normal 0 0 -1
    outer loop
      vertex 30.536602020263672 -35.07669448852539 0
      vertex 9.199999809265137 -23.5 0
      vertex 7.5 -16 0
    endloop
  endfacet
  facet normal 0 0 -1
    outer loop
      vertex 9.199999809265137 -23.5 0
      vertex 14 -35 0
      vertex 10 -35 0
    endloop
  endfacet
  facet normal 0 0 -1
    outer loop
      vertex 6.649999618530273 -71.02775573730469 0
      vertex 10 -65 0
      vertex 8.34999942779541 -71.02775573730469 0
    endloop
  endfacet
  facet normal 0 0 -1
    outer loop
      vertex 33.46339797973633 -35.07669448852539 0
      vertex 7.5 -16 0
      vertex 53 -25 0
    endloop
  endfacet
  facet normal 0 0 -1
    outer loop
      vertex 7.5 -16 0
      vertex 9.199999809265137 -23.5 0
      vertex 8.34999942779541 -22.02775764465332 0
    endloop
  endfacet
  facet normal 0 0 -1
    outer loop
      vertex 64.6500015258789 -22.02775764465332 0
      vertex 7.5 -16 0
      vertex 85.5 -16 0
    endloop
  endfacet
  facet normal 0 0 -1
    outer loop
      vertex 6.649999618530273 -22.02775764465332 0
      vertex 7.5 -16 0
      vertex 8.34999942779541 -22.02775764465332 0
    endloop
  endfacet
  facet normal 0 0 -1
    outer loop
      vertex 1.0048093795776367 -19.75 0
      vertex 6.649999618530273 -22.02775764465332 0
      vertex 5.799999237060547 -23.5 0
    endloop
  endfacet
  facet normal 0 0 -1
    outer loop
      vertex 6.649999618530273 -22.02775764465332 0
      vertex 5.558856964111328 -16.255558013916016 0
      vertex 7.5 -16 0
    endloop
  endfacet
  facet normal 0 0 -1
    outer loop
      vertex 10 -35 0
      vertex 0 -23.5 0
      vertex 6.649999618530273 -24.972244262695312 0
    endloop
  endfacet
  facet normal 0 0 -1
    outer loop
      vertex 1.0048093795776367 -76.25 0
      vertex 6.649999618530273 -73.97224426269531 0
      vertex 2.1966981887817383 -77.80329895019531 0
    endloop
  endfacet
  facet normal 0 0 -1
    outer loop
      vertex 6.649999618530273 -24.972244262695312 0
      vertex 0 -23.5 0
      vertex 5.799999237060547 -23.5 0
    endloop
  endfacet
  facet normal 0 0 -1
    outer loop
      vertex 6.649999618530273 -73.97224426269531 0
      vertex 1.0048093795776367 -76.25 0
      vertex 5.799999237060547 -72.5 0
    endloop
  endfacet
  facet normal 0 0 -1
    outer loop
      vertex 0.2555561065673828 -21.558856964111328 0
      vertex 5.799999237060547 -23.5 0
      vertex 0 -23.5 0
    endloop
  endfacet
  facet normal 0 0 -1
    outer loop
      vertex 0.2555561065673828 -74.44114685058594 0
      vertex 5.799999237060547 -72.5 0
      vertex 1.0048093795776367 -76.25 0
    endloop
  endfacet
  facet normal 0 0 -1
    outer loop
      vertex 6.649999618530273 -22.02775764465332 0
      vertex 3.75 -17.004810333251953 0
      vertex 5.558856964111328 -16.255558013916016 0
    endloop
  endfacet
  facet normal 0 0 -1
    outer loop
      vertex 5.799999237060547 -72.5 0
      vertex 0.2555561065673828 -74.44114685058594 0
      vertex 0 -72.5 0
    endloop
  endfacet
  facet normal 0 0 -1
    outer loop
      vertex 6.649999618530273 -22.02775764465332 0
      vertex 2.1966981887817383 -18.196699142456055 0
      vertex 3.75 -17.004810333251953 0
    endloop
  endfacet
  facet normal 0 0 -1
    outer loop
      vertex 6.649999618530273 -22.02775764465332 0
      vertex 1.0048093795776367 -19.75 0
      vertex 2.1966981887817383 -18.196699142456055 0
    endloop
  endfacet
  facet normal 0 0 -1
    outer loop
      vertex 5.799999237060547 -23.5 0
      vertex 0.2555561065673828 -21.558856964111328 0
      vertex 1.0048093795776367 -19.75 0
    endloop
  endfacet
  facet normal 0 0 -1
    outer loop
      vertex 69 -35 0
      vertex 66.3499984741211 -24.972244262695312 0
      vertex 67.19999694824219 -23.5 0
    endloop
  endfacet
  facet normal 0 0 -1
    outer loop
      vertex 65 -35 0
      vertex 64.6500015258789 -24.972244262695312 0
      vertex 66.3499984741211 -24.972244262695312 0
    endloop
  endfacet
  facet normal 0 0 -1
    outer loop
      vertex 61 -35 0
      vertex 64.6500015258789 -24.972244262695312 0
      vertex 65 -35 0
    endloop
  endfacet
  facet normal 0 0 -1
    outer loop
      vertex 64.6500015258789 -24.972244262695312 0
      vertex 61 -35 0
      vertex 63.79999923706055 -23.5 0
    endloop
  endfacet
  facet normal -0.8412544180566522 0.5406394400153981 0
    outer loop
      vertex 4.1417741775512695 -71.5139389038086 8
      vertex 5.207986831665039 -69.85487365722656 22
      vertex 5.207986831665039 -69.85487365722656 8
    endloop
  endfacet
  facet normal -0.8412544180566522 0.5406394400153981 0
    outer loop
      vertex 5.207986831665039 -69.85487365722656 22
      vertex 4.1417741775512695 -71.5139389038086 8
      vertex 4.1417741775512695 -71.5139389038086 22
    endloop
  endfacet
  facet normal -1 0 0
    outer loop
      vertex 4.1417741775512695 -22.51393699645996 4
      vertex 4.1417741775512695 -24.486064910888672 8
      vertex 4.1417741775512695 -22.51393699645996 22
    endloop
  endfacet
  facet normal -1 0 0
    outer loop
      vertex 4.1417741775512695 -22.51393699645996 4
      vertex 4.1417741775512695 -71.5139389038086 8
      vertex 4.1417741775512695 -24.486064910888672 8
    endloop
  endfacet
  facet normal -1 0 0
    outer loop
      vertex 4.1417741775512695 -73.4860610961914 4
      vertex 4.1417741775512695 -71.5139389038086 8
      vertex 4.1417741775512695 -22.51393699645996 4
    endloop
  endfacet
  facet normal -1 0 0
    outer loop
      vertex 4.1417741775512695 -73.4860610961914 22
      vertex 4.1417741775512695 -71.5139389038086 8
      vertex 4.1417741775512695 -73.4860610961914 4
    endloop
  endfacet
  facet normal -1 0 0
    outer loop
      vertex 4.1417741775512695 -71.5139389038086 8
      vertex 4.1417741775512695 -73.4860610961914 22
      vertex 4.1417741775512695 -71.5139389038086 22
    endloop
  endfacet
  facet normal -1 0 0
    outer loop
      vertex 4.1417741775512695 -22.51393699645996 22
      vertex 4.1417741775512695 -24.486064910888672 8
      vertex 4.1417741775512695 -24.486064910888672 22
    endloop
  endfacet
  facet normal -0.4154112153667695 0.9096337296667838 0
    outer loop
      vertex 65.00189971923828 -69.03562927246094 4
      vertex 63.207984924316406 -69.85487365722656 22
      vertex 65.00189971923828 -69.03562927246094 22
    endloop
  endfacet
  facet normal -0.4154112153667695 0.9096337296667838 0
    outer loop
      vertex 63.207984924316406 -69.85487365722656 22
      vertex 65.00189971923828 -69.03562927246094 4
      vertex 63.207984924316406 -69.85487365722656 4
    endloop
  endfacet
  facet normal 0.6548583672641289 0.7557516250886658 0
    outer loop
      vertex 68.44438934326172 -70.60775756835938 4
      vertex 66.95394897460938 -69.31629180908203 22
      vertex 68.44438934326172 -70.60775756835938 22
    endloop
  endfacet
  facet normal 0.6548583672641289 0.7557516250886658 0
    outer loop
      vertex 66.95394897460938 -69.31629180908203 22
      vertex 68.44438934326172 -70.60775756835938 4
      vertex 66.95394897460938 -69.31629180908203 4
    endloop
  endfacet
  facet normal 0.9594933487774503 0.2817312791506012 0
    outer loop
      vertex 68.44438934326172 -70.60775756835938 22
      vertex 68.96228790283203 -72.37156677246094 8
      vertex 68.44438934326172 -70.60775756835938 4
    endloop
  endfacet
  facet normal 0.9594932275034083 0.281731692173759 -5.652154992679432e-8
    outer loop
      vertex 69 -72.5 22
      vertex 68.96228790283203 -72.37156677246094 8
      vertex 68.44438934326172 -70.60775756835938 22
    endloop
  endfacet
  facet normal 0.9594915619984242 0.2817373643197226 0
    outer loop
      vertex 68.96228790283203 -72.37156677246094 8
      vertex 69 -72.5 22
      vertex 69 -72.5 8
    endloop
  endfacet
  facet normal 0.9594933487774504 0.2817312791506012 0
    outer loop
      vertex 68.44438934326172 -70.60775756835938 4
      vertex 68.96228790283203 -72.37156677246094 8
      vertex 68.96228790283203 -72.37156677246094 4
    endloop
  endfacet
  facet normal 0.14231494999801575 0.9898214258173352 0
    outer loop
      vertex 66.95394897460938 -69.31629180908203 4
      vertex 65.00189971923828 -69.03562927246094 22
      vertex 66.95394897460938 -69.31629180908203 22
    endloop
  endfacet
  facet normal 0.14231494999801575 0.9898214258173352 0
    outer loop
      vertex 65.00189971923828 -69.03562927246094 22
      vertex 66.95394897460938 -69.31629180908203 4
      vertex 65.00189971923828 -69.03562927246094 4
    endloop
  endfacet
  facet normal 0.9594932275034098 -0.28173169217375943 0
    outer loop
      vertex 68.44438934326172 -74.39224243164062 22
      vertex 69 -72.5 8
      vertex 69 -72.5 22
    endloop
  endfacet
  facet normal 0.9594932275034098 -0.28173169217375943 0
    outer loop
      vertex 69 -72.5 8
      vertex 68.44438934326172 -74.39224243164062 22
      vertex 68.44438934326172 -74.39224243164062 8
    endloop
  endfacet
  facet normal 0.14231494999801575 -0.9898214258173351 0
    outer loop
      vertex 65.00189971923828 -75.9643783569336 8
      vertex 66.95394897460938 -75.6837158203125 22
      vertex 65.00189971923828 -75.9643783569336 22
    endloop
  endfacet
  facet normal 0.14231494999801575 -0.9898214258173351 0
    outer loop
      vertex 66.95394897460938 -75.6837158203125 22
      vertex 65.00189971923828 -75.9643783569336 8
      vertex 66.95394897460938 -75.6837158203125 8
    endloop
  endfacet
  facet normal -0.8412546379940273 -0.5406390977847774 0
    outer loop
      vertex 63.207984924316406 -75.14512634277344 8
      vertex 62.14177322387695 -73.4860610961914 22
      vertex 62.14177322387695 -73.4860610961914 8
    endloop
  endfacet
  facet normal -0.8412546379940273 -0.5406390977847774 0
    outer loop
      vertex 62.14177322387695 -73.4860610961914 22
      vertex 63.207984924316406 -75.14512634277344 8
      vertex 63.207984924316406 -75.14512634277344 22
    endloop
  endfacet
  facet normal 0.6548605768510346 -0.7557497104771727 0
    outer loop
      vertex 66.95394897460938 -75.6837158203125 8
      vertex 68.44438934326172 -74.39224243164062 22
      vertex 66.95394897460938 -75.6837158203125 22
    endloop
  endfacet
  facet normal 0.6548605768510346 -0.7557497104771727 0
    outer loop
      vertex 68.44438934326172 -74.39224243164062 22
      vertex 66.95394897460938 -75.6837158203125 8
      vertex 68.44438934326172 -74.39224243164062 8
    endloop
  endfacet
  facet normal -0.415414416375677 -0.9096322678243421 0
    outer loop
      vertex 63.207984924316406 -75.14512634277344 8
      vertex 65.00189971923828 -75.9643783569336 22
      vertex 63.207984924316406 -75.14512634277344 22
    endloop
  endfacet
  facet normal -0.415414416375677 -0.9096322678243421 0
    outer loop
      vertex 65.00189971923828 -75.9643783569336 22
      vertex 63.207984924316406 -75.14512634277344 8
      vertex 65.00189971923828 -75.9643783569336 8
    endloop
  endfacet
  facet normal -0.8412546379940273 0.5406390977847773 0
    outer loop
      vertex 62.14177322387695 -71.5139389038086 4
      vertex 63.207984924316406 -69.85487365722656 22
      vertex 63.207984924316406 -69.85487365722656 4
    endloop
  endfacet
  facet normal -0.8412546379940273 0.5406390977847773 0
    outer loop
      vertex 63.207984924316406 -69.85487365722656 22
      vertex 62.14177322387695 -71.5139389038086 4
      vertex 62.14177322387695 -71.5139389038086 22
    endloop
  endfacet
  facet normal -1 0 0
    outer loop
      vertex 62.14177322387695 -72.37156677246094 8
      vertex 62.14177322387695 -71.5139389038086 4
      vertex 62.14177322387695 -72.37156677246094 4
    endloop
  endfacet
  facet normal -1 0 0
    outer loop
      vertex 62.14177322387695 -71.5139389038086 4
      vertex 62.14177322387695 -72.37156677246094 8
      vertex 62.14177322387695 -71.5139389038086 22
    endloop
  endfacet
  facet normal -1 0 0
    outer loop
      vertex 62.14177322387695 -73.4860610961914 22
      vertex 62.14177322387695 -72.37156677246094 8
      vertex 62.14177322387695 -73.4860610961914 8
    endloop
  endfacet
  facet normal -1 0 0
    outer loop
      vertex 62.14177322387695 -72.37156677246094 8
      vertex 62.14177322387695 -73.4860610961914 22
      vertex 62.14177322387695 -71.5139389038086 22
    endloop
  endfacet
  facet normal 0 0 1
    outer loop
      vertex 67.19999694824219 -72.5 22
      vertex 69 -72.5 22
      vertex 68.44438934326172 -70.60775756835938 22
    endloop
  endfacet
  facet normal 0 0 1
    outer loop
      vertex 69 -72.5 22
      vertex 67.19999694824219 -72.5 22
      vertex 68.44438934326172 -74.39224243164062 22
    endloop
  endfacet
  facet normal 0 0 1
    outer loop
      vertex 66.3499984741211 -71.02775573730469 22
      vertex 68.44438934326172 -70.60775756835938 22
      vertex 66.95394897460938 -69.31629180908203 22
    endloop
  endfacet
  facet normal 0 0 1
    outer loop
      vertex 68.44438934326172 -70.60775756835938 22
      vertex 66.3499984741211 -71.02775573730469 22
      vertex 67.19999694824219 -72.5 22
    endloop
  endfacet
  facet normal 0 0 1
    outer loop
      vertex 65.00189971923828 -69.03562927246094 22
      vertex 66.3499984741211 -71.02775573730469 22
      vertex 66.95394897460938 -69.31629180908203 22
    endloop
  endfacet
  facet normal 0 0 1
    outer loop
      vertex 65.00189971923828 -69.03562927246094 22
      vertex 64.6500015258789 -71.02775573730469 22
      vertex 66.3499984741211 -71.02775573730469 22
    endloop
  endfacet
  facet normal 0 0 1
    outer loop
      vertex 63.207984924316406 -69.85487365722656 22
      vertex 64.6500015258789 -71.02775573730469 22
      vertex 65.00189971923828 -69.03562927246094 22
    endloop
  endfacet
  facet normal 0 0 1
    outer loop
      vertex 62.14177322387695 -71.5139389038086 22
      vertex 64.6500015258789 -71.02775573730469 22
      vertex 63.207984924316406 -69.85487365722656 22
    endloop
  endfacet
  facet normal 0 0 1
    outer loop
      vertex 66.3499984741211 -73.97224426269531 22
      vertex 68.44438934326172 -74.39224243164062 22
      vertex 67.19999694824219 -72.5 22
    endloop
  endfacet
  facet normal 0 0 1
    outer loop
      vertex 68.44438934326172 -74.39224243164062 22
      vertex 66.3499984741211 -73.97224426269531 22
      vertex 66.95394897460938 -75.6837158203125 22
    endloop
  endfacet
  facet normal 0 0 1
    outer loop
      vertex 66.3499984741211 -73.97224426269531 22
      vertex 65.00189971923828 -75.9643783569336 22
      vertex 66.95394897460938 -75.6837158203125 22
    endloop
  endfacet
  facet normal 0 0 1
    outer loop
      vertex 64.6500015258789 -73.97224426269531 22
      vertex 65.00189971923828 -75.9643783569336 22
      vertex 66.3499984741211 -73.97224426269531 22
    endloop
  endfacet
  facet normal 0 0 1
    outer loop
      vertex 62.14177322387695 -73.4860610961914 22
      vertex 64.6500015258789 -73.97224426269531 22
      vertex 63.79999923706055 -72.5 22
    endloop
  endfacet
  facet normal 0 0 1
    outer loop
      vertex 64.6500015258789 -73.97224426269531 22
      vertex 63.207984924316406 -75.14512634277344 22
      vertex 65.00189971923828 -75.9643783569336 22
    endloop
  endfacet
  facet normal 0 0 1
    outer loop
      vertex 64.6500015258789 -71.02775573730469 22
      vertex 62.14177322387695 -71.5139389038086 22
      vertex 63.79999923706055 -72.5 22
    endloop
  endfacet
  facet normal 0 0 1
    outer loop
      vertex 62.14177322387695 -73.4860610961914 22
      vertex 63.79999923706055 -72.5 22
      vertex 62.14177322387695 -71.5139389038086 22
    endloop
  endfacet
  facet normal 0 0 1
    outer loop
      vertex 64.6500015258789 -73.97224426269531 22
      vertex 62.14177322387695 -73.4860610961914 22
      vertex 63.207984924316406 -75.14512634277344 22
    endloop
  endfacet
  facet normal -0.4154151472996912 0.909631934022754 0
    outer loop
      vertex 7.001897811889648 -20.035625457763672 8
      vertex 5.207986831665039 -20.854877471923828 22
      vertex 7.001897811889648 -20.035625457763672 22
    endloop
  endfacet
  facet normal -0.4154151472996912 0.909631934022754 0
    outer loop
      vertex 5.207986831665039 -20.854877471923828 4
      vertex 7.001897811889648 -20.035625457763672 8
      vertex 7.001897811889648 -20.035625457763672 4
    endloop
  endfacet
  facet normal -0.4154151472996912 0.9096319340227539 0
    outer loop
      vertex 7.001897811889648 -20.035625457763672 8
      vertex 5.207986831665039 -20.854877471923828 4
      vertex 5.207986831665039 -20.854877471923828 22
    endloop
  endfacet
  facet normal 0.6548609080202675 0.7557494235173923 0
    outer loop
      vertex 10.44438648223877 -21.607757568359375 8
      vertex 8.953951835632324 -20.316287994384766 22
      vertex 10.44438648223877 -21.607757568359375 22
    endloop
  endfacet
  facet normal 0.6548609080202675 0.7557494235173923 0
    outer loop
      vertex 8.953951835632324 -20.316287994384766 22
      vertex 10.44438648223877 -21.607757568359375 8
      vertex 8.953951835632324 -20.316287994384766 8
    endloop
  endfacet
  facet normal 0.9594928353419165 0.2817330277541663 0
    outer loop
      vertex 11 -23.5 22
      vertex 10.44438648223877 -21.607757568359375 8
      vertex 10.44438648223877 -21.607757568359375 22
    endloop
  endfacet
  facet normal 0.9594928353419165 0.2817330277541663 0
    outer loop
      vertex 10.44438648223877 -21.607757568359375 8
      vertex 11 -23.5 22
      vertex 11 -23.5 8
    endloop
  endfacet
  facet normal 0.14231460939968446 0.9898214747879616 0
    outer loop
      vertex 8.953951835632324 -20.316287994384766 8
      vertex 7.001897811889648 -20.035625457763672 22
      vertex 8.953951835632324 -20.316287994384766 22
    endloop
  endfacet
  facet normal 0.14231460939968446 0.9898214747879616 0
    outer loop
      vertex 7.001897811889648 -20.035625457763672 22
      vertex 8.953951835632324 -20.316287994384766 8
      vertex 7.001897811889648 -20.035625457763672 8
    endloop
  endfacet
  facet normal 0.9594922065471949 -0.2817351692195971 0
    outer loop
      vertex 11 -23.5 22
      vertex 10.925027847290039 -23.755329132080078 8
      vertex 11 -23.5 8
    endloop
  endfacet
  facet normal 0.9594928353419157 -0.28173302775416603 -4.2422900266345126e-8
    outer loop
      vertex 10.44438648223877 -25.392242431640625 22
      vertex 10.925027847290039 -23.755329132080078 8
      vertex 11 -23.5 22
    endloop
  endfacet
  facet normal 0.9594929334222649 -0.2817326937235666 0
    outer loop
      vertex 10.44438648223877 -25.392242431640625 4
      vertex 10.925027847290039 -23.755329132080078 8
      vertex 10.44438648223877 -25.392242431640625 22
    endloop
  endfacet
  facet normal 0.959492933422265 -0.2817326937235666 0
    outer loop
      vertex 10.925027847290039 -23.755329132080078 8
      vertex 10.44438648223877 -25.392242431640625 4
      vertex 10.925027847290039 -23.755329132080078 4
    endloop
  endfacet
  facet normal 0.1423138786188535 -0.9898215798579348 0
    outer loop
      vertex 7.713326454162598 -26.86208724975586 8
      vertex 7.001897811889648 -26.964374542236328 22
      vertex 7.001897811889648 -26.964374542236328 8
    endloop
  endfacet
  facet normal 0.14231460939968435 -0.9898214747879608 3.790326696182466e-8
    outer loop
      vertex 7.001897811889648 -26.964374542236328 22
      vertex 7.713326454162598 -26.86208724975586 8
      vertex 8.953951835632324 -26.683712005615234 22
    endloop
  endfacet
  facet normal 0.14231502846114483 -0.989821414536028 0
    outer loop
      vertex 8.953951835632324 -26.683712005615234 4
      vertex 7.713326454162598 -26.86208724975586 8
      vertex 7.713326454162598 -26.86208724975586 4
    endloop
  endfacet
  facet normal 0.14231502846114483 -0.9898214145360281 0
    outer loop
      vertex 7.713326454162598 -26.86208724975586 8
      vertex 8.953951835632324 -26.683712005615234 4
      vertex 8.953951835632324 -26.683712005615234 22
    endloop
  endfacet
  facet normal -0.8412535699855433 -0.5406407596422771 0
    outer loop
      vertex 5.207986831665039 -26.145124435424805 8
      vertex 4.1417741775512695 -24.486064910888672 22
      vertex 4.1417741775512695 -24.486064910888672 8
    endloop
  endfacet
  facet normal -0.8412535699855433 -0.5406407596422771 0
    outer loop
      vertex 4.1417741775512695 -24.486064910888672 22
      vertex 5.207986831665039 -26.145124435424805 8
      vertex 5.207986831665039 -26.145124435424805 22
    endloop
  endfacet
  facet normal 0.6548609080202675 -0.7557494235173923 0
    outer loop
      vertex 8.953951835632324 -26.683712005615234 4
      vertex 10.44438648223877 -25.392242431640625 22
      vertex 8.953951835632324 -26.683712005615234 22
    endloop
  endfacet
  facet normal 0.6548609080202675 -0.7557494235173923 0
    outer loop
      vertex 10.44438648223877 -25.392242431640625 22
      vertex 8.953951835632324 -26.683712005615234 4
      vertex 10.44438648223877 -25.392242431640625 4
    endloop
  endfacet
  facet normal -0.41541434704809044 -0.9096322994851318 0
    outer loop
      vertex 5.207986831665039 -26.145124435424805 8
      vertex 7.001897811889648 -26.964374542236328 22
      vertex 5.207986831665039 -26.145124435424805 22
    endloop
  endfacet
  facet normal -0.41541434704809044 -0.9096322994851318 0
    outer loop
      vertex 7.001897811889648 -26.964374542236328 22
      vertex 5.207986831665039 -26.145124435424805 8
      vertex 7.001897811889648 -26.964374542236328 8
    endloop
  endfacet
  facet normal 0 0 1
    outer loop
      vertex 9.199999809265137 -23.5 22
      vertex 11 -23.5 22
      vertex 10.44438648223877 -21.607757568359375 22
    endloop
  endfacet
  facet normal 0 0 1
    outer loop
      vertex 11 -23.5 22
      vertex 9.199999809265137 -23.5 22
      vertex 10.44438648223877 -25.392242431640625 22
    endloop
  endfacet
  facet normal 0 0 1
    outer loop
      vertex 8.34999942779541 -22.02775764465332 22
      vertex 10.44438648223877 -21.607757568359375 22
      vertex 8.953951835632324 -20.316287994384766 22
    endloop
  endfacet
  facet normal 0 0 1
    outer loop
      vertex 10.44438648223877 -21.607757568359375 22
      vertex 8.34999942779541 -22.02775764465332 22
      vertex 9.199999809265137 -23.5 22
    endloop
  endfacet
  facet normal 0 0 1
    outer loop
      vertex 7.001897811889648 -20.035625457763672 22
      vertex 8.34999942779541 -22.02775764465332 22
      vertex 8.953951835632324 -20.316287994384766 22
    endloop
  endfacet
  facet normal 0 0 1
    outer loop
      vertex 7.001897811889648 -20.035625457763672 22
      vertex 6.649999618530273 -22.02775764465332 22
      vertex 8.34999942779541 -22.02775764465332 22
    endloop
  endfacet
  facet normal 0 0 1
    outer loop
      vertex 5.207986831665039 -20.854877471923828 22
      vertex 6.649999618530273 -22.02775764465332 22
      vertex 7.001897811889648 -20.035625457763672 22
    endloop
  endfacet
  facet normal 0 0 1
    outer loop
      vertex 4.1417741775512695 -22.51393699645996 22
      vertex 6.649999618530273 -22.02775764465332 22
      vertex 5.207986831665039 -20.854877471923828 22
    endloop
  endfacet
  facet normal 0 0 1
    outer loop
      vertex 8.34999942779541 -24.972244262695312 22
      vertex 10.44438648223877 -25.392242431640625 22
      vertex 9.199999809265137 -23.5 22
    endloop
  endfacet
  facet normal 0 0 1
    outer loop
      vertex 10.44438648223877 -25.392242431640625 22
      vertex 8.34999942779541 -24.972244262695312 22
      vertex 8.953951835632324 -26.683712005615234 22
    endloop
  endfacet
  facet normal 0 0 1
    outer loop
      vertex 8.34999942779541 -24.972244262695312 22
      vertex 7.001897811889648 -26.964374542236328 22
      vertex 8.953951835632324 -26.683712005615234 22
    endloop
  endfacet
  facet normal 0 0 1
    outer loop
      vertex 6.649999618530273 -24.972244262695312 22
      vertex 7.001897811889648 -26.964374542236328 22
      vertex 8.34999942779541 -24.972244262695312 22
    endloop
  endfacet
  facet normal 0 0 1
    outer loop
      vertex 4.1417741775512695 -24.486064910888672 22
      vertex 6.649999618530273 -24.972244262695312 22
      vertex 5.799999237060547 -23.5 22
    endloop
  endfacet
  facet normal 0 0 1
    outer loop
      vertex 6.649999618530273 -24.972244262695312 22
      vertex 5.207986831665039 -26.145124435424805 22
      vertex 7.001897811889648 -26.964374542236328 22
    endloop
  endfacet
  facet normal 0 0 1
    outer loop
      vertex 6.649999618530273 -22.02775764465332 22
      vertex 4.1417741775512695 -22.51393699645996 22
      vertex 5.799999237060547 -23.5 22
    endloop
  endfacet
  facet normal 0 0 1
    outer loop
      vertex 4.1417741775512695 -24.486064910888672 22
      vertex 5.799999237060547 -23.5 22
      vertex 4.1417741775512695 -22.51393699645996 22
    endloop
  endfacet
  facet normal 0 0 1
    outer loop
      vertex 6.649999618530273 -24.972244262695312 22
      vertex 4.1417741775512695 -24.486064910888672 22
      vertex 5.207986831665039 -26.145124435424805 22
    endloop
  endfacet
  facet normal -0.8412535699855433 0.5406407596422772 0
    outer loop
      vertex 4.1417741775512695 -22.51393699645996 4
      vertex 5.207986831665039 -20.854877471923828 22
      vertex 5.207986831665039 -20.854877471923828 4
    endloop
  endfacet
  facet normal -0.8412535699855433 0.5406407596422772 0
    outer loop
      vertex 5.207986831665039 -20.854877471923828 22
      vertex 4.1417741775512695 -22.51393699645996 4
      vertex 4.1417741775512695 -22.51393699645996 22
    endloop
  endfacet
  facet normal -0.415414416375677 0.9096322678243421 0
    outer loop
      vertex 65.00189971923828 -20.035625457763672 8
      vertex 63.207984924316406 -20.854877471923828 22
      vertex 65.00189971923828 -20.035625457763672 22
    endloop
  endfacet
  facet normal -0.415414416375677 0.9096322678243421 0
    outer loop
      vertex 63.207984924316406 -20.854877471923828 22
      vertex 65.00189971923828 -20.035625457763672 8
      vertex 63.207984924316406 -20.854877471923828 8
    endloop
  endfacet
  facet normal 0.6548594720596809 0.7557506677825141 0
    outer loop
      vertex 68.44438934326172 -21.607757568359375 8
      vertex 66.95394897460938 -20.316287994384766 22
      vertex 68.44438934326172 -21.607757568359375 22
    endloop
  endfacet
  facet normal 0.6548594720596809 0.7557506677825141 0
    outer loop
      vertex 66.95394897460938 -20.316287994384766 22
      vertex 68.44438934326172 -21.607757568359375 8
      vertex 66.95394897460938 -20.316287994384766 8
    endloop
  endfacet
  facet normal 0.9594932275034098 0.28173169217375943 0
    outer loop
      vertex 69 -23.5 22
      vertex 68.44438934326172 -21.607757568359375 8
      vertex 68.44438934326172 -21.607757568359375 22
    endloop
  endfacet
  facet normal 0.9594932275034098 0.28173169217375943 0
    outer loop
      vertex 68.44438934326172 -21.607757568359375 8
      vertex 69 -23.5 22
      vertex 69 -23.5 8
    endloop
  endfacet
  facet normal 0.14231494999801575 0.9898214258173351 0
    outer loop
      vertex 66.95394897460938 -20.316287994384766 8
      vertex 65.00189971923828 -20.035625457763672 22
      vertex 66.95394897460938 -20.316287994384766 22
    endloop
  endfacet
  facet normal 0.14231494999801575 0.9898214258173351 0
    outer loop
      vertex 65.00189971923828 -20.035625457763672 22
      vertex 66.95394897460938 -20.316287994384766 8
      vertex 65.00189971923828 -20.035625457763672 8
    endloop
  endfacet
  facet normal 0.9594938240105217 -0.28172966064237187 0
    outer loop
      vertex 69 -23.5 22
      vertex 68.96228790283203 -23.628437042236328 8
      vertex 69 -23.5 8
    endloop
  endfacet
  facet normal 0.9594932275034096 -0.2817316921737594 2.0244244057144467e-8
    outer loop
      vertex 68.44438934326172 -25.392242431640625 22
      vertex 68.96228790283203 -23.628437042236328 8
      vertex 69 -23.5 22
    endloop
  endfacet
  facet normal 0.9594931840667275 -0.2817318401059651 0
    outer loop
      vertex 68.44438934326172 -25.392242431640625 4
      vertex 68.96228790283203 -23.628437042236328 8
      vertex 68.44438934326172 -25.392242431640625 22
    endloop
  endfacet
  facet normal 0.9594931840667275 -0.2817318401059651 0
    outer loop
      vertex 68.96228790283203 -23.628437042236328 8
      vertex 68.44438934326172 -25.392242431640625 4
      vertex 68.96228790283203 -23.628437042236328 4
    endloop
  endfacet
  facet normal 0.14231494999801575 -0.9898214258173352 0
    outer loop
      vertex 65.00189971923828 -26.964374542236328 4
      vertex 66.95394897460938 -26.683712005615234 22
      vertex 65.00189971923828 -26.964374542236328 22
    endloop
  endfacet
  facet normal 0.14231494999801575 -0.9898214258173352 0
    outer loop
      vertex 66.95394897460938 -26.683712005615234 22
      vertex 65.00189971923828 -26.964374542236328 4
      vertex 66.95394897460938 -26.683712005615234 4
    endloop
  endfacet
  facet normal -0.8412537899237704 -0.5406404174115109 0
    outer loop
      vertex 63.207984924316406 -26.145124435424805 4
      vertex 62.14177322387695 -24.486064910888672 22
      vertex 62.14177322387695 -24.486064910888672 4
    endloop
  endfacet
  facet normal -0.8412537899237704 -0.5406404174115109 0
    outer loop
      vertex 62.14177322387695 -24.486064910888672 22
      vertex 63.207984924316406 -26.145124435424805 4
      vertex 63.207984924316406 -26.145124435424805 22
    endloop
  endfacet
  facet normal 0.6548594720596809 -0.7557506677825141 0
    outer loop
      vertex 66.95394897460938 -26.683712005615234 4
      vertex 68.44438934326172 -25.392242431640625 22
      vertex 66.95394897460938 -26.683712005615234 22
    endloop
  endfacet
  facet normal 0.6548594720596809 -0.7557506677825141 0
    outer loop
      vertex 68.44438934326172 -25.392242431640625 22
      vertex 66.95394897460938 -26.683712005615234 4
      vertex 68.44438934326172 -25.392242431640625 4
    endloop
  endfacet
  facet normal -0.4154136161248969 -0.909632633285568 0
    outer loop
      vertex 63.207984924316406 -26.145124435424805 4
      vertex 65.00189971923828 -26.964374542236328 22
      vertex 63.207984924316406 -26.145124435424805 22
    endloop
  endfacet
  facet normal -0.4154136161248969 -0.909632633285568 0
    outer loop
      vertex 65.00189971923828 -26.964374542236328 22
      vertex 63.207984924316406 -26.145124435424805 4
      vertex 65.00189971923828 -26.964374542236328 4
    endloop
  endfacet
  facet normal 0 0 1
    outer loop
      vertex 67.19999694824219 -23.5 22
      vertex 69 -23.5 22
      vertex 68.44438934326172 -21.607757568359375 22
    endloop
  endfacet
  facet normal 0 0 1
    outer loop
      vertex 69 -23.5 22
      vertex 67.19999694824219 -23.5 22
      vertex 68.44438934326172 -25.392242431640625 22
    endloop
  endfacet
  facet normal 0 0 1
    outer loop
      vertex 66.3499984741211 -22.02775764465332 22
      vertex 68.44438934326172 -21.607757568359375 22
      vertex 66.95394897460938 -20.316287994384766 22
    endloop
  endfacet
  facet normal 0 0 1
    outer loop
      vertex 68.44438934326172 -21.607757568359375 22
      vertex 66.3499984741211 -22.02775764465332 22
      vertex 67.19999694824219 -23.5 22
    endloop
  endfacet
  facet normal 0 0 1
    outer loop
      vertex 65.00189971923828 -20.035625457763672 22
      vertex 66.3499984741211 -22.02775764465332 22
      vertex 66.95394897460938 -20.316287994384766 22
    endloop
  endfacet
  facet normal 0 0 1
    outer loop
      vertex 65.00189971923828 -20.035625457763672 22
      vertex 64.6500015258789 -22.02775764465332 22
      vertex 66.3499984741211 -22.02775764465332 22
    endloop
  endfacet
  facet normal 0 0 1
    outer loop
      vertex 63.207984924316406 -20.854877471923828 22
      vertex 64.6500015258789 -22.02775764465332 22
      vertex 65.00189971923828 -20.035625457763672 22
    endloop
  endfacet
  facet normal 0 0 1
    outer loop
      vertex 62.14177322387695 -22.51393699645996 22
      vertex 64.6500015258789 -22.02775764465332 22
      vertex 63.207984924316406 -20.854877471923828 22
    endloop
  endfacet
  facet normal 0 0 1
    outer loop
      vertex 66.3499984741211 -24.972244262695312 22
      vertex 68.44438934326172 -25.392242431640625 22
      vertex 67.19999694824219 -23.5 22
    endloop
  endfacet
  facet normal 0 0 1
    outer loop
      vertex 68.44438934326172 -25.392242431640625 22
      vertex 66.3499984741211 -24.972244262695312 22
      vertex 66.95394897460938 -26.683712005615234 22
    endloop
  endfacet
  facet normal 0 0 1
    outer loop
      vertex 66.3499984741211 -24.972244262695312 22
      vertex 65.00189971923828 -26.964374542236328 22
      vertex 66.95394897460938 -26.683712005615234 22
    endloop
  endfacet
  facet normal 0 0 1
    outer loop
      vertex 64.6500015258789 -24.972244262695312 22
      vertex 65.00189971923828 -26.964374542236328 22
      vertex 66.3499984741211 -24.972244262695312 22
    endloop
  endfacet
  facet normal 0 0 1
    outer loop
      vertex 62.14177322387695 -24.486064910888672 22
      vertex 64.6500015258789 -24.972244262695312 22
      vertex 63.79999923706055 -23.5 22
    endloop
  endfacet
  facet normal 0 0 1
    outer loop
      vertex 64.6500015258789 -24.972244262695312 22
      vertex 63.207984924316406 -26.145124435424805 22
      vertex 65.00189971923828 -26.964374542236328 22
    endloop
  endfacet
  facet normal 0 0 1
    outer loop
      vertex 64.6500015258789 -22.02775764465332 22
      vertex 62.14177322387695 -22.51393699645996 22
      vertex 63.79999923706055 -23.5 22
    endloop
  endfacet
  facet normal 0 0 1
    outer loop
      vertex 62.14177322387695 -24.486064910888672 22
      vertex 63.79999923706055 -23.5 22
      vertex 62.14177322387695 -22.51393699645996 22
    endloop
  endfacet
  facet normal 0 0 1
    outer loop
      vertex 64.6500015258789 -24.972244262695312 22
      vertex 62.14177322387695 -24.486064910888672 22
      vertex 63.207984924316406 -26.145124435424805 22
    endloop
  endfacet
  facet normal -0.8412537899237704 0.5406404174115109 0
    outer loop
      vertex 62.14177322387695 -22.51393699645996 8
      vertex 63.207984924316406 -20.854877471923828 22
      vertex 63.207984924316406 -20.854877471923828 8
    endloop
  endfacet
  facet normal -0.8412537899237704 0.5406404174115109 0
    outer loop
      vertex 63.207984924316406 -20.854877471923828 22
      vertex 62.14177322387695 -22.51393699645996 8
      vertex 62.14177322387695 -22.51393699645996 22
    endloop
  endfacet
  facet normal -1 0 0
    outer loop
      vertex 62.14177322387695 -23.628437042236328 4
      vertex 62.14177322387695 -24.486064910888672 4
      vertex 62.14177322387695 -23.628437042236328 8
    endloop
  endfacet
  facet normal -1 0 0
    outer loop
      vertex 62.14177322387695 -23.628437042236328 8
      vertex 62.14177322387695 -22.51393699645996 22
      vertex 62.14177322387695 -22.51393699645996 8
    endloop
  endfacet
  facet normal -1 0 0
    outer loop
      vertex 62.14177322387695 -24.486064910888672 22
      vertex 62.14177322387695 -23.628437042236328 8
      vertex 62.14177322387695 -24.486064910888672 4
    endloop
  endfacet
  facet normal -1 0 0
    outer loop
      vertex 62.14177322387695 -23.628437042236328 8
      vertex 62.14177322387695 -24.486064910888672 22
      vertex 62.14177322387695 -22.51393699645996 22
    endloop
  endfacet
  facet normal 0.38268240887841504 0.9238799564526842 0
    outer loop
      vertex 89.25 -17.004810333251953 0
      vertex 87.4411392211914 -16.255558013916016 4
      vertex 89.25 -17.004810333251953 4
    endloop
  endfacet
  facet normal 0.38268240887841504 0.9238799564526842 0
    outer loop
      vertex 87.4411392211914 -16.255558013916016 4
      vertex 89.25 -17.004810333251953 0
      vertex 87.4411392211914 -16.255558013916016 0
    endloop
  endfacet
  facet normal -1 0 0
    outer loop
      vertex 0 -72.5 0
      vertex 0 -23.5 4
      vertex 0 -23.5 0
    endloop
  endfacet
  facet normal -1 0 0
    outer loop
      vertex 0 -23.5 4
      vertex 0 -72.5 0
      vertex 0 -72.5 4
    endloop
  endfacet
  facet normal 0 1 0
    outer loop
      vertex 85.5 -16 0
      vertex 7.5 -16 4
      vertex 85.5 -16 4
    endloop
  endfacet
  facet normal 0 1 0
    outer loop
      vertex 7.5 -16 4
      vertex 85.5 -16 0
      vertex 7.5 -16 0
    endloop
  endfacet
  facet normal 0.6087634627604259 -0.7933517797345232 0
    outer loop
      vertex 89.25 -78.99519348144531 0
      vertex 90.80329895019531 -77.80329895019531 4
      vertex 89.25 -78.99519348144531 4
    endloop
  endfacet
  facet normal 0.6087634627604259 -0.7933517797345232 0
    outer loop
      vertex 90.80329895019531 -77.80329895019531 4
      vertex 89.25 -78.99519348144531 0
      vertex 90.80329895019531 -77.80329895019531 0
    endloop
  endfacet
  facet normal 0 -1 0
    outer loop
      vertex 7.5 -80 0
      vertex 85.5 -80 4
      vertex 7.5 -80 4
    endloop
  endfacet
  facet normal 0 -1 0
    outer loop
      vertex 85.5 -80 4
      vertex 7.5 -80 0
      vertex 85.5 -80 0
    endloop
  endfacet
  facet normal -0.79335355224419 0.6087611527861526 0
    outer loop
      vertex 1.0048093795776367 -19.75 0
      vertex 2.1966981887817383 -18.196699142456055 4
      vertex 2.1966981887817383 -18.196699142456055 0
    endloop
  endfacet
  facet normal -0.79335355224419 0.6087611527861526 0
    outer loop
      vertex 2.1966981887817383 -18.196699142456055 4
      vertex 1.0048093795776367 -19.75 0
      vertex 1.0048093795776367 -19.75 4
    endloop
  endfacet
  facet normal 0.7933521407596988 0.6087629922654653 0
    outer loop
      vertex 91.99519348144531 -19.75 4
      vertex 90.80329895019531 -18.196699142456055 0
      vertex 90.80329895019531 -18.196699142456055 4
    endloop
  endfacet
  facet normal 0.7933521407596988 0.6087629922654653 0
    outer loop
      vertex 90.80329895019531 -18.196699142456055 0
      vertex 91.99519348144531 -19.75 4
      vertex 91.99519348144531 -19.75 0
    endloop
  endfacet
  facet normal 0.13052729034955968 0.9914447168016993 0
    outer loop
      vertex 87.4411392211914 -16.255558013916016 0
      vertex 85.5 -16 4
      vertex 87.4411392211914 -16.255558013916016 4
    endloop
  endfacet
  facet normal 0.13052729034955968 0.9914447168016993 0
    outer loop
      vertex 85.5 -16 4
      vertex 87.4411392211914 -16.255558013916016 0
      vertex 85.5 -16 0
    endloop
  endfacet
  facet normal 0.6087616232813657 0.7933531912205538 0
    outer loop
      vertex 90.80329895019531 -18.196699142456055 0
      vertex 89.25 -17.004810333251953 4
      vertex 90.80329895019531 -18.196699142456055 4
    endloop
  endfacet
  facet normal 0.6087616232813657 0.7933531912205538 0
    outer loop
      vertex 89.25 -17.004810333251953 4
      vertex 90.80329895019531 -18.196699142456055 0
      vertex 89.25 -17.004810333251953 0
    endloop
  endfacet
  facet normal -0.6087627570181774 -0.7933523212719729 0
    outer loop
      vertex 2.1966981887817383 -77.80329895019531 0
      vertex 3.75 -78.99519348144531 4
      vertex 2.1966981887817383 -77.80329895019531 4
    endloop
  endfacet
  facet normal -0.6087627570181774 -0.7933523212719729 0
    outer loop
      vertex 3.75 -78.99519348144531 4
      vertex 2.1966981887817383 -77.80329895019531 0
      vertex 3.75 -78.99519348144531 0
    endloop
  endfacet
  facet normal 1 0 0
    outer loop
      vertex 93 -21 9
      vertex 93 -23.5 4
      vertex 93 -21 4
    endloop
  endfacet
  facet normal 1 0 0
    outer loop
      vertex 93 -23.5 4
      vertex 93 -72.5 4
      vertex 93 -23.5 0
    endloop
  endfacet
  facet normal 1 0 0
    outer loop
      vertex 93 -21 9
      vertex 93 -72.5 4
      vertex 93 -23.5 4
    endloop
  endfacet
  facet normal 1 0 0
    outer loop
      vertex 93 -75 9
      vertex 93 -72.5 4
      vertex 93 -21 9
    endloop
  endfacet
  facet normal 1 0 0
    outer loop
      vertex 93 -72.5 4
      vertex 93 -75 9
      vertex 93 -75 4
    endloop
  endfacet
  facet normal 1 0 0
    outer loop
      vertex 93 -23.5 0
      vertex 93 -72.5 4
      vertex 93 -72.5 0
    endloop
  endfacet
  facet normal 0.9914450021339789 0.13052512303596775 0
    outer loop
      vertex 93 -23.5 4
      vertex 92.74444580078125 -21.558856964111328 0
      vertex 92.74444580078125 -21.558856964111328 4
    endloop
  endfacet
  facet normal 0.9914450021339789 0.13052512303596775 0
    outer loop
      vertex 92.74444580078125 -21.558856964111328 0
      vertex 93 -23.5 4
      vertex 93 -23.5 0
    endloop
  endfacet
  facet normal 0.13052537517189794 -0.991444968939898 0
    outer loop
      vertex 85.5 -80 0
      vertex 87.4411392211914 -79.74444580078125 4
      vertex 85.5 -80 4
    endloop
  endfacet
  facet normal 0.13052537517189794 -0.991444968939898 0
    outer loop
      vertex 87.4411392211914 -79.74444580078125 4
      vertex 85.5 -80 0
      vertex 87.4411392211914 -79.74444580078125 0
    endloop
  endfacet
  facet normal 0.7933517797345232 -0.6087634627604259 0
    outer loop
      vertex 90.80329895019531 -77.80329895019531 4
      vertex 91.99519348144531 -76.25 0
      vertex 91.99519348144531 -76.25 4
    endloop
  endfacet
  facet normal 0.7933517797345232 -0.6087634627604259 0
    outer loop
      vertex 91.99519348144531 -76.25 0
      vertex 90.80329895019531 -77.80329895019531 4
      vertex 90.80329895019531 -77.80329895019531 0
    endloop
  endfacet
  facet normal -0.9914448760658089 0.13052608062319562 0
    outer loop
      vertex 0 -23.5 0
      vertex 0.2555561065673828 -21.558856964111328 4
      vertex 0.2555561065673828 -21.558856964111328 0
    endloop
  endfacet
  facet normal -0.9914448760658089 0.13052608062319562 0
    outer loop
      vertex 0.2555561065673828 -21.558856964111328 4
      vertex 0 -23.5 0
      vertex 0 -23.5 4
    endloop
  endfacet
  facet normal -0.13052512303596775 -0.9914450021339789 0
    outer loop
      vertex 5.558856964111328 -79.74444580078125 0
      vertex 7.5 -80 4
      vertex 5.558856964111328 -79.74444580078125 4
    endloop
  endfacet
  facet normal -0.13052512303596775 -0.9914450021339789 0
    outer loop
      vertex 7.5 -80 4
      vertex 5.558856964111328 -79.74444580078125 0
      vertex 7.5 -80 0
    endloop
  endfacet
  facet normal -0.13052703821005818 0.9914447499967459 0
    outer loop
      vertex 7.5 -16 0
      vertex 5.558856964111328 -16.255558013916016 4
      vertex 7.5 -16 4
    endloop
  endfacet
  facet normal -0.13052703821005818 0.9914447499967459 0
    outer loop
      vertex 5.558856964111328 -16.255558013916016 4
      vertex 7.5 -16 0
      vertex 5.558856964111328 -16.255558013916016 0
    endloop
  endfacet
  facet normal -0.3826830977293308 0.9238796711218856 0
    outer loop
      vertex 5.558856964111328 -16.255558013916016 0
      vertex 3.75 -17.004810333251953 4
      vertex 5.558856964111328 -16.255558013916016 4
    endloop
  endfacet
  facet normal -0.3826830977293308 0.9238796711218856 0
    outer loop
      vertex 3.75 -17.004810333251953 4
      vertex 5.558856964111328 -16.255558013916016 0
      vertex 3.75 -17.004810333251953 0
    endloop
  endfacet
  facet normal -0.3826830977293308 -0.9238796711218856 0
    outer loop
      vertex 3.75 -78.99519348144531 0
      vertex 5.558856964111328 -79.74444580078125 4
      vertex 3.75 -78.99519348144531 4
    endloop
  endfacet
  facet normal -0.3826830977293308 -0.9238796711218856 0
    outer loop
      vertex 5.558856964111328 -79.74444580078125 4
      vertex 3.75 -78.99519348144531 0
      vertex 5.558856964111328 -79.74444580078125 0
    endloop
  endfacet
  facet normal -0.9914449092601803 -0.13052582848644545 0
    outer loop
      vertex 0.2555561065673828 -74.44114685058594 0
      vertex 0 -72.5 4
      vertex 0 -72.5 0
    endloop
  endfacet
  facet normal -0.9914449092601803 -0.13052582848644545 0
    outer loop
      vertex 0 -72.5 4
      vertex 0.2555561065673828 -74.44114685058594 0
      vertex 0.2555561065673828 -74.44114685058594 4
    endloop
  endfacet
  facet normal -0.9238794989088117 0.38268351348863044 0
    outer loop
      vertex 0.2555561065673828 -21.558856964111328 0
      vertex 1.0048093795776367 -19.75 4
      vertex 1.0048093795776367 -19.75 0
    endloop
  endfacet
  facet normal -0.9238794989088117 0.38268351348863044 0
    outer loop
      vertex 1.0048093795776367 -19.75 4
      vertex 0.2555561065673828 -21.558856964111328 0
      vertex 0.2555561065673828 -21.558856964111328 4
    endloop
  endfacet
  facet normal -0.6087609175387384 0.7933537327556941 0
    outer loop
      vertex 3.75 -17.004810333251953 0
      vertex 2.1966981887817383 -18.196699142456055 4
      vertex 3.75 -17.004810333251953 4
    endloop
  endfacet
  facet normal -0.6087609175387384 0.7933537327556941 0
    outer loop
      vertex 2.1966981887817383 -18.196699142456055 4
      vertex 3.75 -17.004810333251953 0
      vertex 2.1966981887817383 -18.196699142456055 0
    endloop
  endfacet
  facet normal -0.7933531912205538 -0.6087616232813657 0
    outer loop
      vertex 2.1966981887817383 -77.80329895019531 0
      vertex 1.0048093795776367 -76.25 4
      vertex 1.0048093795776367 -76.25 0
    endloop
  endfacet
  facet normal -0.7933531912205538 -0.6087616232813657 0
    outer loop
      vertex 1.0048093795776367 -76.25 4
      vertex 2.1966981887817383 -77.80329895019531 0
      vertex 2.1966981887817383 -77.80329895019531 4
    endloop
  endfacet
  facet normal 0.9914450353278675 -0.13052487090100323 0
    outer loop
      vertex 92.74444580078125 -74.44114685058594 4
      vertex 93 -72.5 0
      vertex 93 -72.5 4
    endloop
  endfacet
  facet normal 0.9914450353278675 -0.13052487090100323 0
    outer loop
      vertex 93 -72.5 0
      vertex 92.74444580078125 -74.44114685058594 4
      vertex 92.74444580078125 -74.44114685058594 0
    endloop
  endfacet
  facet normal 0.9238810278673447 0.3826798222362639 0
    outer loop
      vertex 92.51295471191406 -21 4
      vertex 91.99519348144531 -19.75 0
      vertex 91.99519348144531 -19.75 4
    endloop
  endfacet
  facet normal 0.9238766364504696 0.38269042399956515 0
    outer loop
      vertex 92.74444580078125 -21.558856964111328 0
      vertex 92.51295471191406 -21 4
      vertex 92.74444580078125 -21.558856964111328 4
    endloop
  endfacet
  facet normal 0.9238796711212213 0.38268309772905557 0.0000011992091329741664
    outer loop
      vertex 92.51295471191406 -21 4
      vertex 92.74444580078125 -21.558856964111328 0
      vertex 91.99519348144531 -19.75 0
    endloop
  endfacet
  facet normal -0.9238792135759055 -0.38268420234230494 0
    outer loop
      vertex 1.0048093795776367 -76.25 0
      vertex 0.2555561065673828 -74.44114685058594 4
      vertex 0.2555561065673828 -74.44114685058594 0
    endloop
  endfacet
  facet normal -0.9238792135759055 -0.38268420234230494 0
    outer loop
      vertex 0.2555561065673828 -74.44114685058594 4
      vertex 1.0048093795776367 -76.25 0
      vertex 1.0048093795776367 -76.25 4
    endloop
  endfacet
  facet normal 0.38268240887841504 -0.9238799564526842 0
    outer loop
      vertex 87.4411392211914 -79.74444580078125 0
      vertex 89.25 -78.99519348144531 4
      vertex 87.4411392211914 -79.74444580078125 4
    endloop
  endfacet
  facet normal 0.38268240887841504 -0.9238799564526842 0
    outer loop
      vertex 89.25 -78.99519348144531 4
      vertex 87.4411392211914 -79.74444580078125 0
      vertex 89.25 -78.99519348144531 0
    endloop
  endfacet
  facet normal 0 0 -1
    outer loop
      vertex 92.74444580078125 -21.558856964111328 4
      vertex 93 -21 4
      vertex 93 -23.5 4
    endloop
  endfacet
  facet normal 0 0 -1
    outer loop
      vertex 93 -21 4
      vertex 92.74444580078125 -21.558856964111328 4
      vertex 92.51295471191406 -21 4
    endloop
  endfacet
  facet normal 0 0 -1
    outer loop
      vertex 93 -75 4
      vertex 92.74444580078125 -74.44114685058594 4
      vertex 93 -72.5 4
    endloop
  endfacet
  facet normal 0 0 -1
    outer loop
      vertex 92.74444580078125 -74.44114685058594 4
      vertex 93 -75 4
      vertex 92.51295471191406 -75 4
    endloop
  endfacet
  facet normal 0 0 1
    outer loop
      vertex 89 -21 4
      vertex 91.99519348144531 -19.75 4
      vertex 90.80329895019531 -18.196699142456055 4
    endloop
  endfacet
  facet normal 0 0 1
    outer loop
      vertex 89 -21 4
      vertex 90.80329895019531 -18.196699142456055 4
      vertex 89.25 -17.004810333251953 4
    endloop
  endfacet
  facet normal 0 0 1
    outer loop
      vertex 91.99519348144531 -19.75 4
      vertex 89 -21 4
      vertex 92.51295471191406 -21 4
    endloop
  endfacet
  facet normal 0 0 1
    outer loop
      vertex 89 -21 4
      vertex 88.44438934326172 -21.607757568359375 4
      vertex 89 -23.5 4
    endloop
  endfacet
  facet normal 0 0 1
    outer loop
      vertex 86.95394897460938 -20.316287994384766 4
      vertex 89 -21 4
      vertex 89.25 -17.004810333251953 4
    endloop
  endfacet
  facet normal 0 0 1
    outer loop
      vertex 86.95394897460938 -20.316287994384766 4
      vertex 89.25 -17.004810333251953 4
      vertex 87.4411392211914 -16.255558013916016 4
    endloop
  endfacet
  facet normal 0 0 1
    outer loop
      vertex 89 -21 4
      vertex 86.95394897460938 -20.316287994384766 4
      vertex 88.44438934326172 -21.607757568359375 4
    endloop
  endfacet
  facet normal 0 0 1
    outer loop
      vertex 85.00189971923828 -20.035625457763672 4
      vertex 87.4411392211914 -16.255558013916016 4
      vertex 85.5 -16 4
    endloop
  endfacet
  facet normal 0 0 1
    outer loop
      vertex 87.4411392211914 -16.255558013916016 4
      vertex 85.00189971923828 -20.035625457763672 4
      vertex 86.95394897460938 -20.316287994384766 4
    endloop
  endfacet
  facet normal 0 0 1
    outer loop
      vertex 7.5 -16 4
      vertex 85.00189971923828 -20.035625457763672 4
      vertex 85.5 -16 4
    endloop
  endfacet
  facet normal 0 0 1
    outer loop
      vertex 7.5 -16 4
      vertex 7.001897811889648 -20.035625457763672 4
      vertex 85.00189971923828 -20.035625457763672 4
    endloop
  endfacet
  facet normal 0 0 1
    outer loop
      vertex 5.558856964111328 -16.255558013916016 4
      vertex 7.001897811889648 -20.035625457763672 4
      vertex 7.5 -16 4
    endloop
  endfacet
  facet normal 0 0 1
    outer loop
      vertex 3.75 -17.004810333251953 4
      vertex 7.001897811889648 -20.035625457763672 4
      vertex 5.558856964111328 -16.255558013916016 4
    endloop
  endfacet
  facet normal 0 0 1
    outer loop
      vertex 7.001897811889648 -20.035625457763672 4
      vertex 3.75 -17.004810333251953 4
      vertex 5.207986831665039 -20.854877471923828 4
    endloop
  endfacet
  facet normal 0 0 1
    outer loop
      vertex 1.0048093795776367 -19.75 4
      vertex 5.207986831665039 -20.854877471923828 4
      vertex 2.1966981887817383 -18.196699142456055 4
    endloop
  endfacet
  facet normal 0 0 1
    outer loop
      vertex 2.1966981887817383 -18.196699142456055 4
      vertex 5.207986831665039 -20.854877471923828 4
      vertex 3.75 -17.004810333251953 4
    endloop
  endfacet
  facet normal 0 0 1
    outer loop
      vertex 89 -72.5 4
      vertex 88.44438934326172 -74.39224243164062 4
      vertex 89 -75 4
    endloop
  endfacet
  facet normal 0 0 1
    outer loop
      vertex 89 -75 4
      vertex 91.99519348144531 -76.25 4
      vertex 92.51295471191406 -75 4
    endloop
  endfacet
  facet normal 0 0 1
    outer loop
      vertex 91.99519348144531 -76.25 4
      vertex 89 -75 4
      vertex 90.80329895019531 -77.80329895019531 4
    endloop
  endfacet
  facet normal 0 0 1
    outer loop
      vertex 90.80329895019531 -77.80329895019531 4
      vertex 89 -75 4
      vertex 89.25 -78.99519348144531 4
    endloop
  endfacet
  facet normal 0 0 1
    outer loop
      vertex 86.95394897460938 -75.6837158203125 4
      vertex 89 -75 4
      vertex 88.44438934326172 -74.39224243164062 4
    endloop
  endfacet
  facet normal 0 0 1
    outer loop
      vertex 89 -75 4
      vertex 86.95394897460938 -75.6837158203125 4
      vertex 89.25 -78.99519348144531 4
    endloop
  endfacet
  facet normal 0 0 1
    outer loop
      vertex 89.25 -78.99519348144531 4
      vertex 86.95394897460938 -75.6837158203125 4
      vertex 87.4411392211914 -79.74444580078125 4
    endloop
  endfacet
  facet normal 0 0 1
    outer loop
      vertex 85.00189971923828 -75.9643783569336 4
      vertex 87.4411392211914 -79.74444580078125 4
      vertex 86.95394897460938 -75.6837158203125 4
    endloop
  endfacet
  facet normal 0 0 1
    outer loop
      vertex 87.4411392211914 -79.74444580078125 4
      vertex 85.00189971923828 -75.9643783569336 4
      vertex 85.5 -80 4
    endloop
  endfacet
  facet normal 0 0 1
    outer loop
      vertex 85.00189971923828 -75.9643783569336 4
      vertex 7.5 -80 4
      vertex 85.5 -80 4
    endloop
  endfacet
  facet normal 0 0 1
    outer loop
      vertex 7.001897811889648 -75.9643783569336 4
      vertex 7.5 -80 4
      vertex 85.00189971923828 -75.9643783569336 4
    endloop
  endfacet
  facet normal 0 0 1
    outer loop
      vertex 7.001897811889648 -75.9643783569336 4
      vertex 5.558856964111328 -79.74444580078125 4
      vertex 7.5 -80 4
    endloop
  endfacet
  facet normal 0 0 1
    outer loop
      vertex 3.75 -78.99519348144531 4
      vertex 7.001897811889648 -75.9643783569336 4
      vertex 5.207986831665039 -75.14512634277344 4
    endloop
  endfacet
  facet normal 0 0 1
    outer loop
      vertex 1.0048093795776367 -76.25 4
      vertex 5.207986831665039 -75.14512634277344 4
      vertex 4.1417741775512695 -73.4860610961914 4
    endloop
  endfacet
  facet normal 0 0 1
    outer loop
      vertex 7.001897811889648 -75.9643783569336 4
      vertex 3.75 -78.99519348144531 4
      vertex 5.558856964111328 -79.74444580078125 4
    endloop
  endfacet
  facet normal 0 0 1
    outer loop
      vertex 4.1417741775512695 -22.51393699645996 4
      vertex 0 -23.5 4
      vertex 4.1417741775512695 -73.4860610961914 4
    endloop
  endfacet
  facet normal 0 0 1
    outer loop
      vertex 5.207986831665039 -20.854877471923828 4
      vertex 1.0048093795776367 -19.75 4
      vertex 4.1417741775512695 -22.51393699645996 4
    endloop
  endfacet
  facet normal 0 0 1
    outer loop
      vertex 0 -72.5 4
      vertex 4.1417741775512695 -73.4860610961914 4
      vertex 0 -23.5 4
    endloop
  endfacet
  facet normal 0 0 1
    outer loop
      vertex 0.2555561065673828 -21.558856964111328 4
      vertex 4.1417741775512695 -22.51393699645996 4
      vertex 1.0048093795776367 -19.75 4
    endloop
  endfacet
  facet normal 0 0 1
    outer loop
      vertex 0.2555561065673828 -74.44114685058594 4
      vertex 4.1417741775512695 -73.4860610961914 4
      vertex 0 -72.5 4
    endloop
  endfacet
  facet normal 0 0 1
    outer loop
      vertex 4.1417741775512695 -22.51393699645996 4
      vertex 0.2555561065673828 -21.558856964111328 4
      vertex 0 -23.5 4
    endloop
  endfacet
  facet normal 0 0 1
    outer loop
      vertex 5.207986831665039 -75.14512634277344 4
      vertex 2.1966981887817383 -77.80329895019531 4
      vertex 3.75 -78.99519348144531 4
    endloop
  endfacet
  facet normal 0 0 1
    outer loop
      vertex 5.207986831665039 -75.14512634277344 4
      vertex 1.0048093795776367 -76.25 4
      vertex 2.1966981887817383 -77.80329895019531 4
    endloop
  endfacet
  facet normal 0 0 1
    outer loop
      vertex 4.1417741775512695 -73.4860610961914 4
      vertex 0.2555561065673828 -74.44114685058594 4
      vertex 1.0048093795776367 -76.25 4
    endloop
  endfacet
  facet normal 0 0 1
    outer loop
      vertex 29.878679275512695 -49 4
      vertex 23.260663986206055 -59.86065673828125 4
      vertex 32 -51.12131881713867 4
    endloop
  endfacet
  facet normal 0 0 1
    outer loop
      vertex 21.136150360107422 -57.742530822753906 4
      vertex 23.260663986206055 -59.86065673828125 4
      vertex 29.878679275512695 -49 4
    endloop
  endfacet
  facet normal 0 0 1
    outer loop
      vertex 21.269128799438477 -59.48233413696289 4
      vertex 23.260663986206055 -59.86065673828125 4
      vertex 21.136150360107422 -57.742530822753906 4
    endloop
  endfacet
  facet normal 0 0 1
    outer loop
      vertex 23.260663986206055 -59.86065673828125 4
      vertex 21.269128799438477 -59.48233413696289 4
      vertex 22 -61 4
    endloop
  endfacet
  facet normal 0 0 1
    outer loop
      vertex 21.269128799438477 -59.48233413696289 4
      vertex 21.136150360107422 -57.742530822753906 4
      vertex 21.216081619262695 -59.42928695678711 4
    endloop
  endfacet
  facet normal 0 0 1
    outer loop
      vertex 19.55495834350586 -59.05014419555664 4
      vertex 21.136150360107422 -57.742530822753906 4
      vertex 20.67376136779785 -57.22899627685547 4
    endloop
  endfacet
  facet normal 0 0 1
    outer loop
      vertex 21.136150360107422 -57.742530822753906 4
      vertex 19.55495834350586 -59.05014419555664 4
      vertex 21.216081619262695 -59.42928695678711 4
    endloop
  endfacet
  facet normal 0 0 1
    outer loop
      vertex 19.210363388061523 -54.694313049316406 4
      vertex 19.55495834350586 -59.05014419555664 4
      vertex 20.67376136779785 -57.22899627685547 4
    endloop
  endfacet
  facet normal 0 0 1
    outer loop
      vertex 18.198062896728516 -60.132232666015625 4
      vertex 19.210363388061523 -54.694313049316406 4
      vertex 18.305932998657227 -51.910762786865234 4
    endloop
  endfacet
  facet normal 0 0 1
    outer loop
      vertex 19.210363388061523 -54.694313049316406 4
      vertex 18.198062896728516 -60.132232666015625 4
      vertex 19.55495834350586 -59.05014419555664 4
    endloop
  endfacet
  facet normal 0 0 1
    outer loop
      vertex 18.305932998657227 -51.910762786865234 4
      vertex 14 -65 4
      vertex 18.198062896728516 -60.132232666015625 4
    endloop
  endfacet
  facet normal 0 0 1
    outer loop
      vertex 14 -65 4
      vertex 18.305932998657227 -51.910762786865234 4
      vertex 18 -49 4
    endloop
  endfacet
  facet normal 0 0 1
    outer loop
      vertex 44.789634704589844 -54.694313049316406 4
      vertex 53 -49 4
      vertex 45.69406509399414 -51.910762786865234 4
    endloop
  endfacet
  facet normal 0 0 1
    outer loop
      vertex 53 -49 4
      vertex 45.246978759765625 -59.436336517333984 4
      vertex 46 -61 4
    endloop
  endfacet
  facet normal 0 0 1
    outer loop
      vertex 53 -49 4
      vertex 44.789634704589844 -54.694313049316406 4
      vertex 45.246978759765625 -59.436336517333984 4
    endloop
  endfacet
  facet normal 0 0 1
    outer loop
      vertex 43.326236724853516 -57.22899627685547 4
      vertex 45.246978759765625 -59.436336517333984 4
      vertex 44.789634704589844 -54.694313049316406 4
    endloop
  endfacet
  facet normal 0 0 1
    outer loop
      vertex 45.246978759765625 -59.436336517333984 4
      vertex 43.326236724853516 -57.22899627685547 4
      vertex 43.55495834350586 -59.05014419555664 4
    endloop
  endfacet
  facet normal 0 0 1
    outer loop
      vertex 42.86384963989258 -57.742530822753906 4
      vertex 43.55495834350586 -59.05014419555664 4
      vertex 43.326236724853516 -57.22899627685547 4
    endloop
  endfacet
  facet normal 0 0 1
    outer loop
      vertex 42.86384963989258 -57.742530822753906 4
      vertex 42.198062896728516 -60.132232666015625 4
      vertex 43.55495834350586 -59.05014419555664 4
    endloop
  endfacet
  facet normal 0 0 1
    outer loop
      vertex 42.198062896728516 -60.132232666015625 4
      vertex 40.73933410644531 -59.86065673828125 4
      vertex 42.198062896728516 -61.867767333984375 4
    endloop
  endfacet
  facet normal 0 0 1
    outer loop
      vertex 42.86384963989258 -57.742530822753906 4
      vertex 40.73933410644531 -59.86065673828125 4
      vertex 42.198062896728516 -60.132232666015625 4
    endloop
  endfacet
  facet normal 0 0 1
    outer loop
      vertex 34.12131881713867 -49 4
      vertex 40.73933410644531 -59.86065673828125 4
      vertex 42.86384963989258 -57.742530822753906 4
    endloop
  endfacet
  facet normal 0 0 1
    outer loop
      vertex 32 -51.12131881713867 4
      vertex 34.12131881713867 -49 4
      vertex 32 -46.87868118286133 4
    endloop
  endfacet
  facet normal 0 0 1
    outer loop
      vertex 34.12131881713867 -49 4
      vertex 32 -51.12131881713867 4
      vertex 40.73933410644531 -59.86065673828125 4
    endloop
  endfacet
  facet normal 0 0 1
    outer loop
      vertex 32 -46.87868118286133 4
      vertex 29.878679275512695 -49 4
      vertex 32 -51.12131881713867 4
    endloop
  endfacet
  facet normal 0 0 1
    outer loop
      vertex 23.260663986206055 -38.139347076416016 4
      vertex 29.878679275512695 -49 4
      vertex 32 -46.87868118286133 4
    endloop
  endfacet
  facet normal 0 0 1
    outer loop
      vertex 21.269128799438477 -38.51766586303711 4
      vertex 23.260663986206055 -38.139347076416016 4
      vertex 22 -37 4
    endloop
  endfacet
  facet normal 0 0 1
    outer loop
      vertex 23.260663986206055 -38.139347076416016 4
      vertex 21.269128799438477 -38.51766586303711 4
      vertex 21.136150360107422 -40.25747299194336 4
    endloop
  endfacet
  facet normal 0 0 1
    outer loop
      vertex 21.136150360107422 -40.25747299194336 4
      vertex 21.269128799438477 -38.51766586303711 4
      vertex 21.216081619262695 -38.570716857910156 4
    endloop
  endfacet
  facet normal 0 0 1
    outer loop
      vertex 23.260663986206055 -38.139347076416016 4
      vertex 21.136150360107422 -40.25747299194336 4
      vertex 29.878679275512695 -49 4
    endloop
  endfacet
  facet normal 0 0 1
    outer loop
      vertex 19.55495834350586 -38.94985580444336 4
      vertex 21.136150360107422 -40.25747299194336 4
      vertex 21.216081619262695 -38.570716857910156 4
    endloop
  endfacet
  facet normal 0 0 1
    outer loop
      vertex 21.136150360107422 -40.25747299194336 4
      vertex 19.55495834350586 -38.94985580444336 4
      vertex 20.67376136779785 -40.7710075378418 4
    endloop
  endfacet
  facet normal 0 0 1
    outer loop
      vertex 19.55495834350586 -38.94985580444336 4
      vertex 19.210363388061523 -43.305686950683594 4
      vertex 20.67376136779785 -40.7710075378418 4
    endloop
  endfacet
  facet normal 0 0 1
    outer loop
      vertex 18.198062896728516 -37.867767333984375 4
      vertex 19.210363388061523 -43.305686950683594 4
      vertex 19.55495834350586 -38.94985580444336 4
    endloop
  endfacet
  facet normal 0 0 1
    outer loop
      vertex 14 -35 4
      vertex 19.210363388061523 -43.305686950683594 4
      vertex 18.198062896728516 -37.867767333984375 4
    endloop
  endfacet
  facet normal 0 0 1
    outer loop
      vertex 19.210363388061523 -43.305686950683594 4
      vertex 14 -35 4
      vertex 18.305932998657227 -46.089237213134766 4
    endloop
  endfacet
  facet normal 0 0 1
    outer loop
      vertex 53 -49 4
      vertex 45.69406509399414 -46.089237213134766 4
      vertex 46 -49 4
    endloop
  endfacet
  facet normal 0 0 1
    outer loop
      vertex 44.789634704589844 -43.305686950683594 4
      vertex 53 -45 4
      vertex 45.246978759765625 -38.563663482666016 4
    endloop
  endfacet
  facet normal 0 0 1
    outer loop
      vertex 53 -45 4
      vertex 44.789634704589844 -43.305686950683594 4
      vertex 45.69406509399414 -46.089237213134766 4
    endloop
  endfacet
  facet normal 0 0 1
    outer loop
      vertex 43.326236724853516 -40.7710075378418 4
      vertex 45.246978759765625 -38.563663482666016 4
      vertex 43.55495834350586 -38.94985580444336 4
    endloop
  endfacet
  facet normal 0 0 1
    outer loop
      vertex 45.246978759765625 -38.563663482666016 4
      vertex 43.326236724853516 -40.7710075378418 4
      vertex 44.789634704589844 -43.305686950683594 4
    endloop
  endfacet
  facet normal 0 0 1
    outer loop
      vertex 43.55495834350586 -38.94985580444336 4
      vertex 42.86384963989258 -40.25747299194336 4
      vertex 43.326236724853516 -40.7710075378418 4
    endloop
  endfacet
  facet normal 0 0 1
    outer loop
      vertex 42.198062896728516 -37.867767333984375 4
      vertex 42.86384963989258 -40.25747299194336 4
      vertex 43.55495834350586 -38.94985580444336 4
    endloop
  endfacet
  facet normal 0 0 1
    outer loop
      vertex 40.73933410644531 -38.139347076416016 4
      vertex 42.86384963989258 -40.25747299194336 4
      vertex 42.198062896728516 -37.867767333984375 4
    endloop
  endfacet
  facet normal 0 0 1
    outer loop
      vertex 40.73933410644531 -38.139347076416016 4
      vertex 34.12131881713867 -49 4
      vertex 42.86384963989258 -40.25747299194336 4
    endloop
  endfacet
  facet normal 0 0 1
    outer loop
      vertex 34.12131881713867 -49 4
      vertex 40.73933410644531 -38.139347076416016 4
      vertex 32 -46.87868118286133 4
    endloop
  endfacet
  facet normal 0 0 1
    outer loop
      vertex 53 -45 4
      vertex 57 -49 4
      vertex 57 -45 4
    endloop
  endfacet
  facet normal 0 0 1
    outer loop
      vertex 57 -49 4
      vertex 53 -45 4
      vertex 53 -49 4
    endloop
  endfacet
  facet normal 0 0 1
    outer loop
      vertex 57 -25 4
      vertex 62.14177322387695 -24.486064910888672 4
      vertex 62.14177322387695 -23.628437042236328 4
    endloop
  endfacet
  facet normal 0 0 1
    outer loop
      vertex 57 -45 4
      vertex 61 -35 4
      vertex 57 -25 4
    endloop
  endfacet
  facet normal 0 0 1
    outer loop
      vertex 62.14177322387695 -24.486064910888672 4
      vertex 57 -25 4
      vertex 61 -35 4
    endloop
  endfacet
  facet normal 0 0 1
    outer loop
      vertex 62.14177322387695 -23.628437042236328 4
      vertex 53 -25 4
      vertex 57 -25 4
    endloop
  endfacet
  facet normal 0 0 1
    outer loop
      vertex 46 -37 4
      vertex 53 -45 4
      vertex 53 -25 4
    endloop
  endfacet
  facet normal 0 0 1
    outer loop
      vertex 45.246978759765625 -38.563663482666016 4
      vertex 53 -45 4
      vertex 46 -37 4
    endloop
  endfacet
  facet normal 0 0 1
    outer loop
      vertex 45.69406509399414 -51.910762786865234 4
      vertex 53 -49 4
      vertex 46 -49 4
    endloop
  endfacet
  facet normal 0 0 1
    outer loop
      vertex 45.69406509399414 -46.089237213134766 4
      vertex 53 -49 4
      vertex 53 -45 4
    endloop
  endfacet
  facet normal 0 0 1
    outer loop
      vertex 53 -25 4
      vertex 45.246978759765625 -35.436336517333984 4
      vertex 46 -37 4
    endloop
  endfacet
  facet normal 0 0 1
    outer loop
      vertex 53 -25 4
      vertex 43.55495834350586 -35.05014419555664 4
      vertex 45.246978759765625 -35.436336517333984 4
    endloop
  endfacet
  facet normal 0 0 1
    outer loop
      vertex 36.326236724853516 -35.685211181640625 4
      vertex 43.55495834350586 -35.05014419555664 4
      vertex 53 -25 4
    endloop
  endfacet
  facet normal 0 0 1
    outer loop
      vertex 42.198062896728516 -36.132232666015625 4
      vertex 40.73933410644531 -38.139347076416016 4
      vertex 42.198062896728516 -37.867767333984375 4
    endloop
  endfacet
  facet normal 0 0 1
    outer loop
      vertex 42.198062896728516 -36.132232666015625 4
      vertex 39 -36.87564468383789 4
      vertex 40.73933410644531 -38.139347076416016 4
    endloop
  endfacet
  facet normal 0 0 1
    outer loop
      vertex 43.55495834350586 -35.05014419555664 4
      vertex 36.326236724853516 -35.685211181640625 4
      vertex 42.198062896728516 -36.132232666015625 4
    endloop
  endfacet
  facet normal 0 0 1
    outer loop
      vertex 42.198062896728516 -36.132232666015625 4
      vertex 36.326236724853516 -35.685211181640625 4
      vertex 39 -36.87564468383789 4
    endloop
  endfacet
  facet normal 0 0 1
    outer loop
      vertex 53 -25 4
      vertex 33.46339797973633 -35.07669448852539 4
      vertex 36.326236724853516 -35.685211181640625 4
    endloop
  endfacet
  facet normal 0 0 1
    outer loop
      vertex 11.9700927734375 -23.628437042236328 4
      vertex 33.46339797973633 -35.07669448852539 4
      vertex 53 -25 4
    endloop
  endfacet
  facet normal 0 0 1
    outer loop
      vertex 33.46339797973633 -35.07669448852539 4
      vertex 11.9700927734375 -23.628437042236328 4
      vertex 30.536602020263672 -35.07669448852539 4
    endloop
  endfacet
  facet normal 0 0 1
    outer loop
      vertex 25 -36.87564468383789 4
      vertex 22 -37 4
      vertex 23.260663986206055 -38.139347076416016 4
    endloop
  endfacet
  facet normal 0 0 1
    outer loop
      vertex 21.246978759765625 -35.436336517333984 4
      vertex 25 -36.87564468383789 4
      vertex 27.67376136779785 -35.685211181640625 4
    endloop
  endfacet
  facet normal 0 0 1
    outer loop
      vertex 30.536602020263672 -35.07669448852539 4
      vertex 11.9700927734375 -23.628437042236328 4
      vertex 27.67376136779785 -35.685211181640625 4
    endloop
  endfacet
  facet normal 0 0 1
    outer loop
      vertex 25 -36.87564468383789 4
      vertex 21.246978759765625 -35.436336517333984 4
      vertex 22 -37 4
    endloop
  endfacet
  facet normal 0 0 1
    outer loop
      vertex 27.67376136779785 -35.685211181640625 4
      vertex 11.9700927734375 -23.628437042236328 4
      vertex 21.246978759765625 -35.436336517333984 4
    endloop
  endfacet
  facet normal 0 0 1
    outer loop
      vertex 14 -35 4
      vertex 18.198062896728516 -37.867767333984375 4
      vertex 18.198062896728516 -36.132232666015625 4
    endloop
  endfacet
  facet normal 0 0 1
    outer loop
      vertex 18.305932998657227 -46.089237213134766 4
      vertex 14 -35 4
      vertex 18 -49 4
    endloop
  endfacet
  facet normal 0 0 1
    outer loop
      vertex 18.198062896728516 -60.132232666015625 4
      vertex 14 -65 4
      vertex 17 -66 4
    endloop
  endfacet
  facet normal 0 0 1
    outer loop
      vertex 18 -49 4
      vertex 14 -35 4
      vertex 14 -65 4
    endloop
  endfacet
  facet normal 0 0 1
    outer loop
      vertex 19.55495834350586 -35.05014419555664 4
      vertex 14 -35 4
      vertex 18.198062896728516 -36.132232666015625 4
    endloop
  endfacet
  facet normal 0 0 1
    outer loop
      vertex 21.246978759765625 -35.436336517333984 4
      vertex 11.9700927734375 -23.628437042236328 4
      vertex 19.55495834350586 -35.05014419555664 4
    endloop
  endfacet
  facet normal 0 0 1
    outer loop
      vertex 11.9700927734375 -23.628437042236328 4
      vertex 53 -25 4
      vertex 62.14177322387695 -23.628437042236328 4
    endloop
  endfacet
  facet normal 0 0 1
    outer loop
      vertex 19.55495834350586 -35.05014419555664 4
      vertex 11.9700927734375 -23.628437042236328 4
      vertex 14 -35 4
    endloop
  endfacet
  facet normal 0 0 1
    outer loop
      vertex 10.44438648223877 -25.392242431640625 4
      vertex 11.9700927734375 -23.628437042236328 4
      vertex 10.925027847290039 -23.755329132080078 4
    endloop
  endfacet
  facet normal 0 0 1
    outer loop
      vertex 11.9700927734375 -23.628437042236328 4
      vertex 10.44438648223877 -25.392242431640625 4
      vertex 14 -35 4
    endloop
  endfacet
  facet normal 0 0 1
    outer loop
      vertex 8.953951835632324 -26.683712005615234 4
      vertex 14 -35 4
      vertex 10.44438648223877 -25.392242431640625 4
    endloop
  endfacet
  facet normal 0 0 1
    outer loop
      vertex 7.713326454162598 -26.86208724975586 4
      vertex 10 -35 4
      vertex 8.953951835632324 -26.683712005615234 4
    endloop
  endfacet
  facet normal 0 0 1
    outer loop
      vertex 14 -35 4
      vertex 8.953951835632324 -26.683712005615234 4
      vertex 10 -35 4
    endloop
  endfacet
  facet normal 0 0 1
    outer loop
      vertex 66.95394897460938 -69.31629180908203 4
      vertex 65 -65 4
      vertex 65.00189971923828 -69.03562927246094 4
    endloop
  endfacet
  facet normal 0 0 1
    outer loop
      vertex 65 -65 4
      vertex 63.207984924316406 -69.85487365722656 4
      vertex 65.00189971923828 -69.03562927246094 4
    endloop
  endfacet
  facet normal 0 0 1
    outer loop
      vertex 61 -65 4
      vertex 63.207984924316406 -69.85487365722656 4
      vertex 65 -65 4
    endloop
  endfacet
  facet normal 0 0 1
    outer loop
      vertex 63.207984924316406 -69.85487365722656 4
      vertex 61 -65 4
      vertex 62.14177322387695 -71.5139389038086 4
    endloop
  endfacet
  facet normal 0 0 1
    outer loop
      vertex 57 -65 4
      vertex 62.14177322387695 -71.5139389038086 4
      vertex 61 -65 4
    endloop
  endfacet
  facet normal 0 0 1
    outer loop
      vertex 57 -49 4
      vertex 61 -35 4
      vertex 57 -45 4
    endloop
  endfacet
  facet normal 0 0 1
    outer loop
      vertex 61 -35 4
      vertex 57 -49 4
      vertex 61 -65 4
    endloop
  endfacet
  facet normal 0 0 1
    outer loop
      vertex 57 -65 4
      vertex 61 -65 4
      vertex 57 -49 4
    endloop
  endfacet
  facet normal 0 0 1
    outer loop
      vertex 53 -65 4
      vertex 62.14177322387695 -71.5139389038086 4
      vertex 57 -65 4
    endloop
  endfacet
  facet normal 0 0 1
    outer loop
      vertex 62.14177322387695 -71.5139389038086 4
      vertex 53 -65 4
      vertex 62.14177322387695 -72.37156677246094 4
    endloop
  endfacet
  facet normal 0 0 1
    outer loop
      vertex 47 -70 4
      vertex 53 -65 4
      vertex 47 -66 4
    endloop
  endfacet
  facet normal 0 0 1
    outer loop
      vertex 53 -65 4
      vertex 47 -70 4
      vertex 62.14177322387695 -72.37156677246094 4
    endloop
  endfacet
  facet normal 0 0 1
    outer loop
      vertex 11.9700927734375 -72.37156677246094 4
      vertex 47 -70 4
      vertex 17 -70 4
    endloop
  endfacet
  facet normal 0 0 1
    outer loop
      vertex 17 -66 4
      vertex 14 -65 4
      vertex 17 -70 4
    endloop
  endfacet
  facet normal 0 0 1
    outer loop
      vertex 47 -70 4
      vertex 11.9700927734375 -72.37156677246094 4
      vertex 62.14177322387695 -72.37156677246094 4
    endloop
  endfacet
  facet normal 0 0 1
    outer loop
      vertex 10.44438648223877 -70.60775756835938 4
      vertex 17 -70 4
      vertex 14 -65 4
    endloop
  endfacet
  facet normal 0 0 1
    outer loop
      vertex 17 -70 4
      vertex 10.44438648223877 -70.60775756835938 4
      vertex 11.9700927734375 -72.37156677246094 4
    endloop
  endfacet
  facet normal 0 0 1
    outer loop
      vertex 11.9700927734375 -72.37156677246094 4
      vertex 10.44438648223877 -70.60775756835938 4
      vertex 10.925028800964355 -72.24467468261719 4
    endloop
  endfacet
  facet normal 0 0 1
    outer loop
      vertex 10 -65 4
      vertex 10.44438648223877 -70.60775756835938 4
      vertex 14 -65 4
    endloop
  endfacet
  facet normal 0 0 1
    outer loop
      vertex 10 -65 4
      vertex 8.953951835632324 -69.31629180908203 4
      vertex 10.44438648223877 -70.60775756835938 4
    endloop
  endfacet
  facet normal 0 0 1
    outer loop
      vertex 7.713326454162598 -69.1379165649414 4
      vertex 10 -35 4
      vertex 7.713326454162598 -26.86208724975586 4
    endloop
  endfacet
  facet normal 0 0 1
    outer loop
      vertex 10 -35 4
      vertex 7.713326454162598 -69.1379165649414 4
      vertex 10 -65 4
    endloop
  endfacet
  facet normal 0 0 1
    outer loop
      vertex 10 -65 4
      vertex 7.713326454162598 -69.1379165649414 4
      vertex 8.953951835632324 -69.31629180908203 4
    endloop
  endfacet
  facet normal 0 0 1
    outer loop
      vertex 53 -49 4
      vertex 46 -61 4
      vertex 53 -65 4
    endloop
  endfacet
  facet normal 0 0 1
    outer loop
      vertex 53 -65 4
      vertex 46 -61 4
      vertex 47 -66 4
    endloop
  endfacet
  facet normal 0 0 1
    outer loop
      vertex 45.246978759765625 -62.563663482666016 4
      vertex 47 -66 4
      vertex 46 -61 4
    endloop
  endfacet
  facet normal 0 0 1
    outer loop
      vertex 43.55495834350586 -62.94985580444336 4
      vertex 47 -66 4
      vertex 45.246978759765625 -62.563663482666016 4
    endloop
  endfacet
  facet normal 0 0 1
    outer loop
      vertex 36.326236724853516 -62.31479263305664 4
      vertex 43.55495834350586 -62.94985580444336 4
      vertex 42.198062896728516 -61.867767333984375 4
    endloop
  endfacet
  facet normal 0 0 1
    outer loop
      vertex 39 -61.12435531616211 4
      vertex 42.198062896728516 -61.867767333984375 4
      vertex 40.73933410644531 -59.86065673828125 4
    endloop
  endfacet
  facet normal 0 0 1
    outer loop
      vertex 36.326236724853516 -62.31479263305664 4
      vertex 42.198062896728516 -61.867767333984375 4
      vertex 39 -61.12435531616211 4
    endloop
  endfacet
  facet normal 0 0 1
    outer loop
      vertex 43.55495834350586 -62.94985580444336 4
      vertex 36.326236724853516 -62.31479263305664 4
      vertex 47 -66 4
    endloop
  endfacet
  facet normal 0 0 1
    outer loop
      vertex 33.46339797973633 -62.923309326171875 4
      vertex 47 -66 4
      vertex 36.326236724853516 -62.31479263305664 4
    endloop
  endfacet
  facet normal 0 0 1
    outer loop
      vertex 30.536602020263672 -62.923309326171875 4
      vertex 47 -66 4
      vertex 33.46339797973633 -62.923309326171875 4
    endloop
  endfacet
  facet normal 0 0 1
    outer loop
      vertex 22 -61 4
      vertex 25 -61.12435531616211 4
      vertex 23.260663986206055 -59.86065673828125 4
    endloop
  endfacet
  facet normal 0 0 1
    outer loop
      vertex 21.246978759765625 -62.563663482666016 4
      vertex 25 -61.12435531616211 4
      vertex 22 -61 4
    endloop
  endfacet
  facet normal 0 0 1
    outer loop
      vertex 25 -61.12435531616211 4
      vertex 21.246978759765625 -62.563663482666016 4
      vertex 27.67376136779785 -62.31479263305664 4
    endloop
  endfacet
  facet normal 0 0 1
    outer loop
      vertex 17 -66 4
      vertex 27.67376136779785 -62.31479263305664 4
      vertex 21.246978759765625 -62.563663482666016 4
    endloop
  endfacet
  facet normal 0 0 1
    outer loop
      vertex 27.67376136779785 -62.31479263305664 4
      vertex 17 -66 4
      vertex 30.536602020263672 -62.923309326171875 4
    endloop
  endfacet
  facet normal 0 0 1
    outer loop
      vertex 17 -66 4
      vertex 21.246978759765625 -62.563663482666016 4
      vertex 19.55495834350586 -62.94985580444336 4
    endloop
  endfacet
  facet normal 0 0 1
    outer loop
      vertex 30.536602020263672 -62.923309326171875 4
      vertex 17 -66 4
      vertex 47 -66 4
    endloop
  endfacet
  facet normal 0 0 1
    outer loop
      vertex 18.198062896728516 -61.867767333984375 4
      vertex 17 -66 4
      vertex 19.55495834350586 -62.94985580444336 4
    endloop
  endfacet
  facet normal 0 0 1
    outer loop
      vertex 18.198062896728516 -60.132232666015625 4
      vertex 17 -66 4
      vertex 18.198062896728516 -61.867767333984375 4
    endloop
  endfacet
  facet normal 0 0 1
    outer loop
      vertex 81.9700927734375 -23.628437042236328 4
      vertex 85.4000015258789 -27.5 4
      vertex 84.95327758789062 -25.687580108642578 4
    endloop
  endfacet
  facet normal 0 0 1
    outer loop
      vertex 85.4000015258789 -27.5 4
      vertex 73 -35 4
      vertex 85.4000015258789 -68.5 4
    endloop
  endfacet
  facet normal 0 0 1
    outer loop
      vertex 81.9700927734375 -23.628437042236328 4
      vertex 84.95327758789062 -25.687580108642578 4
      vertex 83.7154541015625 -24.290363311767578 4
    endloop
  endfacet
  facet normal 0 0 1
    outer loop
      vertex 73 -65 4
      vertex 85.4000015258789 -68.5 4
      vertex 73 -35 4
    endloop
  endfacet
  facet normal 0 0 1
    outer loop
      vertex 85.4000015258789 -27.5 4
      vertex 81.9700927734375 -23.628437042236328 4
      vertex 73 -35 4
    endloop
  endfacet
  facet normal 0 0 1
    outer loop
      vertex 81.9700927734375 -72.37156677246094 4
      vertex 85.4000015258789 -68.5 4
      vertex 73 -65 4
    endloop
  endfacet
  facet normal 0 0 1
    outer loop
      vertex 85.4000015258789 -68.5 4
      vertex 81.9700927734375 -72.37156677246094 4
      vertex 84.95327758789062 -70.31242370605469 4
    endloop
  endfacet
  facet normal 0 0 1
    outer loop
      vertex 68.44438934326172 -25.392242431640625 4
      vertex 73 -35 4
      vertex 81.9700927734375 -23.628437042236328 4
    endloop
  endfacet
  facet normal 0 0 1
    outer loop
      vertex 66.95394897460938 -26.683712005615234 4
      vertex 73 -35 4
      vertex 68.44438934326172 -25.392242431640625 4
    endloop
  endfacet
  facet normal 0 0 1
    outer loop
      vertex 68.44438934326172 -25.392242431640625 4
      vertex 81.9700927734375 -23.628437042236328 4
      vertex 68.96228790283203 -23.628437042236328 4
    endloop
  endfacet
  facet normal 0 0 1
    outer loop
      vertex 84.95327758789062 -70.31242370605469 4
      vertex 81.9700927734375 -72.37156677246094 4
      vertex 83.7154541015625 -71.70964050292969 4
    endloop
  endfacet
  facet normal 0 0 1
    outer loop
      vertex 68.44438934326172 -70.60775756835938 4
      vertex 73 -65 4
      vertex 69 -65 4
    endloop
  endfacet
  facet normal 0 0 1
    outer loop
      vertex 68.96228790283203 -72.37156677246094 4
      vertex 73 -65 4
      vertex 68.44438934326172 -70.60775756835938 4
    endloop
  endfacet
  facet normal 0 0 1
    outer loop
      vertex 73 -35 4
      vertex 66.95394897460938 -26.683712005615234 4
      vertex 69 -35 4
    endloop
  endfacet
  facet normal 0 0 1
    outer loop
      vertex 69 -35 4
      vertex 65 -35 4
      vertex 69 -65 4
    endloop
  endfacet
  facet normal 0 0 1
    outer loop
      vertex 73 -65 4
      vertex 68.96228790283203 -72.37156677246094 4
      vertex 81.9700927734375 -72.37156677246094 4
    endloop
  endfacet
  facet normal 0 0 1
    outer loop
      vertex 69 -35 4
      vertex 66.95394897460938 -26.683712005615234 4
      vertex 65 -35 4
    endloop
  endfacet
  facet normal 0 0 1
    outer loop
      vertex 65 -65 4
      vertex 69 -65 4
      vertex 65 -35 4
    endloop
  endfacet
  facet normal 0 0 1
    outer loop
      vertex 65 -35 4
      vertex 66.95394897460938 -26.683712005615234 4
      vertex 65.00189971923828 -26.964374542236328 4
    endloop
  endfacet
  facet normal 0 0 1
    outer loop
      vertex 69 -65 4
      vertex 66.95394897460938 -69.31629180908203 4
      vertex 68.44438934326172 -70.60775756835938 4
    endloop
  endfacet
  facet normal 0 0 1
    outer loop
      vertex 65 -65 4
      vertex 66.95394897460938 -69.31629180908203 4
      vertex 69 -65 4
    endloop
  endfacet
  facet normal 0 0 1
    outer loop
      vertex 61 -35 4
      vertex 65.00189971923828 -26.964374542236328 4
      vertex 63.207984924316406 -26.145124435424805 4
    endloop
  endfacet
  facet normal 0 0 1
    outer loop
      vertex 61 -35 4
      vertex 63.207984924316406 -26.145124435424805 4
      vertex 62.14177322387695 -24.486064910888672 4
    endloop
  endfacet
  facet normal 0 0 1
    outer loop
      vertex 65.00189971923828 -26.964374542236328 4
      vertex 61 -35 4
      vertex 65 -35 4
    endloop
  endfacet
  facet normal 0 0 1
    outer loop
      vertex 8.58080768585205 -24.913822174072266 4
      vertex 8.746978759765625 -25.063663482666016 4
      vertex 8.9378080368042 -24.667402267456055 4
    endloop
  endfacet
  facet normal 0 0 1
    outer loop
      vertex 8.746978759765625 -25.063663482666016 4
      vertex 8.58080768585205 -24.913822174072266 4
      vertex 8.468847274780273 -25.127145767211914 4
    endloop
  endfacet
  facet normal 0 0 1
    outer loop
      vertex 8.746978759765625 -70.93634033203125 4
      vertex 8.58080768585205 -71.086181640625 4
      vertex 8.9378080368042 -71.33259582519531 4
    endloop
  endfacet
  facet normal 0 0 1
    outer loop
      vertex 8.58080768585205 -71.086181640625 4
      vertex 8.746978759765625 -70.93634033203125 4
      vertex 8.468847274780273 -70.87285614013672 4
    endloop
  endfacet
  facet normal 0 0 1
    outer loop
      vertex 66.74697875976562 -70.93634033203125 4
      vertex 67.12584686279297 -72.37156677246094 4
      vertex 67.43814849853516 -72.37156677246094 4
    endloop
  endfacet
  facet normal 0 0 1
    outer loop
      vertex 66.74697875976562 -70.93634033203125 4
      vertex 66.3499984741211 -71.02775573730469 4
      vertex 67.12584686279297 -72.37156677246094 4
    endloop
  endfacet
  facet normal 0 0 1
    outer loop
      vertex 65.0549545288086 -70.55014038085938 4
      vertex 66.3499984741211 -71.02775573730469 4
      vertex 66.74697875976562 -70.93634033203125 4
    endloop
  endfacet
  facet normal 0 0 1
    outer loop
      vertex 65.0549545288086 -70.55014038085938 4
      vertex 64.6500015258789 -71.02775573730469 4
      vertex 66.3499984741211 -71.02775573730469 4
    endloop
  endfacet
  facet normal 0 0 1
    outer loop
      vertex 63.698062896728516 -71.63223266601562 4
      vertex 64.6500015258789 -71.02775573730469 4
      vertex 65.0549545288086 -70.55014038085938 4
    endloop
  endfacet
  facet normal 0 0 1
    outer loop
      vertex 63.698062896728516 -71.63223266601562 4
      vertex 63.87415313720703 -72.37156677246094 4
      vertex 64.6500015258789 -71.02775573730469 4
    endloop
  endfacet
  facet normal 0 0 1
    outer loop
      vertex 63.87415313720703 -72.37156677246094 4
      vertex 63.698062896728516 -71.63223266601562 4
      vertex 63.698062896728516 -72.37156677246094 4
    endloop
  endfacet
  facet normal 0 0 1
    outer loop
      vertex 67.12584686279297 -23.628437042236328 4
      vertex 66.74697875976562 -25.063663482666016 4
      vertex 67.43814849853516 -23.628437042236328 4
    endloop
  endfacet
  facet normal 0 0 1
    outer loop
      vertex 66.3499984741211 -24.972244262695312 4
      vertex 66.74697875976562 -25.063663482666016 4
      vertex 67.12584686279297 -23.628437042236328 4
    endloop
  endfacet
  facet normal 0 0 1
    outer loop
      vertex 66.3499984741211 -24.972244262695312 4
      vertex 65.0549545288086 -25.44985580444336 4
      vertex 66.74697875976562 -25.063663482666016 4
    endloop
  endfacet
  facet normal 0 0 1
    outer loop
      vertex 64.6500015258789 -24.972244262695312 4
      vertex 65.0549545288086 -25.44985580444336 4
      vertex 66.3499984741211 -24.972244262695312 4
    endloop
  endfacet
  facet normal 0 0 1
    outer loop
      vertex 63.698062896728516 -24.367767333984375 4
      vertex 63.87415313720703 -23.628437042236328 4
      vertex 63.698062896728516 -23.628437042236328 4
    endloop
  endfacet
  facet normal 0 0 1
    outer loop
      vertex 64.6500015258789 -24.972244262695312 4
      vertex 63.698062896728516 -24.367767333984375 4
      vertex 65.0549545288086 -25.44985580444336 4
    endloop
  endfacet
  facet normal 0 0 1
    outer loop
      vertex 63.87415313720703 -23.628437042236328 4
      vertex 63.698062896728516 -24.367767333984375 4
      vertex 64.6500015258789 -24.972244262695312 4
    endloop
  endfacet
  facet normal 0 0 -1
    outer loop
      vertex 8.34999942779541 -73.97224426269531 4
      vertex 8.34999942779541 -71.02775573730469 4
      vertex 9.199999809265137 -72.5 4
    endloop
  endfacet
  facet normal 0 0 -1
    outer loop
      vertex 6.649999618530273 -73.97224426269531 4
      vertex 8.34999942779541 -71.02775573730469 4
      vertex 8.34999942779541 -73.97224426269531 4
    endloop
  endfacet
  facet normal 0 0 -1
    outer loop
      vertex 6.649999618530273 -73.97224426269531 4
      vertex 6.649999618530273 -71.02775573730469 4
      vertex 8.34999942779541 -71.02775573730469 4
    endloop
  endfacet
  facet normal 0 0 -1
    outer loop
      vertex 6.649999618530273 -71.02775573730469 4
      vertex 6.649999618530273 -73.97224426269531 4
      vertex 5.799999237060547 -72.5 4
    endloop
  endfacet
  facet normal 0 0 -1
    outer loop
      vertex 66.3499984741211 -73.97224426269531 4
      vertex 67.12584686279297 -72.37156677246094 4
      vertex 67.19999694824219 -72.5 4
    endloop
  endfacet
  facet normal 0 0 -1
    outer loop
      vertex 64.6500015258789 -73.97224426269531 4
      vertex 67.12584686279297 -72.37156677246094 4
      vertex 66.3499984741211 -73.97224426269531 4
    endloop
  endfacet
  facet normal 0 0 -1
    outer loop
      vertex 64.6500015258789 -73.97224426269531 4
      vertex 63.87415313720703 -72.37156677246094 4
      vertex 67.12584686279297 -72.37156677246094 4
    endloop
  endfacet
  facet normal 0 0 -1
    outer loop
      vertex 63.87415313720703 -72.37156677246094 4
      vertex 64.6500015258789 -73.97224426269531 4
      vertex 63.79999923706055 -72.5 4
    endloop
  endfacet
  facet normal 0 0 -1
    outer loop
      vertex 8.34999942779541 -24.972244262695312 4
      vertex 8.34999942779541 -22.02775764465332 4
      vertex 9.199999809265137 -23.5 4
    endloop
  endfacet
  facet normal 0 0 -1
    outer loop
      vertex 6.649999618530273 -24.972244262695312 4
      vertex 8.34999942779541 -22.02775764465332 4
      vertex 8.34999942779541 -24.972244262695312 4
    endloop
  endfacet
  facet normal 0 0 -1
    outer loop
      vertex 6.649999618530273 -24.972244262695312 4
      vertex 6.649999618530273 -22.02775764465332 4
      vertex 8.34999942779541 -22.02775764465332 4
    endloop
  endfacet
  facet normal 0 0 -1
    outer loop
      vertex 6.649999618530273 -22.02775764465332 4
      vertex 6.649999618530273 -24.972244262695312 4
      vertex 5.799999237060547 -23.5 4
    endloop
  endfacet
  facet normal 0 0 -1
    outer loop
      vertex 67.12584686279297 -23.628437042236328 4
      vertex 66.3499984741211 -22.02775764465332 4
      vertex 67.19999694824219 -23.5 4
    endloop
  endfacet
  facet normal 0 0 -1
    outer loop
      vertex 67.12584686279297 -23.628437042236328 4
      vertex 64.6500015258789 -22.02775764465332 4
      vertex 66.3499984741211 -22.02775764465332 4
    endloop
  endfacet
  facet normal 0 0 -1
    outer loop
      vertex 63.87415313720703 -23.628437042236328 4
      vertex 64.6500015258789 -22.02775764465332 4
      vertex 67.12584686279297 -23.628437042236328 4
    endloop
  endfacet
  facet normal 0 0 -1
    outer loop
      vertex 64.6500015258789 -22.02775764465332 4
      vertex 63.87415313720703 -23.628437042236328 4
      vertex 63.79999923706055 -23.5 4
    endloop
  endfacet
  facet normal 0.9238757128750179 -0.3826926536526115 0
    outer loop
      vertex 92.51295471191406 -75 4
      vertex 92.74444580078125 -74.44114685058594 0
      vertex 92.74444580078125 -74.44114685058594 4
    endloop
  endfacet
  facet normal 0.9238810278673447 -0.3826798222362639 0
    outer loop
      vertex 91.99519348144531 -76.25 0
      vertex 92.51295471191406 -75 4
      vertex 91.99519348144531 -76.25 4
    endloop
  endfacet
  facet normal 0.9238793857885731 -0.3826837865821106 0.0000014514092584250827
    outer loop
      vertex 92.51295471191406 -75 4
      vertex 91.99519348144531 -76.25 0
      vertex 92.74444580078125 -74.44114685058594 0
    endloop
  endfacet
  facet normal 0.9594932275034097 -0.28173169217375943 0
    outer loop
      vertex 88.44438934326172 -74.39224243164062 8
      vertex 89 -72.5 4
      vertex 89 -72.5 8
    endloop
  endfacet
  facet normal 0.9594932275034097 -0.28173169217375943 0
    outer loop
      vertex 89 -72.5 4
      vertex 88.44438934326172 -74.39224243164062 8
      vertex 88.44438934326172 -74.39224243164062 4
    endloop
  endfacet
  facet normal 0.9594932275034097 0.28173169217375943 0
    outer loop
      vertex 89 -23.5 8
      vertex 88.44438934326172 -21.607757568359375 4
      vertex 88.44438934326172 -21.607757568359375 8
    endloop
  endfacet
  facet normal 0.9594932275034097 0.28173169217375943 0
    outer loop
      vertex 88.44438934326172 -21.607757568359375 4
      vertex 89 -23.5 8
      vertex 89 -23.5 4
    endloop
  endfacet
  facet normal 0 1 0
    outer loop
      vertex 85.00189971923828 -20.035625457763672 4
      vertex 65.00189971923828 -20.035625457763672 8
      vertex 85.00189971923828 -20.035625457763672 8
    endloop
  endfacet
  facet normal 0 1 0
    outer loop
      vertex 7.001897811889648 -20.035625457763672 4
      vertex 65.00189971923828 -20.035625457763672 8
      vertex 85.00189971923828 -20.035625457763672 4
    endloop
  endfacet
  facet normal 0 1 0
    outer loop
      vertex 65.00189971923828 -20.035625457763672 8
      vertex 7.001897811889648 -20.035625457763672 4
      vertex 7.001897811889648 -20.035625457763672 8
    endloop
  endfacet
  facet normal 0 -1 0
    outer loop
      vertex 7.001897811889648 -75.9643783569336 4
      vertex 65.00189971923828 -75.9643783569336 8
      vertex 7.001897811889648 -75.9643783569336 8
    endloop
  endfacet
  facet normal 0 -1 0
    outer loop
      vertex 85.00189971923828 -75.9643783569336 4
      vertex 65.00189971923828 -75.9643783569336 8
      vertex 7.001897811889648 -75.9643783569336 4
    endloop
  endfacet
  facet normal 0 -1 0
    outer loop
      vertex 65.00189971923828 -75.9643783569336 8
      vertex 85.00189971923828 -75.9643783569336 4
      vertex 85.00189971923828 -75.9643783569336 8
    endloop
  endfacet
  facet normal -1 0 0
    outer loop
      vertex 89 -72.5 4
      vertex 89 -75 4
      vertex 89 -72.5 8
    endloop
  endfacet
  facet normal -1 0 0
    outer loop
      vertex 89 -23.5 8
      vertex 89 -21 4
      vertex 89 -23.5 4
    endloop
  endfacet
  facet normal -1 0 0
    outer loop
      vertex 89 -21 4
      vertex 89 -23.5 8
      vertex 89 -21 9
    endloop
  endfacet
  facet normal -1 0 0
    outer loop
      vertex 89 -72.5 8
      vertex 89 -21 9
      vertex 89 -23.5 8
    endloop
  endfacet
  facet normal -1 0 0
    outer loop
      vertex 89 -72.5 8
      vertex 89 -75 9
      vertex 89 -21 9
    endloop
  endfacet
  facet normal -1 0 0
    outer loop
      vertex 89 -75 9
      vertex 89 -72.5 8
      vertex 89 -75 4
    endloop
  endfacet
  facet normal 0.14231494999801575 0.9898214258173352 0
    outer loop
      vertex 86.95394897460938 -20.316287994384766 4
      vertex 85.00189971923828 -20.035625457763672 8
      vertex 86.95394897460938 -20.316287994384766 8
    endloop
  endfacet
  facet normal 0.14231494999801575 0.9898214258173352 0
    outer loop
      vertex 85.00189971923828 -20.035625457763672 8
      vertex 86.95394897460938 -20.316287994384766 4
      vertex 85.00189971923828 -20.035625457763672 4
    endloop
  endfacet
  facet normal 0.6548594720596809 0.7557506677825141 0
    outer loop
      vertex 88.44438934326172 -21.607757568359375 4
      vertex 86.95394897460938 -20.316287994384766 8
      vertex 88.44438934326172 -21.607757568359375 8
    endloop
  endfacet
  facet normal 0.6548594720596809 0.7557506677825141 0
    outer loop
      vertex 86.95394897460938 -20.316287994384766 8
      vertex 88.44438934326172 -21.607757568359375 4
      vertex 86.95394897460938 -20.316287994384766 4
    endloop
  endfacet
  facet normal 0.6548605768510346 -0.7557497104771725 0
    outer loop
      vertex 86.95394897460938 -75.6837158203125 4
      vertex 88.44438934326172 -74.39224243164062 8
      vertex 86.95394897460938 -75.6837158203125 8
    endloop
  endfacet
  facet normal 0.6548605768510346 -0.7557497104771725 0
    outer loop
      vertex 88.44438934326172 -74.39224243164062 8
      vertex 86.95394897460938 -75.6837158203125 4
      vertex 88.44438934326172 -74.39224243164062 4
    endloop
  endfacet
  facet normal 0.14231494999801575 -0.9898214258173352 0
    outer loop
      vertex 85.00189971923828 -75.9643783569336 4
      vertex 86.95394897460938 -75.6837158203125 8
      vertex 85.00189971923828 -75.9643783569336 8
    endloop
  endfacet
  facet normal 0.14231494999801575 -0.9898214258173352 0
    outer loop
      vertex 86.95394897460938 -75.6837158203125 8
      vertex 85.00189971923828 -75.9643783569336 4
      vertex 86.95394897460938 -75.6837158203125 4
    endloop
  endfacet
  facet normal 0 0 1
    outer loop
      vertex 81.9700927734375 -72.37156677246094 8
      vertex 68.96228790283203 -72.37156677246094 8
      vertex 69 -72.5 8
    endloop
  endfacet
  facet normal 0 0 1
    outer loop
      vertex 84.95327758789062 -25.687580108642578 8
      vertex 89 -23.5 8
      vertex 88.44438934326172 -21.607757568359375 8
    endloop
  endfacet
  facet normal 0 0 1
    outer loop
      vertex 89 -23.5 8
      vertex 85.4000015258789 -27.5 8
      vertex 89 -72.5 8
    endloop
  endfacet
  facet normal 0 0 1
    outer loop
      vertex 83.7154541015625 -24.290363311767578 8
      vertex 88.44438934326172 -21.607757568359375 8
      vertex 86.95394897460938 -20.316287994384766 8
    endloop
  endfacet
  facet normal 0 0 1
    outer loop
      vertex 85.4000015258789 -68.5 8
      vertex 89 -72.5 8
      vertex 85.4000015258789 -27.5 8
    endloop
  endfacet
  facet normal 0 0 1
    outer loop
      vertex 84.95327758789062 -70.31242370605469 8
      vertex 89 -72.5 8
      vertex 85.4000015258789 -68.5 8
    endloop
  endfacet
  facet normal 0 0 1
    outer loop
      vertex 83.7154541015625 -24.290363311767578 8
      vertex 86.95394897460938 -20.316287994384766 8
      vertex 85.00189971923828 -20.035625457763672 8
    endloop
  endfacet
  facet normal 0 0 1
    outer loop
      vertex 89 -23.5 8
      vertex 84.95327758789062 -25.687580108642578 8
      vertex 85.4000015258789 -27.5 8
    endloop
  endfacet
  facet normal 0 0 1
    outer loop
      vertex 88.44438934326172 -21.607757568359375 8
      vertex 83.7154541015625 -24.290363311767578 8
      vertex 84.95327758789062 -25.687580108642578 8
    endloop
  endfacet
  facet normal 0 0 1
    outer loop
      vertex 85.00189971923828 -20.035625457763672 8
      vertex 81.9700927734375 -23.628437042236328 8
      vertex 83.7154541015625 -24.290363311767578 8
    endloop
  endfacet
  facet normal 0 0 1
    outer loop
      vertex 68.44438934326172 -21.607757568359375 8
      vertex 81.9700927734375 -23.628437042236328 8
      vertex 85.00189971923828 -20.035625457763672 8
    endloop
  endfacet
  facet normal 0 0 1
    outer loop
      vertex 81.9700927734375 -23.628437042236328 8
      vertex 68.44438934326172 -21.607757568359375 8
      vertex 69 -23.5 8
    endloop
  endfacet
  facet normal 0 0 1
    outer loop
      vertex 85.00189971923828 -20.035625457763672 8
      vertex 66.95394897460938 -20.316287994384766 8
      vertex 68.44438934326172 -21.607757568359375 8
    endloop
  endfacet
  facet normal 0 0 1
    outer loop
      vertex 66.95394897460938 -20.316287994384766 8
      vertex 85.00189971923828 -20.035625457763672 8
      vertex 65.00189971923828 -20.035625457763672 8
    endloop
  endfacet
  facet normal 0 0 1
    outer loop
      vertex 89 -72.5 8
      vertex 84.95327758789062 -70.31242370605469 8
      vertex 88.44438934326172 -74.39224243164062 8
    endloop
  endfacet
  facet normal 0 0 1
    outer loop
      vertex 83.7154541015625 -71.70964050292969 8
      vertex 88.44438934326172 -74.39224243164062 8
      vertex 84.95327758789062 -70.31242370605469 8
    endloop
  endfacet
  facet normal 0 0 1
    outer loop
      vertex 88.44438934326172 -74.39224243164062 8
      vertex 83.7154541015625 -71.70964050292969 8
      vertex 86.95394897460938 -75.6837158203125 8
    endloop
  endfacet
  facet normal 0 0 1
    outer loop
      vertex 86.95394897460938 -75.6837158203125 8
      vertex 83.7154541015625 -71.70964050292969 8
      vertex 85.00189971923828 -75.9643783569336 8
    endloop
  endfacet
  facet normal 0 0 1
    outer loop
      vertex 81.9700927734375 -72.37156677246094 8
      vertex 85.00189971923828 -75.9643783569336 8
      vertex 83.7154541015625 -71.70964050292969 8
    endloop
  endfacet
  facet normal 0 0 1
    outer loop
      vertex 68.44438934326172 -74.39224243164062 8
      vertex 81.9700927734375 -72.37156677246094 8
      vertex 69 -72.5 8
    endloop
  endfacet
  facet normal 0 0 1
    outer loop
      vertex 81.9700927734375 -72.37156677246094 8
      vertex 68.44438934326172 -74.39224243164062 8
      vertex 85.00189971923828 -75.9643783569336 8
    endloop
  endfacet
  facet normal 0 0 1
    outer loop
      vertex 66.95394897460938 -75.6837158203125 8
      vertex 85.00189971923828 -75.9643783569336 8
      vertex 68.44438934326172 -74.39224243164062 8
    endloop
  endfacet
  facet normal 0 0 1
    outer loop
      vertex 85.00189971923828 -75.9643783569336 8
      vertex 66.95394897460938 -75.6837158203125 8
      vertex 65.00189971923828 -75.9643783569336 8
    endloop
  endfacet
  facet normal 0 0 1
    outer loop
      vertex 81.9700927734375 -23.628437042236328 8
      vertex 69 -23.5 8
      vertex 68.96228790283203 -23.628437042236328 8
    endloop
  endfacet
  facet normal 0 0 1
    outer loop
      vertex 62.14177322387695 -22.51393699645996 8
      vertex 11.9700927734375 -23.628437042236328 8
      vertex 62.14177322387695 -23.628437042236328 8
    endloop
  endfacet
  facet normal 0 0 1
    outer loop
      vertex 63.207984924316406 -20.854877471923828 8
      vertex 11.9700927734375 -23.628437042236328 8
      vertex 62.14177322387695 -22.51393699645996 8
    endloop
  endfacet
  facet normal 0 0 1
    outer loop
      vertex 8.953951835632324 -20.316287994384766 8
      vertex 63.207984924316406 -20.854877471923828 8
      vertex 65.00189971923828 -20.035625457763672 8
    endloop
  endfacet
  facet normal 0 0 1
    outer loop
      vertex 63.207984924316406 -20.854877471923828 8
      vertex 10.44438648223877 -21.607757568359375 8
      vertex 11.9700927734375 -23.628437042236328 8
    endloop
  endfacet
  facet normal 0 0 1
    outer loop
      vertex 11.9700927734375 -23.628437042236328 8
      vertex 10.44438648223877 -21.607757568359375 8
      vertex 11 -23.5 8
    endloop
  endfacet
  facet normal 0 0 1
    outer loop
      vertex 63.207984924316406 -20.854877471923828 8
      vertex 8.953951835632324 -20.316287994384766 8
      vertex 10.44438648223877 -21.607757568359375 8
    endloop
  endfacet
  facet normal 0 0 1
    outer loop
      vertex 8.953951835632324 -20.316287994384766 8
      vertex 65.00189971923828 -20.035625457763672 8
      vertex 7.001897811889648 -20.035625457763672 8
    endloop
  endfacet
  facet normal 0 0 1
    outer loop
      vertex 11.9700927734375 -23.628437042236328 8
      vertex 11 -23.5 8
      vertex 10.925027847290039 -23.755329132080078 8
    endloop
  endfacet
  facet normal 0 0 1
    outer loop
      vertex 62.14177322387695 -72.37156677246094 8
      vertex 11.9700927734375 -72.37156677246094 8
      vertex 62.14177322387695 -73.4860610961914 8
    endloop
  endfacet
  facet normal 0 0 1
    outer loop
      vertex 11.9700927734375 -72.37156677246094 8
      vertex 63.207984924316406 -75.14512634277344 8
      vertex 62.14177322387695 -73.4860610961914 8
    endloop
  endfacet
  facet normal 0 0 1
    outer loop
      vertex 10.44438648223877 -74.39224243164062 8
      vertex 63.207984924316406 -75.14512634277344 8
      vertex 11.9700927734375 -72.37156677246094 8
    endloop
  endfacet
  facet normal 0 0 1
    outer loop
      vertex 10.44438648223877 -74.39224243164062 8
      vertex 11.9700927734375 -72.37156677246094 8
      vertex 11 -72.5 8
    endloop
  endfacet
  facet normal 0 0 1
    outer loop
      vertex 8.953951835632324 -75.6837158203125 8
      vertex 63.207984924316406 -75.14512634277344 8
      vertex 10.44438648223877 -74.39224243164062 8
    endloop
  endfacet
  facet normal 0 0 1
    outer loop
      vertex 63.207984924316406 -75.14512634277344 8
      vertex 8.953951835632324 -75.6837158203125 8
      vertex 65.00189971923828 -75.9643783569336 8
    endloop
  endfacet
  facet normal 0 0 1
    outer loop
      vertex 65.00189971923828 -75.9643783569336 8
      vertex 8.953951835632324 -75.6837158203125 8
      vertex 7.001897811889648 -75.9643783569336 8
    endloop
  endfacet
  facet normal 0 0 1
    outer loop
      vertex 11.9700927734375 -72.37156677246094 8
      vertex 10.925028800964355 -72.24467468261719 8
      vertex 11 -72.5 8
    endloop
  endfacet
  facet normal 0 0 1
    outer loop
      vertex 8.58080768585205 -71.086181640625 8
      vertex 9.5 -72.5 8
      vertex 8.9378080368042 -71.33259582519531 8
    endloop
  endfacet
  facet normal 0 0 1
    outer loop
      vertex 9.5 -72.5 8
      vertex 8.58080768585205 -71.086181640625 8
      vertex 8.746978759765625 -74.06365966796875 8
    endloop
  endfacet
  facet normal 0 0 1
    outer loop
      vertex 7.054957389831543 -70.55014038085938 8
      vertex 8.58080768585205 -71.086181640625 8
      vertex 8.468847274780273 -70.87285614013672 8
    endloop
  endfacet
  facet normal 0 0 1
    outer loop
      vertex 8.58080768585205 -71.086181640625 8
      vertex 7.054957389831543 -70.55014038085938 8
      vertex 5.698061943054199 -71.63223266601562 8
    endloop
  endfacet
  facet normal 0 0 1
    outer loop
      vertex 8.58080768585205 -71.086181640625 8
      vertex 7.054957389831543 -74.44985961914062 8
      vertex 8.746978759765625 -74.06365966796875 8
    endloop
  endfacet
  facet normal 0 0 1
    outer loop
      vertex 8.58080768585205 -71.086181640625 8
      vertex 5.698061943054199 -71.63223266601562 8
      vertex 5.698061943054199 -73.36776733398438 8
    endloop
  endfacet
  facet normal 0 0 1
    outer loop
      vertex 8.58080768585205 -71.086181640625 8
      vertex 5.698061943054199 -73.36776733398438 8
      vertex 7.054957389831543 -74.44985961914062 8
    endloop
  endfacet
  facet normal 0 0 1
    outer loop
      vertex 8.58080768585205 -24.913822174072266 8
      vertex 9.5 -23.5 8
      vertex 8.746978759765625 -21.936336517333984 8
    endloop
  endfacet
  facet normal 0 0 1
    outer loop
      vertex 9.5 -23.5 8
      vertex 8.58080768585205 -24.913822174072266 8
      vertex 8.9378080368042 -24.667402267456055 8
    endloop
  endfacet
  facet normal 0 0 1
    outer loop
      vertex 7.054957389831543 -21.55014419555664 8
      vertex 8.58080768585205 -24.913822174072266 8
      vertex 8.746978759765625 -21.936336517333984 8
    endloop
  endfacet
  facet normal 0 0 1
    outer loop
      vertex 5.698061943054199 -22.632232666015625 8
      vertex 8.58080768585205 -24.913822174072266 8
      vertex 7.054957389831543 -21.55014419555664 8
    endloop
  endfacet
  facet normal 0 0 1
    outer loop
      vertex 5.698061943054199 -24.367767333984375 8
      vertex 8.58080768585205 -24.913822174072266 8
      vertex 5.698061943054199 -22.632232666015625 8
    endloop
  endfacet
  facet normal 0 0 1
    outer loop
      vertex 7.054957389831543 -25.44985580444336 8
      vertex 8.58080768585205 -24.913822174072266 8
      vertex 5.698061943054199 -24.367767333984375 8
    endloop
  endfacet
  facet normal 0 0 1
    outer loop
      vertex 8.58080768585205 -24.913822174072266 8
      vertex 7.054957389831543 -25.44985580444336 8
      vertex 8.468847274780273 -25.127145767211914 8
    endloop
  endfacet
  facet normal 0 0 1
    outer loop
      vertex 7.001897811889648 -26.964374542236328 8
      vertex 7.713326454162598 -69.1379165649414 8
      vertex 7.713326454162598 -26.86208724975586 8
    endloop
  endfacet
  facet normal 0 0 1
    outer loop
      vertex 7.001897811889648 -26.964374542236328 8
      vertex 7.001897811889648 -69.03562927246094 8
      vertex 7.713326454162598 -69.1379165649414 8
    endloop
  endfacet
  facet normal 0 0 1
    outer loop
      vertex 5.207986831665039 -26.145124435424805 8
      vertex 7.001897811889648 -69.03562927246094 8
      vertex 7.001897811889648 -26.964374542236328 8
    endloop
  endfacet
  facet normal 0 0 1
    outer loop
      vertex 5.207986831665039 -26.145124435424805 8
      vertex 5.207986831665039 -69.85487365722656 8
      vertex 7.001897811889648 -69.03562927246094 8
    endloop
  endfacet
  facet normal 0 0 1
    outer loop
      vertex 4.1417741775512695 -24.486064910888672 8
      vertex 5.207986831665039 -69.85487365722656 8
      vertex 5.207986831665039 -26.145124435424805 8
    endloop
  endfacet
  facet normal 0 0 1
    outer loop
      vertex 5.207986831665039 -69.85487365722656 8
      vertex 4.1417741775512695 -24.486064910888672 8
      vertex 4.1417741775512695 -71.5139389038086 8
    endloop
  endfacet
  facet normal 0 0 1
    outer loop
      vertex 67.43814849853516 -72.37156677246094 8
      vertex 66.74697875976562 -74.06365966796875 8
      vertex 67.5 -72.5 8
    endloop
  endfacet
  facet normal 0 0 1
    outer loop
      vertex 63.698062896728516 -72.37156677246094 8
      vertex 66.74697875976562 -74.06365966796875 8
      vertex 67.43814849853516 -72.37156677246094 8
    endloop
  endfacet
  facet normal 0 0 1
    outer loop
      vertex 66.74697875976562 -74.06365966796875 8
      vertex 63.698062896728516 -72.37156677246094 8
      vertex 65.0549545288086 -74.44985961914062 8
    endloop
  endfacet
  facet normal 0 0 1
    outer loop
      vertex 65.0549545288086 -74.44985961914062 8
      vertex 63.698062896728516 -72.37156677246094 8
      vertex 63.698062896728516 -73.36776733398438 8
    endloop
  endfacet
  facet normal 0 0 1
    outer loop
      vertex 66.74697875976562 -21.936336517333984 8
      vertex 67.43814849853516 -23.628437042236328 8
      vertex 67.5 -23.5 8
    endloop
  endfacet
  facet normal 0 0 1
    outer loop
      vertex 63.698062896728516 -23.628437042236328 8
      vertex 66.74697875976562 -21.936336517333984 8
      vertex 65.0549545288086 -21.55014419555664 8
    endloop
  endfacet
  facet normal 0 0 1
    outer loop
      vertex 63.698062896728516 -23.628437042236328 8
      vertex 65.0549545288086 -21.55014419555664 8
      vertex 63.698062896728516 -22.632232666015625 8
    endloop
  endfacet
  facet normal 0 0 1
    outer loop
      vertex 66.74697875976562 -21.936336517333984 8
      vertex 63.698062896728516 -23.628437042236328 8
      vertex 67.43814849853516 -23.628437042236328 8
    endloop
  endfacet
  facet normal 0.5680563691259009 0.8229896484740851 0
    outer loop
      vertex 8.9378080368042 -71.33259582519531 4
      vertex 8.58080768585205 -71.086181640625 8
      vertex 8.9378080368042 -71.33259582519531 8
    endloop
  endfacet
  facet normal 0.5680563691259009 0.8229896484740851 0
    outer loop
      vertex 8.58080768585205 -71.086181640625 8
      vertex 8.9378080368042 -71.33259582519531 4
      vertex 8.58080768585205 -71.086181640625 4
    endloop
  endfacet
  facet normal -1 0 0
    outer loop
      vertex 85.4000015258789 -68.5 4
      vertex 85.4000015258789 -27.5 8
      vertex 85.4000015258789 -27.5 4
    endloop
  endfacet
  facet normal -1 0 0
    outer loop
      vertex 85.4000015258789 -27.5 8
      vertex 85.4000015258789 -68.5 4
      vertex 85.4000015258789 -68.5 8
    endloop
  endfacet
  facet normal 0.8854567900161859 -0.464721715668885 0
    outer loop
      vertex 8.468847274780273 -25.127145767211914 8
      vertex 8.58080768585205 -24.913822174072266 4
      vertex 8.58080768585205 -24.913822174072266 8
    endloop
  endfacet
  facet normal 0.8854567900161859 -0.464721715668885 0
    outer loop
      vertex 8.58080768585205 -24.913822174072266 4
      vertex 8.468847274780273 -25.127145767211914 8
      vertex 8.468847274780273 -25.127145767211914 4
    endloop
  endfacet
  facet normal -0.7485114347277 -0.6631218832777879 0
    outer loop
      vertex 84.95327758789062 -25.687580108642578 4
      vertex 83.7154541015625 -24.290363311767578 8
      vertex 83.7154541015625 -24.290363311767578 4
    endloop
  endfacet
  facet normal -0.7485114347277 -0.6631218832777879 0
    outer loop
      vertex 83.7154541015625 -24.290363311767578 8
      vertex 84.95327758789062 -25.687580108642578 4
      vertex 84.95327758789062 -25.687580108642578 8
    endloop
  endfacet
  facet normal 1 0 0
    outer loop
      vertex 7.713326454162598 -69.1379165649414 8
      vertex 7.713326454162598 -26.86208724975586 4
      vertex 7.713326454162598 -26.86208724975586 8
    endloop
  endfacet
  facet normal 1 0 0
    outer loop
      vertex 7.713326454162598 -26.86208724975586 4
      vertex 7.713326454162598 -69.1379165649414 8
      vertex 7.713326454162598 -69.1379165649414 4
    endloop
  endfacet
  facet normal -0.7485114347277 0.6631218832777879 0
    outer loop
      vertex 83.7154541015625 -71.70964050292969 4
      vertex 84.95327758789062 -70.31242370605469 8
      vertex 84.95327758789062 -70.31242370605469 4
    endloop
  endfacet
  facet normal -0.7485114347277 0.6631218832777879 0
    outer loop
      vertex 84.95327758789062 -70.31242370605469 8
      vertex 83.7154541015625 -71.70964050292969 4
      vertex 83.7154541015625 -71.70964050292969 8
    endloop
  endfacet
  facet normal 0.8854584997950015 0.46471845792994426 0
    outer loop
      vertex 8.58080768585205 -71.086181640625 8
      vertex 8.468847274780273 -70.87285614013672 4
      vertex 8.468847274780273 -70.87285614013672 8
    endloop
  endfacet
  facet normal 0.8854584997950015 0.46471845792994426 0
    outer loop
      vertex 8.468847274780273 -70.87285614013672 4
      vertex 8.58080768585205 -71.086181640625 8
      vertex 8.58080768585205 -71.086181640625 4
    endloop
  endfacet
  facet normal 0 1 0
    outer loop
      vertex 62.14177322387695 -72.37156677246094 4
      vertex 11.9700927734375 -72.37156677246094 8
      vertex 62.14177322387695 -72.37156677246094 8
    endloop
  endfacet
  facet normal 0 1 0
    outer loop
      vertex 11.9700927734375 -72.37156677246094 8
      vertex 62.14177322387695 -72.37156677246094 4
      vertex 11.9700927734375 -72.37156677246094 4
    endloop
  endfacet
  facet normal 0 1 0
    outer loop
      vertex 81.9700927734375 -72.37156677246094 4
      vertex 68.96228790283203 -72.37156677246094 8
      vertex 81.9700927734375 -72.37156677246094 8
    endloop
  endfacet
  facet normal 0 1 0
    outer loop
      vertex 68.96228790283203 -72.37156677246094 8
      vertex 81.9700927734375 -72.37156677246094 4
      vertex 68.96228790283203 -72.37156677246094 4
    endloop
  endfacet
  facet normal 0 1 0
    outer loop
      vertex 67.12584686279297 -72.37156677246094 4
      vertex 67.43814849853516 -72.37156677246094 8
      vertex 67.43814849853516 -72.37156677246094 4
    endloop
  endfacet
  facet normal 0 1 0
    outer loop
      vertex 67.43814849853516 -72.37156677246094 8
      vertex 67.12584686279297 -72.37156677246094 4
      vertex 63.698062896728516 -72.37156677246094 8
    endloop
  endfacet
  facet normal 0 1 0
    outer loop
      vertex 63.87415313720703 -72.37156677246094 4
      vertex 63.698062896728516 -72.37156677246094 8
      vertex 67.12584686279297 -72.37156677246094 4
    endloop
  endfacet
  facet normal 0 1 0
    outer loop
      vertex 63.698062896728516 -72.37156677246094 8
      vertex 63.87415313720703 -72.37156677246094 4
      vertex 63.698062896728516 -72.37156677246094 4
    endloop
  endfacet
  facet normal -0.3546039638109454 -0.9350165928204514 0
    outer loop
      vertex 81.9700927734375 -23.628437042236328 4
      vertex 83.7154541015625 -24.290363311767578 8
      vertex 81.9700927734375 -23.628437042236328 8
    endloop
  endfacet
  facet normal -0.3546039638109454 -0.9350165928204514 0
    outer loop
      vertex 83.7154541015625 -24.290363311767578 8
      vertex 81.9700927734375 -23.628437042236328 4
      vertex 83.7154541015625 -24.290363311767578 4
    endloop
  endfacet
  facet normal 0 -1 0
    outer loop
      vertex 11.9700927734375 -23.628437042236328 4
      vertex 62.14177322387695 -23.628437042236328 8
      vertex 11.9700927734375 -23.628437042236328 8
    endloop
  endfacet
  facet normal 0 -1 0
    outer loop
      vertex 62.14177322387695 -23.628437042236328 8
      vertex 11.9700927734375 -23.628437042236328 4
      vertex 62.14177322387695 -23.628437042236328 4
    endloop
  endfacet
  facet normal 0 -1 0
    outer loop
      vertex 68.96228790283203 -23.628437042236328 4
      vertex 81.9700927734375 -23.628437042236328 8
      vertex 68.96228790283203 -23.628437042236328 8
    endloop
  endfacet
  facet normal 0 -1 0
    outer loop
      vertex 81.9700927734375 -23.628437042236328 8
      vertex 68.96228790283203 -23.628437042236328 4
      vertex 81.9700927734375 -23.628437042236328 4
    endloop
  endfacet
  facet normal 0 -1 0
    outer loop
      vertex 63.87415313720703 -23.628437042236328 4
      vertex 63.698062896728516 -23.628437042236328 8
      vertex 63.698062896728516 -23.628437042236328 4
    endloop
  endfacet
  facet normal 0 -1 0
    outer loop
      vertex 67.12584686279297 -23.628437042236328 4
      vertex 63.698062896728516 -23.628437042236328 8
      vertex 63.87415313720703 -23.628437042236328 4
    endloop
  endfacet
  facet normal 0 -1 0
    outer loop
      vertex 63.698062896728516 -23.628437042236328 8
      vertex 67.12584686279297 -23.628437042236328 4
      vertex 67.43814849853516 -23.628437042236328 8
    endloop
  endfacet
  facet normal 0 -1 0
    outer loop
      vertex 67.43814849853516 -23.628437042236328 8
      vertex 67.12584686279297 -23.628437042236328 4
      vertex 67.43814849853516 -23.628437042236328 4
    endloop
  endfacet
  facet normal -0.3546039638109454 0.9350165928204514 0
    outer loop
      vertex 83.7154541015625 -71.70964050292969 4
      vertex 81.9700927734375 -72.37156677246094 8
      vertex 83.7154541015625 -71.70964050292969 8
    endloop
  endfacet
  facet normal -0.3546039638109454 0.9350165928204514 0
    outer loop
      vertex 81.9700927734375 -72.37156677246094 8
      vertex 83.7154541015625 -71.70964050292969 4
      vertex 81.9700927734375 -72.37156677246094 4
    endloop
  endfacet
  facet normal 0.1205351354181172 0.9927090616740316 0
    outer loop
      vertex 11.9700927734375 -72.37156677246094 4
      vertex 10.925028800964355 -72.24467468261719 8
      vertex 11.9700927734375 -72.37156677246094 8
    endloop
  endfacet
  facet normal 0.1205351354181172 0.9927090616740316 0
    outer loop
      vertex 10.925028800964355 -72.24467468261719 8
      vertex 11.9700927734375 -72.37156677246094 4
      vertex 10.925028800964355 -72.24467468261719 4
    endloop
  endfacet
  facet normal -0.9709414992239471 -0.2393169552805522 0
    outer loop
      vertex 85.4000015258789 -27.5 4
      vertex 84.95327758789062 -25.687580108642578 8
      vertex 84.95327758789062 -25.687580108642578 4
    endloop
  endfacet
  facet normal -0.9709414992239471 -0.2393169552805522 0
    outer loop
      vertex 84.95327758789062 -25.687580108642578 8
      vertex 85.4000015258789 -27.5 4
      vertex 85.4000015258789 -27.5 8
    endloop
  endfacet
  facet normal -0.9709416162654709 0.23931648042664158 0
    outer loop
      vertex 84.95327758789062 -70.31242370605469 4
      vertex 85.4000015258789 -68.5 8
      vertex 85.4000015258789 -68.5 4
    endloop
  endfacet
  facet normal -0.9709416162654709 0.23931648042664158 0
    outer loop
      vertex 85.4000015258789 -68.5 8
      vertex 84.95327758789062 -70.31242370605469 4
      vertex 84.95327758789062 -70.31242370605469 8
    endloop
  endfacet
  facet normal 0.12053502702181787 -0.992709074835548 0
    outer loop
      vertex 10.925027847290039 -23.755329132080078 4
      vertex 11.9700927734375 -23.628437042236328 8
      vertex 10.925027847290039 -23.755329132080078 8
    endloop
  endfacet
  facet normal 0.12053502702181787 -0.992709074835548 0
    outer loop
      vertex 11.9700927734375 -23.628437042236328 8
      vertex 10.925027847290039 -23.755329132080078 4
      vertex 11.9700927734375 -23.628437042236328 4
    endloop
  endfacet
  facet normal 0.5680653034341188 -0.8229834816290681 0
    outer loop
      vertex 8.58080768585205 -24.913822174072266 4
      vertex 8.9378080368042 -24.667402267456055 8
      vertex 8.58080768585205 -24.913822174072266 8
    endloop
  endfacet
  facet normal 0.5680653034341188 -0.8229834816290681 0
    outer loop
      vertex 8.9378080368042 -24.667402267456055 8
      vertex 8.58080768585205 -24.913822174072266 4
      vertex 8.9378080368042 -24.667402267456055 4
    endloop
  endfacet
  facet normal -0.2225221686854998 -0.9749276303621218 0
    outer loop
      vertex 19.55495834350586 -59.05014419555664 0
      vertex 21.216081619262695 -59.42928695678711 4
      vertex 19.55495834350586 -59.05014419555664 4
    endloop
  endfacet
  facet normal -0.2225221686854998 -0.9749276303621218 0
    outer loop
      vertex 21.216081619262695 -59.42928695678711 4
      vertex 19.55495834350586 -59.05014419555664 0
      vertex 21.216081619262695 -59.42928695678711 0
    endloop
  endfacet
  facet normal 1 0 0
    outer loop
      vertex 18.198062896728516 -61.867767333984375 4
      vertex 18.198062896728516 -60.132232666015625 0
      vertex 18.198062896728516 -60.132232666015625 4
    endloop
  endfacet
  facet normal 1 0 0
    outer loop
      vertex 18.198062896728516 -60.132232666015625 0
      vertex 18.198062896728516 -61.867767333984375 4
      vertex 18.198062896728516 -61.867767333984375 0
    endloop
  endfacet
  facet normal -0.9009684406420999 -0.4338846263316355 0
    outer loop
      vertex 22 -61 0
      vertex 21.269128799438477 -59.48233413696289 4
      vertex 21.269128799438477 -59.48233413696289 0
    endloop
  endfacet
  facet normal -0.9009684406420999 -0.4338846263316355 0
    outer loop
      vertex 21.269128799438477 -59.48233413696289 4
      vertex 22 -61 0
      vertex 22 -61 4
    endloop
  endfacet
  facet normal 0.6234899639278557 0.7818313532221902 0
    outer loop
      vertex 19.55495834350586 -62.94985580444336 0
      vertex 18.198062896728516 -61.867767333984375 4
      vertex 19.55495834350586 -62.94985580444336 4
    endloop
  endfacet
  facet normal 0.6234899639278557 0.7818313532221902 0
    outer loop
      vertex 18.198062896728516 -61.867767333984375 4
      vertex 19.55495834350586 -62.94985580444336 0
      vertex 18.198062896728516 -61.867767333984375 0
    endloop
  endfacet
  facet normal 0.6234899639278557 -0.7818313532221902 0
    outer loop
      vertex 18.198062896728516 -60.132232666015625 0
      vertex 19.55495834350586 -59.05014419555664 4
      vertex 18.198062896728516 -60.132232666015625 4
    endloop
  endfacet
  facet normal 0.6234899639278557 -0.7818313532221902 0
    outer loop
      vertex 19.55495834350586 -59.05014419555664 4
      vertex 18.198062896728516 -60.132232666015625 0
      vertex 19.55495834350586 -59.05014419555664 0
    endloop
  endfacet
  facet normal -0.22252077142754126 0.9749279492779411 0
    outer loop
      vertex 21.246978759765625 -62.563663482666016 0
      vertex 19.55495834350586 -62.94985580444336 4
      vertex 21.246978759765625 -62.563663482666016 4
    endloop
  endfacet
  facet normal -0.22252077142754126 0.9749279492779411 0
    outer loop
      vertex 19.55495834350586 -62.94985580444336 4
      vertex 21.246978759765625 -62.563663482666016 0
      vertex 19.55495834350586 -62.94985580444336 0
    endloop
  endfacet
  facet normal -0.9009687339675088 0.4338840172361553 0
    outer loop
      vertex 21.246978759765625 -62.563663482666016 0
      vertex 22 -61 4
      vertex 22 -61 0
    endloop
  endfacet
  facet normal -0.9009687339675088 0.4338840172361553 0
    outer loop
      vertex 22 -61 4
      vertex 21.246978759765625 -62.563663482666016 0
      vertex 21.246978759765625 -62.563663482666016 4
    endloop
  endfacet
  facet normal -0.22252077142754126 -0.9749279492779411 0
    outer loop
      vertex 43.55495834350586 -35.05014419555664 0
      vertex 45.246978759765625 -35.436336517333984 4
      vertex 43.55495834350586 -35.05014419555664 4
    endloop
  endfacet
  facet normal -0.22252077142754126 -0.9749279492779411 0
    outer loop
      vertex 45.246978759765625 -35.436336517333984 4
      vertex 43.55495834350586 -35.05014419555664 0
      vertex 45.246978759765625 -35.436336517333984 0
    endloop
  endfacet
  facet normal 1 0 0
    outer loop
      vertex 42.198062896728516 -37.867767333984375 4
      vertex 42.198062896728516 -36.132232666015625 0
      vertex 42.198062896728516 -36.132232666015625 4
    endloop
  endfacet
  facet normal 1 0 0
    outer loop
      vertex 42.198062896728516 -36.132232666015625 0
      vertex 42.198062896728516 -37.867767333984375 4
      vertex 42.198062896728516 -37.867767333984375 0
    endloop
  endfacet
  facet normal -0.9009687339675088 -0.4338840172361553 0
    outer loop
      vertex 46 -37 0
      vertex 45.246978759765625 -35.436336517333984 4
      vertex 45.246978759765625 -35.436336517333984 0
    endloop
  endfacet
  facet normal -0.9009687339675088 -0.4338840172361553 0
    outer loop
      vertex 45.246978759765625 -35.436336517333984 4
      vertex 46 -37 0
      vertex 46 -37 4
    endloop
  endfacet
  facet normal 0.6234899639278557 0.7818313532221902 0
    outer loop
      vertex 43.55495834350586 -38.94985580444336 0
      vertex 42.198062896728516 -37.867767333984375 4
      vertex 43.55495834350586 -38.94985580444336 4
    endloop
  endfacet
  facet normal 0.6234899639278557 0.7818313532221902 0
    outer loop
      vertex 42.198062896728516 -37.867767333984375 4
      vertex 43.55495834350586 -38.94985580444336 0
      vertex 42.198062896728516 -37.867767333984375 0
    endloop
  endfacet
  facet normal 0.6234899639278557 -0.7818313532221902 0
    outer loop
      vertex 42.198062896728516 -36.132232666015625 0
      vertex 43.55495834350586 -35.05014419555664 4
      vertex 42.198062896728516 -36.132232666015625 4
    endloop
  endfacet
  facet normal 0.6234899639278557 -0.7818313532221902 0
    outer loop
      vertex 43.55495834350586 -35.05014419555664 4
      vertex 42.198062896728516 -36.132232666015625 0
      vertex 43.55495834350586 -35.05014419555664 0
    endloop
  endfacet
  facet normal -0.22252077142754126 0.9749279492779411 0
    outer loop
      vertex 45.246978759765625 -38.563663482666016 0
      vertex 43.55495834350586 -38.94985580444336 4
      vertex 45.246978759765625 -38.563663482666016 4
    endloop
  endfacet
  facet normal -0.22252077142754126 0.9749279492779411 0
    outer loop
      vertex 43.55495834350586 -38.94985580444336 4
      vertex 45.246978759765625 -38.563663482666016 0
      vertex 43.55495834350586 -38.94985580444336 0
    endloop
  endfacet
  facet normal -0.9009687339675088 0.4338840172361553 0
    outer loop
      vertex 45.246978759765625 -38.563663482666016 0
      vertex 46 -37 4
      vertex 46 -37 0
    endloop
  endfacet
  facet normal -0.9009687339675088 0.4338840172361553 0
    outer loop
      vertex 46 -37 4
      vertex 45.246978759765625 -38.563663482666016 0
      vertex 45.246978759765625 -38.563663482666016 4
    endloop
  endfacet
  facet normal -0.22252077142754126 -0.9749279492779411 0
    outer loop
      vertex 19.55495834350586 -35.05014419555664 0
      vertex 21.246978759765625 -35.436336517333984 4
      vertex 19.55495834350586 -35.05014419555664 4
    endloop
  endfacet
  facet normal -0.22252077142754126 -0.9749279492779411 0
    outer loop
      vertex 21.246978759765625 -35.436336517333984 4
      vertex 19.55495834350586 -35.05014419555664 0
      vertex 21.246978759765625 -35.436336517333984 0
    endloop
  endfacet
  facet normal 1 0 0
    outer loop
      vertex 18.198062896728516 -37.867767333984375 4
      vertex 18.198062896728516 -36.132232666015625 0
      vertex 18.198062896728516 -36.132232666015625 4
    endloop
  endfacet
  facet normal 1 0 0
    outer loop
      vertex 18.198062896728516 -36.132232666015625 0
      vertex 18.198062896728516 -37.867767333984375 4
      vertex 18.198062896728516 -37.867767333984375 0
    endloop
  endfacet
  facet normal -0.9009687339675088 -0.4338840172361553 0
    outer loop
      vertex 22 -37 0
      vertex 21.246978759765625 -35.436336517333984 4
      vertex 21.246978759765625 -35.436336517333984 0
    endloop
  endfacet
  facet normal -0.9009687339675088 -0.4338840172361553 0
    outer loop
      vertex 21.246978759765625 -35.436336517333984 4
      vertex 22 -37 0
      vertex 22 -37 4
    endloop
  endfacet
  facet normal -0.22252004066564546 0.974928116069159 0
    outer loop
      vertex 21.216081619262695 -38.570716857910156 0
      vertex 19.55495834350586 -38.94985580444336 4
      vertex 21.216081619262695 -38.570716857910156 4
    endloop
  endfacet
  facet normal -0.22252004066564546 0.974928116069159 0
    outer loop
      vertex 19.55495834350586 -38.94985580444336 4
      vertex 21.216081619262695 -38.570716857910156 0
      vertex 19.55495834350586 -38.94985580444336 0
    endloop
  endfacet
  facet normal 0.6234899639278557 0.7818313532221902 0
    outer loop
      vertex 19.55495834350586 -38.94985580444336 0
      vertex 18.198062896728516 -37.867767333984375 4
      vertex 19.55495834350586 -38.94985580444336 4
    endloop
  endfacet
  facet normal 0.6234899639278557 0.7818313532221902 0
    outer loop
      vertex 18.198062896728516 -37.867767333984375 4
      vertex 19.55495834350586 -38.94985580444336 0
      vertex 18.198062896728516 -37.867767333984375 0
    endloop
  endfacet
  facet normal 0.6234899639278557 -0.7818313532221902 0
    outer loop
      vertex 18.198062896728516 -36.132232666015625 0
      vertex 19.55495834350586 -35.05014419555664 4
      vertex 18.198062896728516 -36.132232666015625 4
    endloop
  endfacet
  facet normal 0.6234899639278557 -0.7818313532221902 0
    outer loop
      vertex 19.55495834350586 -35.05014419555664 4
      vertex 18.198062896728516 -36.132232666015625 0
      vertex 19.55495834350586 -35.05014419555664 0
    endloop
  endfacet
  facet normal -0.9009684406420999 0.4338846263316355 0
    outer loop
      vertex 21.269128799438477 -38.51766586303711 0
      vertex 22 -37 4
      vertex 22 -37 0
    endloop
  endfacet
  facet normal -0.9009684406420999 0.4338846263316355 0
    outer loop
      vertex 22 -37 4
      vertex 21.269128799438477 -38.51766586303711 0
      vertex 21.269128799438477 -38.51766586303711 4
    endloop
  endfacet
  facet normal -0.22252077142754126 -0.9749279492779411 0
    outer loop
      vertex 43.55495834350586 -59.05014419555664 0
      vertex 45.246978759765625 -59.436336517333984 4
      vertex 43.55495834350586 -59.05014419555664 4
    endloop
  endfacet
  facet normal -0.22252077142754126 -0.9749279492779411 0
    outer loop
      vertex 45.246978759765625 -59.436336517333984 4
      vertex 43.55495834350586 -59.05014419555664 0
      vertex 45.246978759765625 -59.436336517333984 0
    endloop
  endfacet
  facet normal 1 0 0
    outer loop
      vertex 42.198062896728516 -61.867767333984375 4
      vertex 42.198062896728516 -60.132232666015625 0
      vertex 42.198062896728516 -60.132232666015625 4
    endloop
  endfacet
  facet normal 1 0 0
    outer loop
      vertex 42.198062896728516 -60.132232666015625 0
      vertex 42.198062896728516 -61.867767333984375 4
      vertex 42.198062896728516 -61.867767333984375 0
    endloop
  endfacet
  facet normal -0.9009687339675088 -0.4338840172361553 0
    outer loop
      vertex 46 -61 0
      vertex 45.246978759765625 -59.436336517333984 4
      vertex 45.246978759765625 -59.436336517333984 0
    endloop
  endfacet
  facet normal -0.9009687339675088 -0.4338840172361553 0
    outer loop
      vertex 45.246978759765625 -59.436336517333984 4
      vertex 46 -61 0
      vertex 46 -61 4
    endloop
  endfacet
  facet normal -0.22252077142754126 0.9749279492779411 0
    outer loop
      vertex 45.246978759765625 -62.563663482666016 0
      vertex 43.55495834350586 -62.94985580444336 4
      vertex 45.246978759765625 -62.563663482666016 4
    endloop
  endfacet
  facet normal -0.22252077142754126 0.9749279492779411 0
    outer loop
      vertex 43.55495834350586 -62.94985580444336 4
      vertex 45.246978759765625 -62.563663482666016 0
      vertex 43.55495834350586 -62.94985580444336 0
    endloop
  endfacet
  facet normal 0.6234899639278557 0.7818313532221902 0
    outer loop
      vertex 43.55495834350586 -62.94985580444336 0
      vertex 42.198062896728516 -61.867767333984375 4
      vertex 43.55495834350586 -62.94985580444336 4
    endloop
  endfacet
  facet normal 0.6234899639278557 0.7818313532221902 0
    outer loop
      vertex 42.198062896728516 -61.867767333984375 4
      vertex 43.55495834350586 -62.94985580444336 0
      vertex 42.198062896728516 -61.867767333984375 0
    endloop
  endfacet
  facet normal 0.6234899639278557 -0.7818313532221902 0
    outer loop
      vertex 42.198062896728516 -60.132232666015625 0
      vertex 43.55495834350586 -59.05014419555664 4
      vertex 42.198062896728516 -60.132232666015625 4
    endloop
  endfacet
  facet normal 0.6234899639278557 -0.7818313532221902 0
    outer loop
      vertex 43.55495834350586 -59.05014419555664 4
      vertex 42.198062896728516 -60.132232666015625 0
      vertex 43.55495834350586 -59.05014419555664 0
    endloop
  endfacet
  facet normal -0.9009687339675088 0.4338840172361553 0
    outer loop
      vertex 45.246978759765625 -62.563663482666016 0
      vertex 46 -61 4
      vertex 46 -61 0
    endloop
  endfacet
  facet normal -0.9009687339675088 0.4338840172361553 0
    outer loop
      vertex 46 -61 4
      vertex 45.246978759765625 -62.563663482666016 0
      vertex 45.246978759765625 -62.563663482666016 4
    endloop
  endfacet
  facet normal -0.951056507892514 -0.30901702023561206 0
    outer loop
      vertex 45.69406509399414 -46.089237213134766 0
      vertex 44.789634704589844 -43.305686950683594 4
      vertex 44.789634704589844 -43.305686950683594 0
    endloop
  endfacet
  facet normal -0.951056507892514 -0.30901702023561206 0
    outer loop
      vertex 44.789634704589844 -43.305686950683594 4
      vertex 45.69406509399414 -46.089237213134766 0
      vertex 45.69406509399414 -46.089237213134766 4
    endloop
  endfacet
  facet normal 0.20791205937156007 0.9781475223952043 0
    outer loop
      vertex 30.536602020263672 -62.923309326171875 0
      vertex 27.67376136779785 -62.31479263305664 4
      vertex 30.536602020263672 -62.923309326171875 4
    endloop
  endfacet
  facet normal 0.20791205937156007 0.9781475223952043 0
    outer loop
      vertex 27.67376136779785 -62.31479263305664 4
      vertex 30.536602020263672 -62.923309326171875 0
      vertex 27.67376136779785 -62.31479263305664 0
    endloop
  endfacet
  facet normal -0.994521845313412 -0.1045289395067491 0
    outer loop
      vertex 46 -49 0
      vertex 45.69406509399414 -46.089237213134766 4
      vertex 45.69406509399414 -46.089237213134766 0
    endloop
  endfacet
  facet normal -0.994521845313412 -0.1045289395067491 0
    outer loop
      vertex 45.69406509399414 -46.089237213134766 4
      vertex 46 -49 0
      vertex 46 -49 4
    endloop
  endfacet
  facet normal -0.8660253833051156 -0.5000000354712263 0
    outer loop
      vertex 44.789634704589844 -43.305686950683594 0
      vertex 43.326236724853516 -40.7710075378418 4
      vertex 43.326236724853516 -40.7710075378418 0
    endloop
  endfacet
  facet normal -0.8660253833051156 -0.5000000354712263 0
    outer loop
      vertex 43.326236724853516 -40.7710075378418 4
      vertex 44.789634704589844 -43.305686950683594 0
      vertex 44.789634704589844 -43.305686950683594 4
    endloop
  endfacet
  facet normal -0.951056507892514 0.30901702023561206 0
    outer loop
      vertex 44.789634704589844 -54.694313049316406 0
      vertex 45.69406509399414 -51.910762786865234 4
      vertex 45.69406509399414 -51.910762786865234 0
    endloop
  endfacet
  facet normal -0.951056507892514 0.30901702023561206 0
    outer loop
      vertex 45.69406509399414 -51.910762786865234 4
      vertex 44.789634704589844 -54.694313049316406 0
      vertex 44.789634704589844 -54.694313049316406 4
    endloop
  endfacet
  facet normal 0.7431445302305092 0.6691309342635983 0
    outer loop
      vertex 21.136150360107422 -57.742530822753906 4
      vertex 20.67376136779785 -57.22899627685547 0
      vertex 20.67376136779785 -57.22899627685547 4
    endloop
  endfacet
  facet normal 0.7431445302305092 0.6691309342635983 0
    outer loop
      vertex 20.67376136779785 -57.22899627685547 0
      vertex 21.136150360107422 -57.742530822753906 4
      vertex 21.136150360107422 -57.742530822753906 0
    endloop
  endfacet
  facet normal -0.994521845313412 0.1045289395067491 0
    outer loop
      vertex 45.69406509399414 -51.910762786865234 0
      vertex 46 -49 4
      vertex 46 -49 0
    endloop
  endfacet
  facet normal -0.994521845313412 0.1045289395067491 0
    outer loop
      vertex 46 -49 4
      vertex 45.69406509399414 -51.910762786865234 0
      vertex 45.69406509399414 -51.910762786865234 4
    endloop
  endfacet
  facet normal -0.8660257091470663 0.49999947109604115 0
    outer loop
      vertex 43.326236724853516 -57.22899627685547 0
      vertex 44.789634704589844 -54.694313049316406 4
      vertex 44.789634704589844 -54.694313049316406 0
    endloop
  endfacet
  facet normal -0.8660257091470663 0.49999947109604115 0
    outer loop
      vertex 44.789634704589844 -54.694313049316406 4
      vertex 43.326236724853516 -57.22899627685547 0
      vertex 43.326236724853516 -57.22899627685547 4
    endloop
  endfacet
  facet normal 0.8660257091470663 0.49999947109604115 0
    outer loop
      vertex 20.67376136779785 -57.22899627685547 4
      vertex 19.210363388061523 -54.694313049316406 0
      vertex 19.210363388061523 -54.694313049316406 4
    endloop
  endfacet
  facet normal 0.8660257091470663 0.49999947109604115 0
    outer loop
      vertex 19.210363388061523 -54.694313049316406 0
      vertex 20.67376136779785 -57.22899627685547 4
      vertex 20.67376136779785 -57.22899627685547 0
    endloop
  endfacet
  facet normal 0 -1 0
    outer loop
      vertex 30.536602020263672 -35.07669448852539 0
      vertex 33.46339797973633 -35.07669448852539 4
      vertex 30.536602020263672 -35.07669448852539 4
    endloop
  endfacet
  facet normal 0 -1 0
    outer loop
      vertex 33.46339797973633 -35.07669448852539 4
      vertex 30.536602020263672 -35.07669448852539 0
      vertex 33.46339797973633 -35.07669448852539 0
    endloop
  endfacet
  facet normal -0.5877859201649868 -0.8090165091367417 0
    outer loop
      vertex 39 -36.87564468383789 0
      vertex 40.73933410644531 -38.139347076416016 4
      vertex 39 -36.87564468383789 4
    endloop
  endfacet
  facet normal -0.5877859201649868 -0.8090165091367417 0
    outer loop
      vertex 40.73933410644531 -38.139347076416016 4
      vertex 39 -36.87564468383789 0
      vertex 40.73933410644531 -38.139347076416016 0
    endloop
  endfacet
  facet normal 0.7431445302305092 -0.6691309342635983 0
    outer loop
      vertex 20.67376136779785 -40.7710075378418 4
      vertex 21.136150360107422 -40.25747299194336 0
      vertex 21.136150360107422 -40.25747299194336 4
    endloop
  endfacet
  facet normal 0.7431445302305092 -0.6691309342635983 0
    outer loop
      vertex 21.136150360107422 -40.25747299194336 0
      vertex 20.67376136779785 -40.7710075378418 4
      vertex 20.67376136779785 -40.7710075378418 0
    endloop
  endfacet
  facet normal 0.951056507892514 0.30901702023561206 0
    outer loop
      vertex 19.210363388061523 -54.694313049316406 4
      vertex 18.305932998657227 -51.910762786865234 0
      vertex 18.305932998657227 -51.910762786865234 4
    endloop
  endfacet
  facet normal 0.951056507892514 0.30901702023561206 0
    outer loop
      vertex 18.305932998657227 -51.910762786865234 0
      vertex 19.210363388061523 -54.694313049316406 4
      vertex 19.210363388061523 -54.694313049316406 0
    endloop
  endfacet
  facet normal 0.9945219130599581 0.10452829494238046 0
    outer loop
      vertex 18.305932998657227 -51.910762786865234 4
      vertex 18 -49 0
      vertex 18 -49 4
    endloop
  endfacet
  facet normal 0.9945219130599581 0.10452829494238046 0
    outer loop
      vertex 18 -49 0
      vertex 18.305932998657227 -51.910762786865234 4
      vertex 18.305932998657227 -51.910762786865234 0
    endloop
  endfacet
  facet normal -0.7431459027496342 -0.6691294099248898 0
    outer loop
      vertex 43.326236724853516 -40.7710075378418 0
      vertex 42.86384963989258 -40.25747299194336 4
      vertex 42.86384963989258 -40.25747299194336 0
    endloop
  endfacet
  facet normal -0.7431459027496342 -0.6691294099248898 0
    outer loop
      vertex 42.86384963989258 -40.25747299194336 4
      vertex 43.326236724853516 -40.7710075378418 0
      vertex 43.326236724853516 -40.7710075378418 4
    endloop
  endfacet
  facet normal 0.5877854982929042 -0.8090168156451152 0
    outer loop
      vertex 23.260663986206055 -38.139347076416016 0
      vertex 25 -36.87564468383789 4
      vertex 23.260663986206055 -38.139347076416016 4
    endloop
  endfacet
  facet normal 0.5877854982929042 -0.8090168156451152 0
    outer loop
      vertex 25 -36.87564468383789 4
      vertex 23.260663986206055 -38.139347076416016 0
      vertex 25 -36.87564468383789 0
    endloop
  endfacet
  facet normal -0.5877847588503583 0.8090173528813991 0
    outer loop
      vertex 40.73933410644531 -59.86065673828125 0
      vertex 39 -61.12435531616211 4
      vertex 40.73933410644531 -59.86065673828125 4
    endloop
  endfacet
  facet normal -0.5877847588503583 0.8090173528813991 0
    outer loop
      vertex 39 -61.12435531616211 4
      vertex 40.73933410644531 -59.86065673828125 0
      vertex 39 -61.12435531616211 0
    endloop
  endfacet
  facet normal 0.20791205937156007 -0.9781475223952043 0
    outer loop
      vertex 27.67376136779785 -35.685211181640625 0
      vertex 30.536602020263672 -35.07669448852539 4
      vertex 27.67376136779785 -35.685211181640625 4
    endloop
  endfacet
  facet normal 0.20791205937156007 -0.9781475223952043 0
    outer loop
      vertex 30.536602020263672 -35.07669448852539 4
      vertex 27.67376136779785 -35.685211181640625 0
      vertex 30.536602020263672 -35.07669448852539 0
    endloop
  endfacet
  facet normal 0.40673614223993876 -0.9135456806289286 0
    outer loop
      vertex 25 -36.87564468383789 0
      vertex 27.67376136779785 -35.685211181640625 4
      vertex 25 -36.87564468383789 4
    endloop
  endfacet
  facet normal 0.40673614223993876 -0.9135456806289286 0
    outer loop
      vertex 27.67376136779785 -35.685211181640625 4
      vertex 25 -36.87564468383789 0
      vertex 27.67376136779785 -35.685211181640625 0
    endloop
  endfacet
  facet normal -0.4067359000921499 -0.9135457884398727 0
    outer loop
      vertex 36.326236724853516 -35.685211181640625 0
      vertex 39 -36.87564468383789 4
      vertex 36.326236724853516 -35.685211181640625 4
    endloop
  endfacet
  facet normal -0.4067359000921499 -0.9135457884398727 0
    outer loop
      vertex 39 -36.87564468383789 4
      vertex 36.326236724853516 -35.685211181640625 0
      vertex 39 -36.87564468383789 0
    endloop
  endfacet
  facet normal -0.20791219190381158 -0.9781474942245431 0
    outer loop
      vertex 33.46339797973633 -35.07669448852539 0
      vertex 36.326236724853516 -35.685211181640625 4
      vertex 33.46339797973633 -35.07669448852539 4
    endloop
  endfacet
  facet normal -0.20791219190381158 -0.9781474942245431 0
    outer loop
      vertex 36.326236724853516 -35.685211181640625 4
      vertex 33.46339797973633 -35.07669448852539 0
      vertex 36.326236724853516 -35.685211181640625 0
    endloop
  endfacet
  facet normal 0 1 0
    outer loop
      vertex 33.46339797973633 -62.923309326171875 0
      vertex 30.536602020263672 -62.923309326171875 4
      vertex 33.46339797973633 -62.923309326171875 4
    endloop
  endfacet
  facet normal 0 1 0
    outer loop
      vertex 30.536602020263672 -62.923309326171875 4
      vertex 33.46339797973633 -62.923309326171875 0
      vertex 30.536602020263672 -62.923309326171875 0
    endloop
  endfacet
  facet normal 0.9945219130599581 -0.10452829494238046 0
    outer loop
      vertex 18 -49 4
      vertex 18.305932998657227 -46.089237213134766 0
      vertex 18.305932998657227 -46.089237213134766 4
    endloop
  endfacet
  facet normal 0.9945219130599581 -0.10452829494238046 0
    outer loop
      vertex 18.305932998657227 -46.089237213134766 0
      vertex 18 -49 4
      vertex 18 -49 0
    endloop
  endfacet
  facet normal -0.20791219190381158 0.9781474942245431 0
    outer loop
      vertex 36.326236724853516 -62.31479263305664 0
      vertex 33.46339797973633 -62.923309326171875 4
      vertex 36.326236724853516 -62.31479263305664 4
    endloop
  endfacet
  facet normal -0.20791219190381158 0.9781474942245431 0
    outer loop
      vertex 33.46339797973633 -62.923309326171875 4
      vertex 36.326236724853516 -62.31479263305664 0
      vertex 33.46339797973633 -62.923309326171875 0
    endloop
  endfacet
  facet normal 0.40673722998693906 0.9135451963327003 0
    outer loop
      vertex 27.67376136779785 -62.31479263305664 0
      vertex 25 -61.12435531616211 4
      vertex 27.67376136779785 -62.31479263305664 4
    endloop
  endfacet
  facet normal 0.40673722998693906 0.9135451963327003 0
    outer loop
      vertex 25 -61.12435531616211 4
      vertex 27.67376136779785 -62.31479263305664 0
      vertex 25 -61.12435531616211 0
    endloop
  endfacet
  facet normal 0.5877843369782293 0.809017659388881 0
    outer loop
      vertex 25 -61.12435531616211 0
      vertex 23.260663986206055 -59.86065673828125 4
      vertex 25 -61.12435531616211 4
    endloop
  endfacet
  facet normal 0.5877843369782293 0.809017659388881 0
    outer loop
      vertex 23.260663986206055 -59.86065673828125 4
      vertex 25 -61.12435531616211 0
      vertex 23.260663986206055 -59.86065673828125 0
    endloop
  endfacet
  facet normal -0.4067369878387594 0.913545304144164 0
    outer loop
      vertex 39 -61.12435531616211 0
      vertex 36.326236724853516 -62.31479263305664 4
      vertex 39 -61.12435531616211 4
    endloop
  endfacet
  facet normal -0.4067369878387594 0.913545304144164 0
    outer loop
      vertex 36.326236724853516 -62.31479263305664 4
      vertex 39 -61.12435531616211 0
      vertex 36.326236724853516 -62.31479263305664 0
    endloop
  endfacet
  facet normal -0.7431459027496342 0.6691294099248898 0
    outer loop
      vertex 42.86384963989258 -57.742530822753906 0
      vertex 43.326236724853516 -57.22899627685547 4
      vertex 43.326236724853516 -57.22899627685547 0
    endloop
  endfacet
  facet normal -0.7431459027496342 0.6691294099248898 0
    outer loop
      vertex 43.326236724853516 -57.22899627685547 4
      vertex 42.86384963989258 -57.742530822753906 0
      vertex 42.86384963989258 -57.742530822753906 4
    endloop
  endfacet
  facet normal 0.951056507892514 -0.30901702023561206 0
    outer loop
      vertex 18.305932998657227 -46.089237213134766 4
      vertex 19.210363388061523 -43.305686950683594 0
      vertex 19.210363388061523 -43.305686950683594 4
    endloop
  endfacet
  facet normal 0.951056507892514 -0.30901702023561206 0
    outer loop
      vertex 19.210363388061523 -43.305686950683594 0
      vertex 18.305932998657227 -46.089237213134766 4
      vertex 18.305932998657227 -46.089237213134766 0
    endloop
  endfacet
  facet normal 0.8660253833051156 -0.5000000354712263 0
    outer loop
      vertex 19.210363388061523 -43.305686950683594 4
      vertex 20.67376136779785 -40.7710075378418 0
      vertex 20.67376136779785 -40.7710075378418 4
    endloop
  endfacet
  facet normal 0.8660253833051156 -0.5000000354712263 0
    outer loop
      vertex 20.67376136779785 -40.7710075378418 0
      vertex 19.210363388061523 -43.305686950683594 4
      vertex 19.210363388061523 -43.305686950683594 0
    endloop
  endfacet
  facet normal -1 0 0
    outer loop
      vertex 14 -65 0
      vertex 14 -35 4
      vertex 14 -35 0
    endloop
  endfacet
  facet normal -1 0 0
    outer loop
      vertex 14 -35 4
      vertex 14 -65 0
      vertex 14 -65 4
    endloop
  endfacet
  facet normal 1 0 0
    outer loop
      vertex 10 -65 4
      vertex 10 -35 0
      vertex 10 -35 4
    endloop
  endfacet
  facet normal 1 0 0
    outer loop
      vertex 10 -35 0
      vertex 10 -65 4
      vertex 10 -65 0
    endloop
  endfacet
  facet normal 0 -1 0
    outer loop
      vertex 10 -35 0
      vertex 14 -35 4
      vertex 10 -35 4
    endloop
  endfacet
  facet normal 0 -1 0
    outer loop
      vertex 14 -35 4
      vertex 10 -35 0
      vertex 14 -35 0
    endloop
  endfacet
  facet normal 0 1 0
    outer loop
      vertex 14 -65 0
      vertex 10 -65 4
      vertex 14 -65 4
    endloop
  endfacet
  facet normal 0 1 0
    outer loop
      vertex 10 -65 4
      vertex 14 -65 0
      vertex 10 -65 0
    endloop
  endfacet
  facet normal -1 0 0
    outer loop
      vertex 47 -70 0
      vertex 47 -66 4
      vertex 47 -66 0
    endloop
  endfacet
  facet normal -1 0 0
    outer loop
      vertex 47 -66 4
      vertex 47 -70 0
      vertex 47 -70 4
    endloop
  endfacet
  facet normal 1 0 0
    outer loop
      vertex 17 -70 4
      vertex 17 -66 0
      vertex 17 -66 4
    endloop
  endfacet
  facet normal 1 0 0
    outer loop
      vertex 17 -66 0
      vertex 17 -70 4
      vertex 17 -70 0
    endloop
  endfacet
  facet normal 0 -1 0
    outer loop
      vertex 17 -66 0
      vertex 47 -66 4
      vertex 17 -66 4
    endloop
  endfacet
  facet normal 0 -1 0
    outer loop
      vertex 47 -66 4
      vertex 17 -66 0
      vertex 47 -66 0
    endloop
  endfacet
  facet normal 0 1 0
    outer loop
      vertex 47 -70 0
      vertex 17 -70 4
      vertex 47 -70 4
    endloop
  endfacet
  facet normal 0 1 0
    outer loop
      vertex 17 -70 4
      vertex 47 -70 0
      vertex 17 -70 0
    endloop
  endfacet
  facet normal -0.2225239615626273 -0.9749272211454937 0
    outer loop
      vertex 8.468847274780273 -70.87285614013672 8
      vertex 7.054957389831543 -70.55014038085938 18
      vertex 7.054957389831543 -70.55014038085938 8
    endloop
  endfacet
  facet normal -0.2225248305334489 -0.9749270228053191 -1.2926365550705097e-7
    outer loop
      vertex 7.054957389831543 -70.55014038085938 18
      vertex 8.468847274780273 -70.87285614013672 8
      vertex 8.746978759765625 -70.93634033203125 18
    endloop
  endfacet
  facet normal -0.22252924796492857 -0.9749260145263143 0
    outer loop
      vertex 8.746978759765625 -70.93634033203125 4
      vertex 8.468847274780273 -70.87285614013672 8
      vertex 8.468847274780273 -70.87285614013672 4
    endloop
  endfacet
  facet normal -0.22252924796492857 -0.9749260145263144 0
    outer loop
      vertex 8.468847274780273 -70.87285614013672 8
      vertex 8.746978759765625 -70.93634033203125 4
      vertex 8.746978759765625 -70.93634033203125 18
    endloop
  endfacet
  facet normal 1 0 0
    outer loop
      vertex 5.698061943054199 -73.36776733398438 18
      vertex 5.698061943054199 -71.63223266601562 8
      vertex 5.698061943054199 -71.63223266601562 18
    endloop
  endfacet
  facet normal 1 0 0
    outer loop
      vertex 5.698061943054199 -71.63223266601562 8
      vertex 5.698061943054199 -73.36776733398438 18
      vertex 5.698061943054199 -73.36776733398438 8
    endloop
  endfacet
  facet normal -0.9009664778657447 -0.43388870204488444 0
    outer loop
      vertex 8.9378080368042 -71.33259582519531 8
      vertex 8.746978759765625 -70.93634033203125 4
      vertex 8.9378080368042 -71.33259582519531 4
    endloop
  endfacet
  facet normal -0.9009664778657447 -0.4338887020448844 0
    outer loop
      vertex 8.746978759765625 -70.93634033203125 4
      vertex 8.9378080368042 -71.33259582519531 8
      vertex 8.746978759765625 -70.93634033203125 18
    endloop
  endfacet
  facet normal -0.9009689455231678 -0.43388357793637583 0
    outer loop
      vertex 9.5 -72.5 18
      vertex 8.9378080368042 -71.33259582519531 8
      vertex 9.5 -72.5 8
    endloop
  endfacet
  facet normal -0.9009683201821537 -0.43388487646853197 -1.8674735525642812e-7
    outer loop
      vertex 8.9378080368042 -71.33259582519531 8
      vertex 9.5 -72.5 18
      vertex 8.746978759765625 -70.93634033203125 18
    endloop
  endfacet
  facet normal -0.2225248305334508 0.9749270228053272 0
    outer loop
      vertex 8.746978759765625 -74.06365966796875 8
      vertex 7.054957389831543 -74.44985961914062 18
      vertex 8.746978759765625 -74.06365966796875 18
    endloop
  endfacet
  facet normal -0.2225248305334508 0.9749270228053272 0
    outer loop
      vertex 7.054957389831543 -74.44985961914062 18
      vertex 8.746978759765625 -74.06365966796875 8
      vertex 7.054957389831543 -74.44985961914062 8
    endloop
  endfacet
  facet normal 0.6234913074723331 0.7818302817788785 0
    outer loop
      vertex 7.054957389831543 -74.44985961914062 8
      vertex 5.698061943054199 -73.36776733398438 18
      vertex 7.054957389831543 -74.44985961914062 18
    endloop
  endfacet
  facet normal 0.6234913074723331 0.7818302817788785 0
    outer loop
      vertex 5.698061943054199 -73.36776733398438 18
      vertex 7.054957389831543 -74.44985961914062 8
      vertex 5.698061943054199 -73.36776733398438 8
    endloop
  endfacet
  facet normal 0.6234913074723331 -0.7818302817788785 0
    outer loop
      vertex 5.698061943054199 -71.63223266601562 8
      vertex 7.054957389831543 -70.55014038085938 18
      vertex 5.698061943054199 -71.63223266601562 18
    endloop
  endfacet
  facet normal 0.6234913074723331 -0.7818302817788785 0
    outer loop
      vertex 7.054957389831543 -70.55014038085938 18
      vertex 5.698061943054199 -71.63223266601562 8
      vertex 7.054957389831543 -70.55014038085938 8
    endloop
  endfacet
  facet normal 0 0 -1
    outer loop
      vertex 8.746978759765625 -74.06365966796875 18
      vertex 9.199999809265137 -72.5 18
      vertex 9.5 -72.5 18
    endloop
  endfacet
  facet normal 0 0 -1
    outer loop
      vertex 8.746978759765625 -74.06365966796875 18
      vertex 8.34999942779541 -73.97224426269531 18
      vertex 9.199999809265137 -72.5 18
    endloop
  endfacet
  facet normal 0 0 -1
    outer loop
      vertex 7.054957389831543 -74.44985961914062 18
      vertex 8.34999942779541 -73.97224426269531 18
      vertex 8.746978759765625 -74.06365966796875 18
    endloop
  endfacet
  facet normal 0 0 -1
    outer loop
      vertex 7.054957389831543 -74.44985961914062 18
      vertex 6.649999618530273 -73.97224426269531 18
      vertex 8.34999942779541 -73.97224426269531 18
    endloop
  endfacet
  facet normal 0 0 -1
    outer loop
      vertex 6.649999618530273 -73.97224426269531 18
      vertex 5.698061943054199 -73.36776733398438 18
      vertex 5.799999237060547 -72.5 18
    endloop
  endfacet
  facet normal 0 0 -1
    outer loop
      vertex 5.698061943054199 -73.36776733398438 18
      vertex 6.649999618530273 -73.97224426269531 18
      vertex 7.054957389831543 -74.44985961914062 18
    endloop
  endfacet
  facet normal 0 0 -1
    outer loop
      vertex 9.199999809265137 -72.5 18
      vertex 8.746978759765625 -70.93634033203125 18
      vertex 9.5 -72.5 18
    endloop
  endfacet
  facet normal 0 0 -1
    outer loop
      vertex 8.34999942779541 -71.02775573730469 18
      vertex 8.746978759765625 -70.93634033203125 18
      vertex 9.199999809265137 -72.5 18
    endloop
  endfacet
  facet normal 0 0 -1
    outer loop
      vertex 8.34999942779541 -71.02775573730469 18
      vertex 7.054957389831543 -70.55014038085938 18
      vertex 8.746978759765625 -70.93634033203125 18
    endloop
  endfacet
  facet normal 0 0 -1
    outer loop
      vertex 6.649999618530273 -71.02775573730469 18
      vertex 7.054957389831543 -70.55014038085938 18
      vertex 8.34999942779541 -71.02775573730469 18
    endloop
  endfacet
  facet normal 0 0 -1
    outer loop
      vertex 6.649999618530273 -71.02775573730469 18
      vertex 5.698061943054199 -71.63223266601562 18
      vertex 7.054957389831543 -70.55014038085938 18
    endloop
  endfacet
  facet normal 0 0 -1
    outer loop
      vertex 5.799999237060547 -72.5 18
      vertex 5.698061943054199 -71.63223266601562 18
      vertex 6.649999618530273 -71.02775573730469 18
    endloop
  endfacet
  facet normal 0 0 -1
    outer loop
      vertex 5.698061943054199 -71.63223266601562 18
      vertex 5.799999237060547 -72.5 18
      vertex 5.698061943054199 -73.36776733398438 18
    endloop
  endfacet
  facet normal -0.9009683201821693 0.4338848764685395 0
    outer loop
      vertex 8.746978759765625 -74.06365966796875 8
      vertex 9.5 -72.5 18
      vertex 9.5 -72.5 8
    endloop
  endfacet
  facet normal -0.9009683201821693 0.4338848764685395 0
    outer loop
      vertex 9.5 -72.5 18
      vertex 8.746978759765625 -74.06365966796875 8
      vertex 8.746978759765625 -74.06365966796875 18
    endloop
  endfacet
  facet normal -0.2225244729005105 -0.974927104434147 0
    outer loop
      vertex 65.0549545288086 -70.55014038085938 4
      vertex 66.74697875976562 -70.93634033203125 18
      vertex 65.0549545288086 -70.55014038085938 18
    endloop
  endfacet
  facet normal -0.2225244729005105 -0.974927104434147 0
    outer loop
      vertex 66.74697875976562 -70.93634033203125 18
      vertex 65.0549545288086 -70.55014038085938 4
      vertex 66.74697875976562 -70.93634033203125 4
    endloop
  endfacet
  facet normal 1 0 0
    outer loop
      vertex 63.698062896728516 -71.63223266601562 18
      vertex 63.698062896728516 -72.37156677246094 8
      vertex 63.698062896728516 -71.63223266601562 4
    endloop
  endfacet
  facet normal 1 0 0
    outer loop
      vertex 63.698062896728516 -73.36776733398438 18
      vertex 63.698062896728516 -72.37156677246094 8
      vertex 63.698062896728516 -71.63223266601562 18
    endloop
  endfacet
  facet normal 1 0 0
    outer loop
      vertex 63.698062896728516 -72.37156677246094 8
      vertex 63.698062896728516 -73.36776733398438 18
      vertex 63.698062896728516 -73.36776733398438 8
    endloop
  endfacet
  facet normal 1 0 0
    outer loop
      vertex 63.698062896728516 -71.63223266601562 4
      vertex 63.698062896728516 -72.37156677246094 8
      vertex 63.698062896728516 -72.37156677246094 4
    endloop
  endfacet
  facet normal -0.9009685948182864 -0.4338843061821464 0
    outer loop
      vertex 67.43814849853516 -72.37156677246094 8
      vertex 66.74697875976562 -70.93634033203125 4
      vertex 67.43814849853516 -72.37156677246094 4
    endloop
  endfacet
  facet normal -0.9009685948182864 -0.4338843061821464 0
    outer loop
      vertex 66.74697875976562 -70.93634033203125 4
      vertex 67.43814849853516 -72.37156677246094 8
      vertex 66.74697875976562 -70.93634033203125 18
    endloop
  endfacet
  facet normal -0.9009652511422099 -0.4338912493174466 0
    outer loop
      vertex 67.5 -72.5 18
      vertex 67.43814849853516 -72.37156677246094 8
      vertex 67.5 -72.5 8
    endloop
  endfacet
  facet normal -0.9009683201821649 -0.4338848764685374 1.0083102832975925e-7
    outer loop
      vertex 67.43814849853516 -72.37156677246094 8
      vertex 67.5 -72.5 18
      vertex 66.74697875976562 -70.93634033203125 18
    endloop
  endfacet
  facet normal -0.22252447290051047 0.9749271044341469 0
    outer loop
      vertex 66.74697875976562 -74.06365966796875 8
      vertex 65.0549545288086 -74.44985961914062 18
      vertex 66.74697875976562 -74.06365966796875 18
    endloop
  endfacet
  facet normal -0.22252447290051047 0.9749271044341469 0
    outer loop
      vertex 65.0549545288086 -74.44985961914062 18
      vertex 66.74697875976562 -74.06365966796875 8
      vertex 65.0549545288086 -74.44985961914062 8
    endloop
  endfacet
  facet normal 0.6234923789165865 0.7818294273260221 0
    outer loop
      vertex 65.0549545288086 -74.44985961914062 8
      vertex 63.698062896728516 -73.36776733398438 18
      vertex 65.0549545288086 -74.44985961914062 18
    endloop
  endfacet
  facet normal 0.6234923789165865 0.7818294273260221 0
    outer loop
      vertex 63.698062896728516 -73.36776733398438 18
      vertex 65.0549545288086 -74.44985961914062 8
      vertex 63.698062896728516 -73.36776733398438 8
    endloop
  endfacet
  facet normal 0.6234923789165865 -0.7818294273260221 0
    outer loop
      vertex 63.698062896728516 -71.63223266601562 4
      vertex 65.0549545288086 -70.55014038085938 18
      vertex 63.698062896728516 -71.63223266601562 18
    endloop
  endfacet
  facet normal 0.6234923789165865 -0.7818294273260221 0
    outer loop
      vertex 65.0549545288086 -70.55014038085938 18
      vertex 63.698062896728516 -71.63223266601562 4
      vertex 65.0549545288086 -70.55014038085938 4
    endloop
  endfacet
  facet normal 0 0 -1
    outer loop
      vertex 66.74697875976562 -74.06365966796875 18
      vertex 67.19999694824219 -72.5 18
      vertex 67.5 -72.5 18
    endloop
  endfacet
  facet normal 0 0 -1
    outer loop
      vertex 66.74697875976562 -74.06365966796875 18
      vertex 66.3499984741211 -73.97224426269531 18
      vertex 67.19999694824219 -72.5 18
    endloop
  endfacet
  facet normal 0 0 -1
    outer loop
      vertex 65.0549545288086 -74.44985961914062 18
      vertex 66.3499984741211 -73.97224426269531 18
      vertex 66.74697875976562 -74.06365966796875 18
    endloop
  endfacet
  facet normal 0 0 -1
    outer loop
      vertex 65.0549545288086 -74.44985961914062 18
      vertex 64.6500015258789 -73.97224426269531 18
      vertex 66.3499984741211 -73.97224426269531 18
    endloop
  endfacet
  facet normal 0 0 -1
    outer loop
      vertex 64.6500015258789 -73.97224426269531 18
      vertex 63.698062896728516 -73.36776733398438 18
      vertex 63.79999923706055 -72.5 18
    endloop
  endfacet
  facet normal 0 0 -1
    outer loop
      vertex 63.698062896728516 -73.36776733398438 18
      vertex 64.6500015258789 -73.97224426269531 18
      vertex 65.0549545288086 -74.44985961914062 18
    endloop
  endfacet
  facet normal 0 0 -1
    outer loop
      vertex 67.19999694824219 -72.5 18
      vertex 66.74697875976562 -70.93634033203125 18
      vertex 67.5 -72.5 18
    endloop
  endfacet
  facet normal 0 0 -1
    outer loop
      vertex 66.3499984741211 -71.02775573730469 18
      vertex 66.74697875976562 -70.93634033203125 18
      vertex 67.19999694824219 -72.5 18
    endloop
  endfacet
  facet normal 0 0 -1
    outer loop
      vertex 66.3499984741211 -71.02775573730469 18
      vertex 65.0549545288086 -70.55014038085938 18
      vertex 66.74697875976562 -70.93634033203125 18
    endloop
  endfacet
  facet normal 0 0 -1
    outer loop
      vertex 64.6500015258789 -71.02775573730469 18
      vertex 65.0549545288086 -70.55014038085938 18
      vertex 66.3499984741211 -71.02775573730469 18
    endloop
  endfacet
  facet normal 0 0 -1
    outer loop
      vertex 64.6500015258789 -71.02775573730469 18
      vertex 63.698062896728516 -71.63223266601562 18
      vertex 65.0549545288086 -70.55014038085938 18
    endloop
  endfacet
  facet normal 0 0 -1
    outer loop
      vertex 63.79999923706055 -72.5 18
      vertex 63.698062896728516 -71.63223266601562 18
      vertex 64.6500015258789 -71.02775573730469 18
    endloop
  endfacet
  facet normal 0 0 -1
    outer loop
      vertex 63.698062896728516 -71.63223266601562 18
      vertex 63.79999923706055 -72.5 18
      vertex 63.698062896728516 -73.36776733398438 18
    endloop
  endfacet
  facet normal -0.9009683201821693 0.4338848764685395 0
    outer loop
      vertex 66.74697875976562 -74.06365966796875 8
      vertex 67.5 -72.5 18
      vertex 67.5 -72.5 8
    endloop
  endfacet
  facet normal -0.9009683201821693 0.4338848764685395 0
    outer loop
      vertex 67.5 -72.5 18
      vertex 66.74697875976562 -74.06365966796875 8
      vertex 66.74697875976562 -74.06365966796875 18
    endloop
  endfacet
  facet normal -0.22252065221831754 -0.97492797648664 0
    outer loop
      vertex 7.054957389831543 -21.55014419555664 8
      vertex 8.746978759765625 -21.936336517333984 18
      vertex 7.054957389831543 -21.55014419555664 18
    endloop
  endfacet
  facet normal -0.22252065221831754 -0.97492797648664 0
    outer loop
      vertex 8.746978759765625 -21.936336517333984 18
      vertex 7.054957389831543 -21.55014419555664 8
      vertex 8.746978759765625 -21.936336517333984 8
    endloop
  endfacet
  facet normal 1 0 0
    outer loop
      vertex 5.698061943054199 -24.367767333984375 18
      vertex 5.698061943054199 -22.632232666015625 8
      vertex 5.698061943054199 -22.632232666015625 18
    endloop
  endfacet
  facet normal 1 0 0
    outer loop
      vertex 5.698061943054199 -22.632232666015625 8
      vertex 5.698061943054199 -24.367767333984375 18
      vertex 5.698061943054199 -24.367767333984375 8
    endloop
  endfacet
  facet normal -0.9009687339675088 -0.4338840172361553 0
    outer loop
      vertex 9.5 -23.5 8
      vertex 8.746978759765625 -21.936336517333984 18
      vertex 8.746978759765625 -21.936336517333984 8
    endloop
  endfacet
  facet normal -0.9009687339675088 -0.4338840172361553 0
    outer loop
      vertex 8.746978759765625 -21.936336517333984 18
      vertex 9.5 -23.5 8
      vertex 9.5 -23.5 18
    endloop
  endfacet
  facet normal 0.6234899639278558 0.7818313532221903 0
    outer loop
      vertex 7.054957389831543 -25.44985580444336 8
      vertex 5.698061943054199 -24.367767333984375 18
      vertex 7.054957389831543 -25.44985580444336 18
    endloop
  endfacet
  facet normal 0.6234899639278558 0.7818313532221903 0
    outer loop
      vertex 5.698061943054199 -24.367767333984375 18
      vertex 7.054957389831543 -25.44985580444336 8
      vertex 5.698061943054199 -24.367767333984375 8
    endloop
  endfacet
  facet normal 0.6234899639278558 -0.7818313532221903 0
    outer loop
      vertex 5.698061943054199 -22.632232666015625 8
      vertex 7.054957389831543 -21.55014419555664 18
      vertex 5.698061943054199 -22.632232666015625 18
    endloop
  endfacet
  facet normal 0.6234899639278558 -0.7818313532221903 0
    outer loop
      vertex 7.054957389831543 -21.55014419555664 18
      vertex 5.698061943054199 -22.632232666015625 8
      vertex 7.054957389831543 -21.55014419555664 8
    endloop
  endfacet
  facet normal 0 0 -1
    outer loop
      vertex 8.746978759765625 -25.063663482666016 18
      vertex 9.199999809265137 -23.5 18
      vertex 9.5 -23.5 18
    endloop
  endfacet
  facet normal 0 0 -1
    outer loop
      vertex 8.746978759765625 -25.063663482666016 18
      vertex 8.34999942779541 -24.972244262695312 18
      vertex 9.199999809265137 -23.5 18
    endloop
  endfacet
  facet normal 0 0 -1
    outer loop
      vertex 7.054957389831543 -25.44985580444336 18
      vertex 8.34999942779541 -24.972244262695312 18
      vertex 8.746978759765625 -25.063663482666016 18
    endloop
  endfacet
  facet normal 0 0 -1
    outer loop
      vertex 7.054957389831543 -25.44985580444336 18
      vertex 6.649999618530273 -24.972244262695312 18
      vertex 8.34999942779541 -24.972244262695312 18
    endloop
  endfacet
  facet normal 0 0 -1
    outer loop
      vertex 6.649999618530273 -24.972244262695312 18
      vertex 5.698061943054199 -24.367767333984375 18
      vertex 5.799999237060547 -23.5 18
    endloop
  endfacet
  facet normal 0 0 -1
    outer loop
      vertex 5.698061943054199 -24.367767333984375 18
      vertex 6.649999618530273 -24.972244262695312 18
      vertex 7.054957389831543 -25.44985580444336 18
    endloop
  endfacet
  facet normal 0 0 -1
    outer loop
      vertex 9.199999809265137 -23.5 18
      vertex 8.746978759765625 -21.936336517333984 18
      vertex 9.5 -23.5 18
    endloop
  endfacet
  facet normal 0 0 -1
    outer loop
      vertex 8.34999942779541 -22.02775764465332 18
      vertex 8.746978759765625 -21.936336517333984 18
      vertex 9.199999809265137 -23.5 18
    endloop
  endfacet
  facet normal 0 0 -1
    outer loop
      vertex 8.34999942779541 -22.02775764465332 18
      vertex 7.054957389831543 -21.55014419555664 18
      vertex 8.746978759765625 -21.936336517333984 18
    endloop
  endfacet
  facet normal 0 0 -1
    outer loop
      vertex 6.649999618530273 -22.02775764465332 18
      vertex 7.054957389831543 -21.55014419555664 18
      vertex 8.34999942779541 -22.02775764465332 18
    endloop
  endfacet
  facet normal 0 0 -1
    outer loop
      vertex 6.649999618530273 -22.02775764465332 18
      vertex 5.698061943054199 -22.632232666015625 18
      vertex 7.054957389831543 -21.55014419555664 18
    endloop
  endfacet
  facet normal 0 0 -1
    outer loop
      vertex 5.799999237060547 -23.5 18
      vertex 5.698061943054199 -22.632232666015625 18
      vertex 6.649999618530273 -22.02775764465332 18
    endloop
  endfacet
  facet normal 0 0 -1
    outer loop
      vertex 5.698061943054199 -22.632232666015625 18
      vertex 5.799999237060547 -23.5 18
      vertex 5.698061943054199 -24.367767333984375 18
    endloop
  endfacet
  facet normal -0.2225206522183171 0.974927976486638 -6.557736922362754e-8
    outer loop
      vertex 8.746978759765625 -25.063663482666016 18
      vertex 8.468847274780273 -25.127145767211914 8
      vertex 7.054957389831543 -25.44985580444336 18
    endloop
  endfacet
  facet normal -0.22252289325290733 0.9749274649830905 0
    outer loop
      vertex 8.746978759765625 -25.063663482666016 4
      vertex 8.468847274780273 -25.127145767211914 8
      vertex 8.746978759765625 -25.063663482666016 18
    endloop
  endfacet
  facet normal -0.22252289325290733 0.9749274649830905 0
    outer loop
      vertex 8.468847274780273 -25.127145767211914 8
      vertex 8.746978759765625 -25.063663482666016 4
      vertex 8.468847274780273 -25.127145767211914 4
    endloop
  endfacet
  facet normal -0.2225202113757371 0.9749280771058434 0
    outer loop
      vertex 7.054957389831543 -25.44985580444336 18
      vertex 8.468847274780273 -25.127145767211914 8
      vertex 7.054957389831543 -25.44985580444336 8
    endloop
  endfacet
  facet normal -0.9009689271191549 0.4338836161527178 0
    outer loop
      vertex 8.9378080368042 -24.667402267456055 4
      vertex 8.746978759765625 -25.063663482666016 4
      vertex 8.9378080368042 -24.667402267456055 8
    endloop
  endfacet
  facet normal -0.9009686684043918 0.4338841533792367 0
    outer loop
      vertex 8.9378080368042 -24.667402267456055 8
      vertex 9.5 -23.5 18
      vertex 9.5 -23.5 8
    endloop
  endfacet
  facet normal -0.9009687339675087 0.4338840172361552 1.957927993242167e-8
    outer loop
      vertex 8.9378080368042 -24.667402267456055 8
      vertex 8.746978759765625 -25.063663482666016 18
      vertex 9.5 -23.5 18
    endloop
  endfacet
  facet normal -0.9009689271191549 0.43388361615271775 0
    outer loop
      vertex 8.746978759765625 -25.063663482666016 18
      vertex 8.9378080368042 -24.667402267456055 8
      vertex 8.746978759765625 -25.063663482666016 4
    endloop
  endfacet
  facet normal -0.2225202945913928 -0.9749280581124741 0
    outer loop
      vertex 65.0549545288086 -21.55014419555664 8
      vertex 66.74697875976562 -21.936336517333984 18
      vertex 65.0549545288086 -21.55014419555664 18
    endloop
  endfacet
  facet normal -0.2225202945913928 -0.9749280581124741 0
    outer loop
      vertex 66.74697875976562 -21.936336517333984 18
      vertex 65.0549545288086 -21.55014419555664 8
      vertex 66.74697875976562 -21.936336517333984 8
    endloop
  endfacet
  facet normal 1 0 0
    outer loop
      vertex 63.698062896728516 -22.632232666015625 18
      vertex 63.698062896728516 -23.628437042236328 8
      vertex 63.698062896728516 -22.632232666015625 8
    endloop
  endfacet
  facet normal 1 0 0
    outer loop
      vertex 63.698062896728516 -24.367767333984375 18
      vertex 63.698062896728516 -23.628437042236328 8
      vertex 63.698062896728516 -22.632232666015625 18
    endloop
  endfacet
  facet normal 1 0 0
    outer loop
      vertex 63.698062896728516 -24.367767333984375 4
      vertex 63.698062896728516 -23.628437042236328 8
      vertex 63.698062896728516 -24.367767333984375 18
    endloop
  endfacet
  facet normal 1 0 0
    outer loop
      vertex 63.698062896728516 -23.628437042236328 8
      vertex 63.698062896728516 -24.367767333984375 4
      vertex 63.698062896728516 -23.628437042236328 4
    endloop
  endfacet
  facet normal -0.9009687339675088 -0.4338840172361553 0
    outer loop
      vertex 67.5 -23.5 8
      vertex 66.74697875976562 -21.936336517333984 18
      vertex 66.74697875976562 -21.936336517333984 8
    endloop
  endfacet
  facet normal -0.9009687339675088 -0.4338840172361553 0
    outer loop
      vertex 66.74697875976562 -21.936336517333984 18
      vertex 67.5 -23.5 8
      vertex 67.5 -23.5 18
    endloop
  endfacet
  facet normal -0.22252029459139283 0.9749280581124741 0
    outer loop
      vertex 66.74697875976562 -25.063663482666016 4
      vertex 65.0549545288086 -25.44985580444336 18
      vertex 66.74697875976562 -25.063663482666016 18
    endloop
  endfacet
  facet normal -0.22252029459139283 0.9749280581124741 0
    outer loop
      vertex 65.0549545288086 -25.44985580444336 18
      vertex 66.74697875976562 -25.063663482666016 4
      vertex 65.0549545288086 -25.44985580444336 4
    endloop
  endfacet
  facet normal 0.6234910353727371 0.7818304987718453 0
    outer loop
      vertex 65.0549545288086 -25.44985580444336 4
      vertex 63.698062896728516 -24.367767333984375 18
      vertex 65.0549545288086 -25.44985580444336 18
    endloop
  endfacet
  facet normal 0.6234910353727371 0.7818304987718453 0
    outer loop
      vertex 63.698062896728516 -24.367767333984375 18
      vertex 65.0549545288086 -25.44985580444336 4
      vertex 63.698062896728516 -24.367767333984375 4
    endloop
  endfacet
  facet normal 0.6234910353727371 -0.7818304987718453 0
    outer loop
      vertex 63.698062896728516 -22.632232666015625 8
      vertex 65.0549545288086 -21.55014419555664 18
      vertex 63.698062896728516 -22.632232666015625 18
    endloop
  endfacet
  facet normal 0.6234910353727371 -0.7818304987718453 0
    outer loop
      vertex 65.0549545288086 -21.55014419555664 18
      vertex 63.698062896728516 -22.632232666015625 8
      vertex 65.0549545288086 -21.55014419555664 8
    endloop
  endfacet
  facet normal 0 0 -1
    outer loop
      vertex 66.74697875976562 -25.063663482666016 18
      vertex 67.19999694824219 -23.5 18
      vertex 67.5 -23.5 18
    endloop
  endfacet
  facet normal 0 0 -1
    outer loop
      vertex 66.74697875976562 -25.063663482666016 18
      vertex 66.3499984741211 -24.972244262695312 18
      vertex 67.19999694824219 -23.5 18
    endloop
  endfacet
  facet normal 0 0 -1
    outer loop
      vertex 65.0549545288086 -25.44985580444336 18
      vertex 66.3499984741211 -24.972244262695312 18
      vertex 66.74697875976562 -25.063663482666016 18
    endloop
  endfacet
  facet normal 0 0 -1
    outer loop
      vertex 65.0549545288086 -25.44985580444336 18
      vertex 64.6500015258789 -24.972244262695312 18
      vertex 66.3499984741211 -24.972244262695312 18
    endloop
  endfacet
  facet normal 0 0 -1
    outer loop
      vertex 64.6500015258789 -24.972244262695312 18
      vertex 63.698062896728516 -24.367767333984375 18
      vertex 63.79999923706055 -23.5 18
    endloop
  endfacet
  facet normal 0 0 -1
    outer loop
      vertex 63.698062896728516 -24.367767333984375 18
      vertex 64.6500015258789 -24.972244262695312 18
      vertex 65.0549545288086 -25.44985580444336 18
    endloop
  endfacet
  facet normal 0 0 -1
    outer loop
      vertex 67.19999694824219 -23.5 18
      vertex 66.74697875976562 -21.936336517333984 18
      vertex 67.5 -23.5 18
    endloop
  endfacet
  facet normal 0 0 -1
    outer loop
      vertex 66.3499984741211 -22.02775764465332 18
      vertex 66.74697875976562 -21.936336517333984 18
      vertex 67.19999694824219 -23.5 18
    endloop
  endfacet
  facet normal 0 0 -1
    outer loop
      vertex 66.3499984741211 -22.02775764465332 18
      vertex 65.0549545288086 -21.55014419555664 18
      vertex 66.74697875976562 -21.936336517333984 18
    endloop
  endfacet
  facet normal 0 0 -1
    outer loop
      vertex 64.6500015258789 -22.02775764465332 18
      vertex 65.0549545288086 -21.55014419555664 18
      vertex 66.3499984741211 -22.02775764465332 18
    endloop
  endfacet
  facet normal 0 0 -1
    outer loop
      vertex 64.6500015258789 -22.02775764465332 18
      vertex 63.698062896728516 -22.632232666015625 18
      vertex 65.0549545288086 -21.55014419555664 18
    endloop
  endfacet
  facet normal 0 0 -1
    outer loop
      vertex 63.79999923706055 -23.5 18
      vertex 63.698062896728516 -22.632232666015625 18
      vertex 64.6500015258789 -22.02775764465332 18
    endloop
  endfacet
  facet normal 0 0 -1
    outer loop
      vertex 63.698062896728516 -22.632232666015625 18
      vertex 63.79999923706055 -23.5 18
      vertex 63.698062896728516 -24.367767333984375 18
    endloop
  endfacet
  facet normal -0.9009685948182864 0.4338843061821464 0
    outer loop
      vertex 67.43814849853516 -23.628437042236328 4
      vertex 66.74697875976562 -25.063663482666016 4
      vertex 67.43814849853516 -23.628437042236328 8
    endloop
  endfacet
  facet normal -0.9009702888943872 0.4338807883849712 0
    outer loop
      vertex 67.43814849853516 -23.628437042236328 8
      vertex 67.5 -23.5 18
      vertex 67.5 -23.5 8
    endloop
  endfacet
  facet normal -0.9009685948182864 0.4338843061821464 0
    outer loop
      vertex 66.74697875976562 -25.063663482666016 18
      vertex 67.43814849853516 -23.628437042236328 8
      vertex 66.74697875976562 -25.063663482666016 4
    endloop
  endfacet
  facet normal -0.9009687339675077 0.4338840172361548 -5.10878658008651e-8
    outer loop
      vertex 67.43814849853516 -23.628437042236328 8
      vertex 66.74697875976562 -25.063663482666016 18
      vertex 67.5 -23.5 18
    endloop
  endfacet
  facet normal 0 -1 0
    outer loop
      vertex 6.649999618530273 -71.02775573730469 0
      vertex 8.34999942779541 -71.02775573730469 4
      vertex 6.649999618530273 -71.02775573730469 4
    endloop
  endfacet
  facet normal 0 -1 0
    outer loop
      vertex 8.34999942779541 -71.02775573730469 4
      vertex 6.649999618530273 -71.02775573730469 0
      vertex 8.34999942779541 -71.02775573730469 0
    endloop
  endfacet
  facet normal 0 -1 0
    outer loop
      vertex 6.649999618530273 -71.02775573730469 18
      vertex 8.34999942779541 -71.02775573730469 22
      vertex 6.649999618530273 -71.02775573730469 22
    endloop
  endfacet
  facet normal 0 -1 0
    outer loop
      vertex 8.34999942779541 -71.02775573730469 22
      vertex 6.649999618530273 -71.02775573730469 18
      vertex 8.34999942779541 -71.02775573730469 18
    endloop
  endfacet
  facet normal -0.8660254648927475 -0.4999998941572893 0
    outer loop
      vertex 9.199999809265137 -72.5 0
      vertex 8.34999942779541 -71.02775573730469 4
      vertex 8.34999942779541 -71.02775573730469 0
    endloop
  endfacet
  facet normal -0.8660254648927475 -0.4999998941572893 0
    outer loop
      vertex 8.34999942779541 -71.02775573730469 4
      vertex 9.199999809265137 -72.5 0
      vertex 9.199999809265137 -72.5 4
    endloop
  endfacet
  facet normal -0.8660254648927475 -0.4999998941572893 0
    outer loop
      vertex 9.199999809265137 -72.5 18
      vertex 8.34999942779541 -71.02775573730469 22
      vertex 8.34999942779541 -71.02775573730469 18
    endloop
  endfacet
  facet normal -0.8660254648927475 -0.4999998941572893 0
    outer loop
      vertex 8.34999942779541 -71.02775573730469 22
      vertex 9.199999809265137 -72.5 18
      vertex 9.199999809265137 -72.5 22
    endloop
  endfacet
  facet normal 0.8660254648927475 -0.4999998941572893 0
    outer loop
      vertex 5.799999237060547 -72.5 4
      vertex 6.649999618530273 -71.02775573730469 0
      vertex 6.649999618530273 -71.02775573730469 4
    endloop
  endfacet
  facet normal 0.8660254648927475 -0.4999998941572893 0
    outer loop
      vertex 6.649999618530273 -71.02775573730469 0
      vertex 5.799999237060547 -72.5 4
      vertex 5.799999237060547 -72.5 0
    endloop
  endfacet
  facet normal 0.8660254648927475 -0.4999998941572893 0
    outer loop
      vertex 5.799999237060547 -72.5 22
      vertex 6.649999618530273 -71.02775573730469 18
      vertex 6.649999618530273 -71.02775573730469 22
    endloop
  endfacet
  facet normal 0.8660254648927475 -0.4999998941572893 0
    outer loop
      vertex 6.649999618530273 -71.02775573730469 18
      vertex 5.799999237060547 -72.5 22
      vertex 5.799999237060547 -72.5 18
    endloop
  endfacet
  facet normal 0.8660254648927475 0.4999998941572893 0
    outer loop
      vertex 6.649999618530273 -73.97224426269531 4
      vertex 5.799999237060547 -72.5 0
      vertex 5.799999237060547 -72.5 4
    endloop
  endfacet
  facet normal 0.8660254648927475 0.4999998941572893 0
    outer loop
      vertex 5.799999237060547 -72.5 0
      vertex 6.649999618530273 -73.97224426269531 4
      vertex 6.649999618530273 -73.97224426269531 0
    endloop
  endfacet
  facet normal 0.8660254648927475 0.4999998941572893 0
    outer loop
      vertex 6.649999618530273 -73.97224426269531 22
      vertex 5.799999237060547 -72.5 18
      vertex 5.799999237060547 -72.5 22
    endloop
  endfacet
  facet normal 0.8660254648927475 0.4999998941572893 0
    outer loop
      vertex 5.799999237060547 -72.5 18
      vertex 6.649999618530273 -73.97224426269531 22
      vertex 6.649999618530273 -73.97224426269531 18
    endloop
  endfacet
  facet normal -0.8660254648927475 0.4999998941572893 0
    outer loop
      vertex 8.34999942779541 -73.97224426269531 0
      vertex 9.199999809265137 -72.5 4
      vertex 9.199999809265137 -72.5 0
    endloop
  endfacet
  facet normal -0.8660254648927475 0.4999998941572893 0
    outer loop
      vertex 9.199999809265137 -72.5 4
      vertex 8.34999942779541 -73.97224426269531 0
      vertex 8.34999942779541 -73.97224426269531 4
    endloop
  endfacet
  facet normal -0.8660254648927475 0.4999998941572893 0
    outer loop
      vertex 8.34999942779541 -73.97224426269531 18
      vertex 9.199999809265137 -72.5 22
      vertex 9.199999809265137 -72.5 18
    endloop
  endfacet
  facet normal -0.8660254648927475 0.4999998941572893 0
    outer loop
      vertex 9.199999809265137 -72.5 22
      vertex 8.34999942779541 -73.97224426269531 18
      vertex 8.34999942779541 -73.97224426269531 22
    endloop
  endfacet
  facet normal 0 1 0
    outer loop
      vertex 8.34999942779541 -73.97224426269531 0
      vertex 6.649999618530273 -73.97224426269531 4
      vertex 8.34999942779541 -73.97224426269531 4
    endloop
  endfacet
  facet normal 0 1 0
    outer loop
      vertex 6.649999618530273 -73.97224426269531 4
      vertex 8.34999942779541 -73.97224426269531 0
      vertex 6.649999618530273 -73.97224426269531 0
    endloop
  endfacet
  facet normal 0 1 0
    outer loop
      vertex 8.34999942779541 -73.97224426269531 18
      vertex 6.649999618530273 -73.97224426269531 22
      vertex 8.34999942779541 -73.97224426269531 22
    endloop
  endfacet
  facet normal 0 1 0
    outer loop
      vertex 6.649999618530273 -73.97224426269531 22
      vertex 8.34999942779541 -73.97224426269531 18
      vertex 6.649999618530273 -73.97224426269531 18
    endloop
  endfacet
  facet normal 0 -1 0
    outer loop
      vertex 64.6500015258789 -71.02775573730469 0
      vertex 66.3499984741211 -71.02775573730469 4
      vertex 64.6500015258789 -71.02775573730469 4
    endloop
  endfacet
  facet normal 0 -1 0
    outer loop
      vertex 66.3499984741211 -71.02775573730469 4
      vertex 64.6500015258789 -71.02775573730469 0
      vertex 66.3499984741211 -71.02775573730469 0
    endloop
  endfacet
  facet normal 0 -1 0
    outer loop
      vertex 64.6500015258789 -71.02775573730469 18
      vertex 66.3499984741211 -71.02775573730469 22
      vertex 64.6500015258789 -71.02775573730469 22
    endloop
  endfacet
  facet normal 0 -1 0
    outer loop
      vertex 66.3499984741211 -71.02775573730469 22
      vertex 64.6500015258789 -71.02775573730469 18
      vertex 66.3499984741211 -71.02775573730469 18
    endloop
  endfacet
  facet normal -0.8660257593632591 -0.4999993841189112 0
    outer loop
      vertex 66.3499984741211 -71.02775573730469 0
      vertex 67.12584686279297 -72.37156677246094 4
      vertex 66.3499984741211 -71.02775573730469 4
    endloop
  endfacet
  facet normal -0.8660259507193798 -0.4999990526796747 1.4846376035934073e-7
    outer loop
      vertex 67.19999694824219 -72.5 0
      vertex 67.12584686279297 -72.37156677246094 4
      vertex 66.3499984741211 -71.02775573730469 0
    endloop
  endfacet
  facet normal -0.8660279528971662 -0.4999955847812497 0
    outer loop
      vertex 67.12584686279297 -72.37156677246094 4
      vertex 67.19999694824219 -72.5 0
      vertex 67.19999694824219 -72.5 4
    endloop
  endfacet
  facet normal -0.8660259507193895 -0.49999905267968026 0
    outer loop
      vertex 67.19999694824219 -72.5 18
      vertex 66.3499984741211 -71.02775573730469 22
      vertex 66.3499984741211 -71.02775573730469 18
    endloop
  endfacet
  facet normal -0.8660259507193895 -0.49999905267968026 0
    outer loop
      vertex 66.3499984741211 -71.02775573730469 22
      vertex 67.19999694824219 -72.5 18
      vertex 67.19999694824219 -72.5 22
    endloop
  endfacet
  facet normal 0.8660249790658331 0.5000007356334822 0
    outer loop
      vertex 64.6500015258789 -73.97224426269531 4
      vertex 63.79999923706055 -72.5 0
      vertex 63.79999923706055 -72.5 4
    endloop
  endfacet
  facet normal 0.8660249790658331 0.5000007356334822 0
    outer loop
      vertex 63.79999923706055 -72.5 0
      vertex 64.6500015258789 -73.97224426269531 4
      vertex 64.6500015258789 -73.97224426269531 0
    endloop
  endfacet
  facet normal 0.8660249790658331 0.5000007356334822 0
    outer loop
      vertex 64.6500015258789 -73.97224426269531 22
      vertex 63.79999923706055 -72.5 18
      vertex 63.79999923706055 -72.5 22
    endloop
  endfacet
  facet normal 0.8660249790658331 0.5000007356334822 0
    outer loop
      vertex 63.79999923706055 -72.5 18
      vertex 64.6500015258789 -73.97224426269531 22
      vertex 64.6500015258789 -73.97224426269531 18
    endloop
  endfacet
  facet normal -0.8660259507193895 0.49999905267968026 0
    outer loop
      vertex 66.3499984741211 -73.97224426269531 0
      vertex 67.19999694824219 -72.5 4
      vertex 67.19999694824219 -72.5 0
    endloop
  endfacet
  facet normal -0.8660259507193895 0.49999905267968026 0
    outer loop
      vertex 67.19999694824219 -72.5 4
      vertex 66.3499984741211 -73.97224426269531 0
      vertex 66.3499984741211 -73.97224426269531 4
    endloop
  endfacet
  facet normal -0.8660259507193895 0.49999905267968026 0
    outer loop
      vertex 66.3499984741211 -73.97224426269531 18
      vertex 67.19999694824219 -72.5 22
      vertex 67.19999694824219 -72.5 18
    endloop
  endfacet
  facet normal -0.8660259507193895 0.49999905267968026 0
    outer loop
      vertex 67.19999694824219 -72.5 22
      vertex 66.3499984741211 -73.97224426269531 18
      vertex 66.3499984741211 -73.97224426269531 22
    endloop
  endfacet
  facet normal 0 1 0
    outer loop
      vertex 66.3499984741211 -73.97224426269531 0
      vertex 64.6500015258789 -73.97224426269531 4
      vertex 66.3499984741211 -73.97224426269531 4
    endloop
  endfacet
  facet normal 0 1 0
    outer loop
      vertex 64.6500015258789 -73.97224426269531 4
      vertex 66.3499984741211 -73.97224426269531 0
      vertex 64.6500015258789 -73.97224426269531 0
    endloop
  endfacet
  facet normal 0 1 0
    outer loop
      vertex 66.3499984741211 -73.97224426269531 18
      vertex 64.6500015258789 -73.97224426269531 22
      vertex 66.3499984741211 -73.97224426269531 22
    endloop
  endfacet
  facet normal 0 1 0
    outer loop
      vertex 64.6500015258789 -73.97224426269531 22
      vertex 66.3499984741211 -73.97224426269531 18
      vertex 64.6500015258789 -73.97224426269531 18
    endloop
  endfacet
  facet normal 0.8660257593632591 -0.4999993841189112 0
    outer loop
      vertex 63.87415313720703 -72.37156677246094 4
      vertex 64.6500015258789 -71.02775573730469 0
      vertex 64.6500015258789 -71.02775573730469 4
    endloop
  endfacet
  facet normal 0.8660168146855829 -0.5000148764605277 0
    outer loop
      vertex 63.79999923706055 -72.5 0
      vertex 63.87415313720703 -72.37156677246094 4
      vertex 63.79999923706055 -72.5 4
    endloop
  endfacet
  facet normal 0.8660249790656743 -0.5000007356333905 -6.053931738377161e-7
    outer loop
      vertex 63.87415313720703 -72.37156677246094 4
      vertex 63.79999923706055 -72.5 0
      vertex 64.6500015258789 -71.02775573730469 0
    endloop
  endfacet
  facet normal 0.8660249790658331 -0.5000007356334822 0
    outer loop
      vertex 63.79999923706055 -72.5 22
      vertex 64.6500015258789 -71.02775573730469 18
      vertex 64.6500015258789 -71.02775573730469 22
    endloop
  endfacet
  facet normal 0.8660249790658331 -0.5000007356334822 0
    outer loop
      vertex 64.6500015258789 -71.02775573730469 18
      vertex 63.79999923706055 -72.5 22
      vertex 63.79999923706055 -72.5 18
    endloop
  endfacet
  facet normal 0 -1 0
    outer loop
      vertex 6.649999618530273 -22.02775764465332 0
      vertex 8.34999942779541 -22.02775764465332 4
      vertex 6.649999618530273 -22.02775764465332 4
    endloop
  endfacet
  facet normal 0 -1 0
    outer loop
      vertex 8.34999942779541 -22.02775764465332 4
      vertex 6.649999618530273 -22.02775764465332 0
      vertex 8.34999942779541 -22.02775764465332 0
    endloop
  endfacet
  facet normal 0 -1 0
    outer loop
      vertex 6.649999618530273 -22.02775764465332 18
      vertex 8.34999942779541 -22.02775764465332 22
      vertex 6.649999618530273 -22.02775764465332 22
    endloop
  endfacet
  facet normal 0 -1 0
    outer loop
      vertex 8.34999942779541 -22.02775764465332 22
      vertex 6.649999618530273 -22.02775764465332 18
      vertex 8.34999942779541 -22.02775764465332 18
    endloop
  endfacet
  facet normal -0.8660251844001967 -0.5000003799844609 0
    outer loop
      vertex 9.199999809265137 -23.5 0
      vertex 8.34999942779541 -22.02775764465332 4
      vertex 8.34999942779541 -22.02775764465332 0
    endloop
  endfacet
  facet normal -0.8660251844001967 -0.5000003799844609 0
    outer loop
      vertex 8.34999942779541 -22.02775764465332 4
      vertex 9.199999809265137 -23.5 0
      vertex 9.199999809265137 -23.5 4
    endloop
  endfacet
  facet normal -0.8660251844001967 -0.5000003799844609 0
    outer loop
      vertex 9.199999809265137 -23.5 18
      vertex 8.34999942779541 -22.02775764465332 22
      vertex 8.34999942779541 -22.02775764465332 18
    endloop
  endfacet
  facet normal -0.8660251844001967 -0.5000003799844609 0
    outer loop
      vertex 8.34999942779541 -22.02775764465332 22
      vertex 9.199999809265137 -23.5 18
      vertex 9.199999809265137 -23.5 22
    endloop
  endfacet
  facet normal 0.8660251844001967 -0.5000003799844609 0
    outer loop
      vertex 5.799999237060547 -23.5 4
      vertex 6.649999618530273 -22.02775764465332 0
      vertex 6.649999618530273 -22.02775764465332 4
    endloop
  endfacet
  facet normal 0.8660251844001967 -0.5000003799844609 0
    outer loop
      vertex 6.649999618530273 -22.02775764465332 0
      vertex 5.799999237060547 -23.5 4
      vertex 5.799999237060547 -23.5 0
    endloop
  endfacet
  facet normal 0.8660251844001967 -0.5000003799844609 0
    outer loop
      vertex 5.799999237060547 -23.5 22
      vertex 6.649999618530273 -22.02775764465332 18
      vertex 6.649999618530273 -22.02775764465332 22
    endloop
  endfacet
  facet normal 0.8660251844001967 -0.5000003799844609 0
    outer loop
      vertex 6.649999618530273 -22.02775764465332 18
      vertex 5.799999237060547 -23.5 22
      vertex 5.799999237060547 -23.5 18
    endloop
  endfacet
  facet normal 0.8660254648927475 0.4999998941572893 0
    outer loop
      vertex 6.649999618530273 -24.972244262695312 4
      vertex 5.799999237060547 -23.5 0
      vertex 5.799999237060547 -23.5 4
    endloop
  endfacet
  facet normal 0.8660254648927475 0.4999998941572893 0
    outer loop
      vertex 5.799999237060547 -23.5 0
      vertex 6.649999618530273 -24.972244262695312 4
      vertex 6.649999618530273 -24.972244262695312 0
    endloop
  endfacet
  facet normal 0.8660254648927475 0.4999998941572893 0
    outer loop
      vertex 6.649999618530273 -24.972244262695312 22
      vertex 5.799999237060547 -23.5 18
      vertex 5.799999237060547 -23.5 22
    endloop
  endfacet
  facet normal 0.8660254648927475 0.4999998941572893 0
    outer loop
      vertex 5.799999237060547 -23.5 18
      vertex 6.649999618530273 -24.972244262695312 22
      vertex 6.649999618530273 -24.972244262695312 18
    endloop
  endfacet
  facet normal -0.8660254648927475 0.4999998941572893 0
    outer loop
      vertex 8.34999942779541 -24.972244262695312 0
      vertex 9.199999809265137 -23.5 4
      vertex 9.199999809265137 -23.5 0
    endloop
  endfacet
  facet normal -0.8660254648927475 0.4999998941572893 0
    outer loop
      vertex 9.199999809265137 -23.5 4
      vertex 8.34999942779541 -24.972244262695312 0
      vertex 8.34999942779541 -24.972244262695312 4
    endloop
  endfacet
  facet normal -0.8660254648927475 0.4999998941572893 0
    outer loop
      vertex 8.34999942779541 -24.972244262695312 18
      vertex 9.199999809265137 -23.5 22
      vertex 9.199999809265137 -23.5 18
    endloop
  endfacet
  facet normal -0.8660254648927475 0.4999998941572893 0
    outer loop
      vertex 9.199999809265137 -23.5 22
      vertex 8.34999942779541 -24.972244262695312 18
      vertex 8.34999942779541 -24.972244262695312 22
    endloop
  endfacet
  facet normal 0 1 0
    outer loop
      vertex 8.34999942779541 -24.972244262695312 0
      vertex 6.649999618530273 -24.972244262695312 4
      vertex 8.34999942779541 -24.972244262695312 4
    endloop
  endfacet
  facet normal 0 1 0
    outer loop
      vertex 6.649999618530273 -24.972244262695312 4
      vertex 8.34999942779541 -24.972244262695312 0
      vertex 6.649999618530273 -24.972244262695312 0
    endloop
  endfacet
  facet normal 0 1 0
    outer loop
      vertex 8.34999942779541 -24.972244262695312 18
      vertex 6.649999618530273 -24.972244262695312 22
      vertex 8.34999942779541 -24.972244262695312 22
    endloop
  endfacet
  facet normal 0 1 0
    outer loop
      vertex 6.649999618530273 -24.972244262695312 22
      vertex 8.34999942779541 -24.972244262695312 18
      vertex 6.649999618530273 -24.972244262695312 18
    endloop
  endfacet
  facet normal 0 -1 0
    outer loop
      vertex 64.6500015258789 -22.02775764465332 0
      vertex 66.3499984741211 -22.02775764465332 4
      vertex 64.6500015258789 -22.02775764465332 4
    endloop
  endfacet
  facet normal 0 -1 0
    outer loop
      vertex 66.3499984741211 -22.02775764465332 4
      vertex 64.6500015258789 -22.02775764465332 0
      vertex 66.3499984741211 -22.02775764465332 0
    endloop
  endfacet
  facet normal 0 -1 0
    outer loop
      vertex 64.6500015258789 -22.02775764465332 18
      vertex 66.3499984741211 -22.02775764465332 22
      vertex 64.6500015258789 -22.02775764465332 22
    endloop
  endfacet
  facet normal 0 -1 0
    outer loop
      vertex 66.3499984741211 -22.02775764465332 22
      vertex 64.6500015258789 -22.02775764465332 18
      vertex 66.3499984741211 -22.02775764465332 18
    endloop
  endfacet
  facet normal -0.8660256702276254 -0.49999953850657924 0
    outer loop
      vertex 67.19999694824219 -23.5 0
      vertex 66.3499984741211 -22.02775764465332 4
      vertex 66.3499984741211 -22.02775764465332 0
    endloop
  endfacet
  facet normal -0.8660256702276254 -0.49999953850657924 0
    outer loop
      vertex 66.3499984741211 -22.02775764465332 4
      vertex 67.19999694824219 -23.5 0
      vertex 67.19999694824219 -23.5 4
    endloop
  endfacet
  facet normal -0.8660256702276254 -0.49999953850657924 0
    outer loop
      vertex 67.19999694824219 -23.5 18
      vertex 66.3499984741211 -22.02775764465332 22
      vertex 66.3499984741211 -22.02775764465332 18
    endloop
  endfacet
  facet normal -0.8660256702276254 -0.49999953850657924 0
    outer loop
      vertex 66.3499984741211 -22.02775764465332 22
      vertex 67.19999694824219 -23.5 18
      vertex 67.19999694824219 -23.5 22
    endloop
  endfacet
  facet normal 0.8660232454166229 0.5000037383840842 0
    outer loop
      vertex 63.87415313720703 -23.628437042236328 4
      vertex 63.79999923706055 -23.5 0
      vertex 63.79999923706055 -23.5 4
    endloop
  endfacet
  facet normal 0.8660251447626155 0.5000004486386895 0
    outer loop
      vertex 64.6500015258789 -24.972244262695312 0
      vertex 63.87415313720703 -23.628437042236328 4
      vertex 64.6500015258789 -24.972244262695312 4
    endloop
  endfacet
  facet normal 0.8660249790658259 0.500000735633478 -1.2855531407994276e-7
    outer loop
      vertex 63.87415313720703 -23.628437042236328 4
      vertex 64.6500015258789 -24.972244262695312 0
      vertex 63.79999923706055 -23.5 0
    endloop
  endfacet
  facet normal 0.8660249790658331 0.5000007356334822 0
    outer loop
      vertex 64.6500015258789 -24.972244262695312 22
      vertex 63.79999923706055 -23.5 18
      vertex 63.79999923706055 -23.5 22
    endloop
  endfacet
  facet normal 0.8660249790658331 0.5000007356334822 0
    outer loop
      vertex 63.79999923706055 -23.5 18
      vertex 64.6500015258789 -24.972244262695312 22
      vertex 64.6500015258789 -24.972244262695312 18
    endloop
  endfacet
  facet normal -0.8660343832146885 0.49998444684805354 0
    outer loop
      vertex 67.19999694824219 -23.5 0
      vertex 67.12584686279297 -23.628437042236328 4
      vertex 67.19999694824219 -23.5 4
    endloop
  endfacet
  facet normal -0.8660259507192202 0.49999905267958256 6.253000151272868e-7
    outer loop
      vertex 66.3499984741211 -24.972244262695312 0
      vertex 67.12584686279297 -23.628437042236328 4
      vertex 67.19999694824219 -23.5 0
    endloop
  endfacet
  facet normal -0.8660251447626155 0.5000004486386895 0
    outer loop
      vertex 67.12584686279297 -23.628437042236328 4
      vertex 66.3499984741211 -24.972244262695312 0
      vertex 66.3499984741211 -24.972244262695312 4
    endloop
  endfacet
  facet normal -0.8660259507193895 0.49999905267968026 0
    outer loop
      vertex 66.3499984741211 -24.972244262695312 18
      vertex 67.19999694824219 -23.5 22
      vertex 67.19999694824219 -23.5 18
    endloop
  endfacet
  facet normal -0.8660259507193895 0.49999905267968026 0
    outer loop
      vertex 67.19999694824219 -23.5 22
      vertex 66.3499984741211 -24.972244262695312 18
      vertex 66.3499984741211 -24.972244262695312 22
    endloop
  endfacet
  facet normal 0 1 0
    outer loop
      vertex 66.3499984741211 -24.972244262695312 0
      vertex 64.6500015258789 -24.972244262695312 4
      vertex 66.3499984741211 -24.972244262695312 4
    endloop
  endfacet
  facet normal 0 1 0
    outer loop
      vertex 64.6500015258789 -24.972244262695312 4
      vertex 66.3499984741211 -24.972244262695312 0
      vertex 64.6500015258789 -24.972244262695312 0
    endloop
  endfacet
  facet normal 0 1 0
    outer loop
      vertex 66.3499984741211 -24.972244262695312 18
      vertex 64.6500015258789 -24.972244262695312 22
      vertex 66.3499984741211 -24.972244262695312 22
    endloop
  endfacet
  facet normal 0 1 0
    outer loop
      vertex 64.6500015258789 -24.972244262695312 22
      vertex 66.3499984741211 -24.972244262695312 18
      vertex 64.6500015258789 -24.972244262695312 18
    endloop
  endfacet
  facet normal 0.8660246985724955 -0.5000012214609263 0
    outer loop
      vertex 63.79999923706055 -23.5 4
      vertex 64.6500015258789 -22.02775764465332 0
      vertex 64.6500015258789 -22.02775764465332 4
    endloop
  endfacet
  facet normal 0.8660246985724955 -0.5000012214609263 0
    outer loop
      vertex 64.6500015258789 -22.02775764465332 0
      vertex 63.79999923706055 -23.5 4
      vertex 63.79999923706055 -23.5 0
    endloop
  endfacet
  facet normal 0.8660246985724955 -0.5000012214609263 0
    outer loop
      vertex 63.79999923706055 -23.5 22
      vertex 64.6500015258789 -22.02775764465332 18
      vertex 64.6500015258789 -22.02775764465332 22
    endloop
  endfacet
  facet normal 0.8660246985724955 -0.5000012214609263 0
    outer loop
      vertex 64.6500015258789 -22.02775764465332 18
      vertex 63.79999923706055 -23.5 22
      vertex 63.79999923706055 -23.5 18
    endloop
  endfacet
  facet normal -0.7071067040521516 -0.707106858320935 0
    outer loop
      vertex 21.136150360107422 -40.25747299194336 0
      vertex 29.878679275512695 -49 4
      vertex 21.136150360107422 -40.25747299194336 4
    endloop
  endfacet
  facet normal -0.7071067040521516 -0.707106858320935 0
    outer loop
      vertex 29.878679275512695 -49 4
      vertex 21.136150360107422 -40.25747299194336 0
      vertex 29.878679275512695 -49 0
    endloop
  endfacet
  facet normal -0.7071069355116592 -0.7071066268614024 0
    outer loop
      vertex 40.73933410644531 -59.86065673828125 0
      vertex 32 -51.12131881713867 4
      vertex 32 -51.12131881713867 0
    endloop
  endfacet
  facet normal -0.7071069355116592 -0.7071066268614024 0
    outer loop
      vertex 32 -51.12131881713867 4
      vertex 40.73933410644531 -59.86065673828125 0
      vertex 40.73933410644531 -59.86065673828125 4
    endloop
  endfacet
  facet normal -0.7071322043364747 0.7070813571225295 0
    outer loop
      vertex 21.216081619262695 -38.570716857910156 0
      vertex 21.269128799438477 -38.51766586303711 4
      vertex 21.269128799438477 -38.51766586303711 0
    endloop
  endfacet
  facet normal -0.7071322043364747 0.7070813571225295 0
    outer loop
      vertex 21.269128799438477 -38.51766586303711 4
      vertex 21.216081619262695 -38.570716857910156 0
      vertex 21.216081619262695 -38.570716857910156 4
    endloop
  endfacet
  facet normal 0.7071067040239707 0.7071068583491159 0
    outer loop
      vertex 32 -46.87868118286133 0
      vertex 23.260663986206055 -38.139347076416016 4
      vertex 32 -46.87868118286133 4
    endloop
  endfacet
  facet normal 0.7071067040239707 0.7071068583491159 0
    outer loop
      vertex 23.260663986206055 -38.139347076416016 4
      vertex 32 -46.87868118286133 0
      vertex 23.260663986206055 -38.139347076416016 0
    endloop
  endfacet
  facet normal 0.7071067811865475 0.7071067811865475 0
    outer loop
      vertex 42.86384963989258 -57.742530822753906 4
      vertex 34.12131881713867 -49 0
      vertex 34.12131881713867 -49 4
    endloop
  endfacet
  facet normal 0.7071067811865475 0.7071067811865475 0
    outer loop
      vertex 34.12131881713867 -49 0
      vertex 42.86384963989258 -57.742530822753906 4
      vertex 42.86384963989258 -57.742530822753906 0
    endloop
  endfacet
  facet normal 0.7071068583490991 -0.7071067040239876 0
    outer loop
      vertex 23.260663986206055 -59.86065673828125 4
      vertex 32 -51.12131881713867 0
      vertex 32 -51.12131881713867 4
    endloop
  endfacet
  facet normal 0.7071068583490991 -0.7071067040239876 0
    outer loop
      vertex 32 -51.12131881713867 0
      vertex 23.260663986206055 -59.86065673828125 4
      vertex 23.260663986206055 -59.86065673828125 0
    endloop
  endfacet
  facet normal 0.7071066269177642 -0.7071069354552972 0
    outer loop
      vertex 34.12131881713867 -49 0
      vertex 42.86384963989258 -40.25747299194336 4
      vertex 34.12131881713867 -49 4
    endloop
  endfacet
  facet normal 0.7071066269177642 -0.7071069354552972 0
    outer loop
      vertex 42.86384963989258 -40.25747299194336 4
      vertex 34.12131881713867 -49 0
      vertex 42.86384963989258 -40.25747299194336 0
    endloop
  endfacet
  facet normal -0.7071068583209182 0.7071067040521685 0
    outer loop
      vertex 21.136150360107422 -57.742530822753906 0
      vertex 29.878679275512695 -49 4
      vertex 29.878679275512695 -49 0
    endloop
  endfacet
  facet normal -0.7071068583209182 0.7071067040521685 0
    outer loop
      vertex 29.878679275512695 -49 4
      vertex 21.136150360107422 -57.742530822753906 0
      vertex 21.136150360107422 -57.742530822753906 4
    endloop
  endfacet
  facet normal -0.7071067811865475 0.7071067811865475 0
    outer loop
      vertex 32 -46.87868118286133 0
      vertex 40.73933410644531 -38.139347076416016 4
      vertex 40.73933410644531 -38.139347076416016 0
    endloop
  endfacet
  facet normal -0.7071067811865475 0.7071067811865475 0
    outer loop
      vertex 40.73933410644531 -38.139347076416016 4
      vertex 32 -46.87868118286133 0
      vertex 32 -46.87868118286133 4
    endloop
  endfacet
  facet normal -0.7071067811865476 -0.7071067811865476 0
    outer loop
      vertex 21.269128799438477 -59.48233413696289 0
      vertex 21.216081619262695 -59.42928695678711 4
      vertex 21.216081619262695 -59.42928695678711 0
    endloop
  endfacet
  facet normal -0.7071067811865476 -0.7071067811865476 0
    outer loop
      vertex 21.216081619262695 -59.42928695678711 4
      vertex 21.269128799438477 -59.48233413696289 0
      vertex 21.269128799438477 -59.48233413696289 4
    endloop
  endfacet
  facet normal 0 0 1
    outer loop
      vertex 89 -21 9
      vertex 93 -75 9
      vertex 93 -21 9
    endloop
  endfacet
  facet normal 0 0 1
    outer loop
      vertex 93 -75 9
      vertex 89 -21 9
      vertex 89 -75 9
    endloop
  endfacet
  facet normal 0 1 0
    outer loop
      vertex 92.51295471191406 -21 4
      vertex 93 -21 9
      vertex 93 -21 4
    endloop
  endfacet
  facet normal 0 1 0
    outer loop
      vertex 93 -21 9
      vertex 92.51295471191406 -21 4
      vertex 89 -21 9
    endloop
  endfacet
  facet normal 0 1 0
    outer loop
      vertex 89 -21 9
      vertex 92.51295471191406 -21 4
      vertex 89 -21 4
    endloop
  endfacet
  facet normal 0 -1 0
    outer loop
      vertex 92.51295471191406 -75 4
      vertex 89 -75 9
      vertex 89 -75 4
    endloop
  endfacet
  facet normal 0 -1 0
    outer loop
      vertex 89 -75 9
      vertex 92.51295471191406 -75 4
      vertex 93 -75 9
    endloop
  endfacet
  facet normal 0 -1 0
    outer loop
      vertex 93 -75 9
      vertex 92.51295471191406 -75 4
      vertex 93 -75 4
    endloop
  endfacet
endsolid OpenSCAD_Model
