ISO-10303-21;
HEADER;
/* Generated by software containing ST-Developer
 * from STEP Tools, Inc. (www.steptools.com) 
 */

FILE_DESCRIPTION(
/* description */ (''),
/* implementation_level */ '2;1');

FILE_NAME(
/* name */ 'pi_cam_case.step',
/* time_stamp */ '2026-09-22T19:54:28-07:00',
/* author */ (''),
/* organization */ (''),
/* preprocessor_version */ 'ST-DEVELOPER v20.2',
/* originating_system */ 'Autodesk Translation Framework v15.15.0.0',
/* authorisation */ '');

FILE_SCHEMA (('AUTOMOTIVE_DESIGN { 1 0 10303 214 3 1 1 }'));
ENDSEC;

DATA;
#10=MECHANICAL_DESIGN_GEOMETRIC_PRESENTATION_REPRESENTATION('',(#13,#14,
#15,#16),#10892);
#11=SHAPE_REPRESENTATION_RELATIONSHIP('SRR','None',#10899,#12);
#12=ADVANCED_BREP_SHAPE_REPRESENTATION('',(#17,#18,#19,#20),#10891);
#13=STYLED_ITEM('',(#10909),#17);
#14=STYLED_ITEM('',(#10909),#18);
#15=STYLED_ITEM('',(#10908),#19);
#16=STYLED_ITEM('',(#10908),#20);
#17=MANIFOLD_SOLID_BREP('box_lid',#6657);
#18=MANIFOLD_SOLID_BREP('box_base',#6658);
#19=MANIFOLD_SOLID_BREP('len_cover',#6659);
#20=MANIFOLD_SOLID_BREP('len_back',#6660);
#21=FACE_BOUND('',#550,.T.);
#22=FACE_BOUND('',#551,.T.);
#23=FACE_BOUND('',#552,.T.);
#24=FACE_BOUND('',#553,.T.);
#25=FACE_BOUND('',#554,.T.);
#26=FACE_BOUND('',#555,.T.);
#27=FACE_BOUND('',#556,.T.);
#28=FACE_BOUND('',#557,.T.);
#29=FACE_BOUND('',#558,.T.);
#30=FACE_BOUND('',#559,.T.);
#31=FACE_BOUND('',#560,.T.);
#32=FACE_BOUND('',#561,.T.);
#33=FACE_BOUND('',#597,.T.);
#34=FACE_BOUND('',#598,.T.);
#35=FACE_BOUND('',#599,.T.);
#36=FACE_BOUND('',#600,.T.);
#37=FACE_BOUND('',#601,.T.);
#38=FACE_BOUND('',#602,.T.);
#39=FACE_BOUND('',#603,.T.);
#40=FACE_BOUND('',#604,.T.);
#41=FACE_BOUND('',#623,.T.);
#42=FACE_BOUND('',#625,.T.);
#43=FACE_BOUND('',#627,.T.);
#44=FACE_BOUND('',#631,.T.);
#45=FACE_BOUND('',#689,.T.);
#46=FACE_BOUND('',#690,.T.);
#47=FACE_BOUND('',#691,.T.);
#48=FACE_BOUND('',#693,.T.);
#49=FACE_BOUND('',#695,.T.);
#50=FACE_BOUND('',#698,.T.);
#51=FACE_BOUND('',#700,.T.);
#52=FACE_BOUND('',#703,.T.);
#53=FACE_BOUND('',#704,.T.);
#54=FACE_BOUND('',#705,.T.);
#55=FACE_BOUND('',#706,.T.);
#56=FACE_BOUND('',#707,.T.);
#57=FACE_BOUND('',#708,.T.);
#58=FACE_BOUND('',#709,.T.);
#59=FACE_BOUND('',#710,.T.);
#60=FACE_BOUND('',#711,.T.);
#61=FACE_BOUND('',#712,.T.);
#62=FACE_BOUND('',#713,.T.);
#63=FACE_BOUND('',#714,.T.);
#64=FACE_BOUND('',#716,.T.);
#65=FACE_BOUND('',#717,.T.);
#66=FACE_BOUND('',#718,.T.);
#67=FACE_BOUND('',#719,.T.);
#68=FACE_BOUND('',#720,.T.);
#69=FACE_BOUND('',#721,.T.);
#70=FACE_BOUND('',#722,.T.);
#71=FACE_BOUND('',#723,.T.);
#72=FACE_BOUND('',#781,.T.);
#73=FACE_BOUND('',#782,.T.);
#74=FACE_BOUND('',#783,.T.);
#75=FACE_BOUND('',#794,.T.);
#76=FACE_BOUND('',#796,.T.);
#77=FACE_BOUND('',#806,.T.);
#78=FACE_BOUND('',#847,.T.);
#79=FACE_BOUND('',#848,.T.);
#80=FACE_BOUND('',#849,.T.);
#81=FACE_BOUND('',#850,.T.);
#82=FACE_BOUND('',#851,.T.);
#83=FACE_BOUND('',#852,.T.);
#84=FACE_BOUND('',#853,.T.);
#85=FACE_BOUND('',#854,.T.);
#86=FACE_BOUND('',#871,.T.);
#87=FACE_BOUND('',#872,.T.);
#88=FACE_BOUND('',#873,.T.);
#89=FACE_BOUND('',#874,.T.);
#90=FACE_BOUND('',#875,.T.);
#91=FACE_BOUND('',#876,.T.);
#92=FACE_BOUND('',#877,.T.);
#93=FACE_BOUND('',#878,.T.);
#94=FACE_BOUND('',#882,.T.);
#95=FACE_BOUND('',#883,.T.);
#96=FACE_BOUND('',#884,.T.);
#97=FACE_BOUND('',#885,.T.);
#98=FACE_BOUND('',#886,.T.);
#99=FACE_BOUND('',#887,.T.);
#100=FACE_BOUND('',#888,.T.);
#101=FACE_BOUND('',#889,.T.);
#102=FACE_BOUND('',#891,.T.);
#103=FACE_BOUND('',#892,.T.);
#104=FACE_BOUND('',#893,.T.);
#105=FACE_BOUND('',#894,.T.);
#106=FACE_BOUND('',#895,.T.);
#107=FACE_BOUND('',#896,.T.);
#108=FACE_BOUND('',#897,.T.);
#109=FACE_BOUND('',#898,.T.);
#110=FACE_BOUND('',#901,.T.);
#111=FACE_BOUND('',#903,.T.);
#112=FACE_BOUND('',#905,.T.);
#113=FACE_BOUND('',#907,.T.);
#114=CYLINDRICAL_SURFACE('',#6676,6.99999999999999);
#115=CYLINDRICAL_SURFACE('',#6683,7.);
#116=CYLINDRICAL_SURFACE('',#6726,7.);
#117=CYLINDRICAL_SURFACE('',#6749,3.5);
#118=CYLINDRICAL_SURFACE('',#6763,4.00000000000002);
#119=CYLINDRICAL_SURFACE('',#6765,4.00000000000002);
#120=CYLINDRICAL_SURFACE('',#6769,4.00000000000002);
#121=CYLINDRICAL_SURFACE('',#6772,4.00000000000002);
#122=CYLINDRICAL_SURFACE('',#6782,3.5);
#123=CYLINDRICAL_SURFACE('',#6785,3.5);
#124=CYLINDRICAL_SURFACE('',#6790,3.49999999999997);
#125=CYLINDRICAL_SURFACE('',#6792,4.00000000000001);
#126=CYLINDRICAL_SURFACE('',#6797,4.);
#127=CYLINDRICAL_SURFACE('',#6805,15.);
#128=CYLINDRICAL_SURFACE('',#6809,15.);
#129=CYLINDRICAL_SURFACE('',#6815,15.);
#130=CYLINDRICAL_SURFACE('',#6817,15.);
#131=CYLINDRICAL_SURFACE('',#6823,7.);
#132=CYLINDRICAL_SURFACE('',#6826,1.);
#133=CYLINDRICAL_SURFACE('',#6830,0.999999999999999);
#134=CYLINDRICAL_SURFACE('',#6834,1.);
#135=CYLINDRICAL_SURFACE('',#6838,1.00000000000001);
#136=CYLINDRICAL_SURFACE('',#6844,0.499999999999994);
#137=CYLINDRICAL_SURFACE('',#6848,0.499999999999996);
#138=CYLINDRICAL_SURFACE('',#6856,0.499999999999989);
#139=CYLINDRICAL_SURFACE('',#6860,0.499999999999996);
#140=CYLINDRICAL_SURFACE('',#6866,3.24999999999999);
#141=CYLINDRICAL_SURFACE('',#6870,3.25);
#142=CYLINDRICAL_SURFACE('',#6874,3.25);
#143=CYLINDRICAL_SURFACE('',#6878,3.25);
#144=CYLINDRICAL_SURFACE('',#6886,1.8);
#145=CYLINDRICAL_SURFACE('',#6912,5.);
#146=CYLINDRICAL_SURFACE('',#6913,1.7);
#147=CYLINDRICAL_SURFACE('',#6942,1.7);
#148=CYLINDRICAL_SURFACE('',#6943,1.70000000000001);
#149=CYLINDRICAL_SURFACE('',#6944,1.7);
#150=CYLINDRICAL_SURFACE('',#6970,4.00000000000002);
#151=CYLINDRICAL_SURFACE('',#6972,7.);
#152=CYLINDRICAL_SURFACE('',#6975,4.00000000000002);
#153=CYLINDRICAL_SURFACE('',#6977,5.);
#154=CYLINDRICAL_SURFACE('',#6985,6.99999999999999);
#155=CYLINDRICAL_SURFACE('',#6990,5.);
#156=CYLINDRICAL_SURFACE('',#6999,5.);
#157=CYLINDRICAL_SURFACE('',#7009,4.);
#158=CYLINDRICAL_SURFACE('',#7011,4.00000000000001);
#159=CYLINDRICAL_SURFACE('',#7013,7.);
#160=CYLINDRICAL_SURFACE('',#7014,7.);
#161=CYLINDRICAL_SURFACE('',#7023,1.99999999999999);
#162=CYLINDRICAL_SURFACE('',#7026,1.99999999999999);
#163=CYLINDRICAL_SURFACE('',#7029,1.99999999999999);
#164=CYLINDRICAL_SURFACE('',#7032,1.99999999999999);
#165=CYLINDRICAL_SURFACE('',#7035,1.7);
#166=CYLINDRICAL_SURFACE('',#7038,1.7);
#167=CYLINDRICAL_SURFACE('',#7041,1.7);
#168=CYLINDRICAL_SURFACE('',#7044,1.7);
#169=CYLINDRICAL_SURFACE('',#7048,1.99999999999988);
#170=CYLINDRICAL_SURFACE('',#7055,18.2);
#171=CYLINDRICAL_SURFACE('',#7062,1.99999999999988);
#172=CYLINDRICAL_SURFACE('',#7072,4.);
#173=CYLINDRICAL_SURFACE('',#7075,4.00000000000002);
#174=CYLINDRICAL_SURFACE('',#7078,4.);
#175=CYLINDRICAL_SURFACE('',#7080,3.99999999999999);
#176=CYLINDRICAL_SURFACE('',#7083,4.);
#177=CYLINDRICAL_SURFACE('',#7087,3.99999999999999);
#178=CYLINDRICAL_SURFACE('',#7091,4.00000000000002);
#179=CYLINDRICAL_SURFACE('',#7095,4.00000000000002);
#180=CYLINDRICAL_SURFACE('',#7141,4.);
#181=CYLINDRICAL_SURFACE('',#7145,3.99999999999999);
#182=CYLINDRICAL_SURFACE('',#7149,4.00000000000001);
#183=CYLINDRICAL_SURFACE('',#7153,4.00000000000004);
#184=CYLINDRICAL_SURFACE('',#7156,3.00000000000002);
#185=CYLINDRICAL_SURFACE('',#7159,3.00000000000002);
#186=CYLINDRICAL_SURFACE('',#7162,3.00000000000002);
#187=CYLINDRICAL_SURFACE('',#7165,3.00000000000002);
#188=CYLINDRICAL_SURFACE('',#7177,4.);
#189=CYLINDRICAL_SURFACE('',#7179,3.99999999999999);
#190=CYLINDRICAL_SURFACE('',#7181,4.00000000000002);
#191=CYLINDRICAL_SURFACE('',#7183,3.99999999999999);
#192=CYLINDRICAL_SURFACE('',#7185,3.00000000000001);
#193=CYLINDRICAL_SURFACE('',#7186,3.00000000000001);
#194=CYLINDRICAL_SURFACE('',#7187,2.99999999999999);
#195=CYLINDRICAL_SURFACE('',#7188,3.00000000000001);
#196=CYLINDRICAL_SURFACE('',#7189,1.7);
#197=CYLINDRICAL_SURFACE('',#7190,1.7);
#198=CYLINDRICAL_SURFACE('',#7191,1.7);
#199=CYLINDRICAL_SURFACE('',#7192,1.7);
#200=CYLINDRICAL_SURFACE('',#7193,1.7);
#201=CYLINDRICAL_SURFACE('',#7194,1.7);
#202=CYLINDRICAL_SURFACE('',#7195,1.7);
#203=CYLINDRICAL_SURFACE('',#7196,1.7);
#204=FACE_OUTER_BOUND('',#530,.T.);
#205=FACE_OUTER_BOUND('',#531,.T.);
#206=FACE_OUTER_BOUND('',#532,.T.);
#207=FACE_OUTER_BOUND('',#533,.T.);
#208=FACE_OUTER_BOUND('',#534,.T.);
#209=FACE_OUTER_BOUND('',#535,.T.);
#210=FACE_OUTER_BOUND('',#536,.T.);
#211=FACE_OUTER_BOUND('',#537,.T.);
#212=FACE_OUTER_BOUND('',#538,.T.);
#213=FACE_OUTER_BOUND('',#539,.T.);
#214=FACE_OUTER_BOUND('',#540,.T.);
#215=FACE_OUTER_BOUND('',#541,.T.);
#216=FACE_OUTER_BOUND('',#542,.T.);
#217=FACE_OUTER_BOUND('',#543,.T.);
#218=FACE_OUTER_BOUND('',#544,.T.);
#219=FACE_OUTER_BOUND('',#545,.T.);
#220=FACE_OUTER_BOUND('',#546,.T.);
#221=FACE_OUTER_BOUND('',#547,.T.);
#222=FACE_OUTER_BOUND('',#548,.T.);
#223=FACE_OUTER_BOUND('',#549,.T.);
#224=FACE_OUTER_BOUND('',#562,.T.);
#225=FACE_OUTER_BOUND('',#563,.T.);
#226=FACE_OUTER_BOUND('',#564,.T.);
#227=FACE_OUTER_BOUND('',#565,.T.);
#228=FACE_OUTER_BOUND('',#566,.T.);
#229=FACE_OUTER_BOUND('',#567,.T.);
#230=FACE_OUTER_BOUND('',#568,.T.);
#231=FACE_OUTER_BOUND('',#569,.T.);
#232=FACE_OUTER_BOUND('',#570,.T.);
#233=FACE_OUTER_BOUND('',#571,.T.);
#234=FACE_OUTER_BOUND('',#572,.T.);
#235=FACE_OUTER_BOUND('',#573,.T.);
#236=FACE_OUTER_BOUND('',#574,.T.);
#237=FACE_OUTER_BOUND('',#575,.T.);
#238=FACE_OUTER_BOUND('',#576,.T.);
#239=FACE_OUTER_BOUND('',#577,.T.);
#240=FACE_OUTER_BOUND('',#578,.T.);
#241=FACE_OUTER_BOUND('',#579,.T.);
#242=FACE_OUTER_BOUND('',#580,.T.);
#243=FACE_OUTER_BOUND('',#581,.T.);
#244=FACE_OUTER_BOUND('',#582,.T.);
#245=FACE_OUTER_BOUND('',#583,.T.);
#246=FACE_OUTER_BOUND('',#584,.T.);
#247=FACE_OUTER_BOUND('',#585,.T.);
#248=FACE_OUTER_BOUND('',#586,.T.);
#249=FACE_OUTER_BOUND('',#587,.T.);
#250=FACE_OUTER_BOUND('',#588,.T.);
#251=FACE_OUTER_BOUND('',#589,.T.);
#252=FACE_OUTER_BOUND('',#590,.T.);
#253=FACE_OUTER_BOUND('',#591,.T.);
#254=FACE_OUTER_BOUND('',#592,.T.);
#255=FACE_OUTER_BOUND('',#593,.T.);
#256=FACE_OUTER_BOUND('',#594,.T.);
#257=FACE_OUTER_BOUND('',#595,.T.);
#258=FACE_OUTER_BOUND('',#596,.T.);
#259=FACE_OUTER_BOUND('',#605,.T.);
#260=FACE_OUTER_BOUND('',#606,.T.);
#261=FACE_OUTER_BOUND('',#607,.T.);
#262=FACE_OUTER_BOUND('',#608,.T.);
#263=FACE_OUTER_BOUND('',#609,.T.);
#264=FACE_OUTER_BOUND('',#610,.T.);
#265=FACE_OUTER_BOUND('',#611,.T.);
#266=FACE_OUTER_BOUND('',#612,.T.);
#267=FACE_OUTER_BOUND('',#613,.T.);
#268=FACE_OUTER_BOUND('',#614,.T.);
#269=FACE_OUTER_BOUND('',#615,.T.);
#270=FACE_OUTER_BOUND('',#616,.T.);
#271=FACE_OUTER_BOUND('',#617,.T.);
#272=FACE_OUTER_BOUND('',#618,.T.);
#273=FACE_OUTER_BOUND('',#619,.T.);
#274=FACE_OUTER_BOUND('',#620,.T.);
#275=FACE_OUTER_BOUND('',#621,.T.);
#276=FACE_OUTER_BOUND('',#622,.T.);
#277=FACE_OUTER_BOUND('',#624,.T.);
#278=FACE_OUTER_BOUND('',#626,.T.);
#279=FACE_OUTER_BOUND('',#628,.T.);
#280=FACE_OUTER_BOUND('',#629,.T.);
#281=FACE_OUTER_BOUND('',#630,.T.);
#282=FACE_OUTER_BOUND('',#632,.T.);
#283=FACE_OUTER_BOUND('',#633,.T.);
#284=FACE_OUTER_BOUND('',#634,.T.);
#285=FACE_OUTER_BOUND('',#635,.T.);
#286=FACE_OUTER_BOUND('',#636,.T.);
#287=FACE_OUTER_BOUND('',#637,.T.);
#288=FACE_OUTER_BOUND('',#638,.T.);
#289=FACE_OUTER_BOUND('',#639,.T.);
#290=FACE_OUTER_BOUND('',#640,.T.);
#291=FACE_OUTER_BOUND('',#641,.T.);
#292=FACE_OUTER_BOUND('',#642,.T.);
#293=FACE_OUTER_BOUND('',#643,.T.);
#294=FACE_OUTER_BOUND('',#644,.T.);
#295=FACE_OUTER_BOUND('',#645,.T.);
#296=FACE_OUTER_BOUND('',#646,.T.);
#297=FACE_OUTER_BOUND('',#647,.T.);
#298=FACE_OUTER_BOUND('',#648,.T.);
#299=FACE_OUTER_BOUND('',#649,.T.);
#300=FACE_OUTER_BOUND('',#650,.T.);
#301=FACE_OUTER_BOUND('',#651,.T.);
#302=FACE_OUTER_BOUND('',#652,.T.);
#303=FACE_OUTER_BOUND('',#653,.T.);
#304=FACE_OUTER_BOUND('',#654,.T.);
#305=FACE_OUTER_BOUND('',#655,.T.);
#306=FACE_OUTER_BOUND('',#656,.T.);
#307=FACE_OUTER_BOUND('',#657,.T.);
#308=FACE_OUTER_BOUND('',#658,.T.);
#309=FACE_OUTER_BOUND('',#659,.T.);
#310=FACE_OUTER_BOUND('',#660,.T.);
#311=FACE_OUTER_BOUND('',#661,.T.);
#312=FACE_OUTER_BOUND('',#662,.T.);
#313=FACE_OUTER_BOUND('',#663,.T.);
#314=FACE_OUTER_BOUND('',#664,.T.);
#315=FACE_OUTER_BOUND('',#665,.T.);
#316=FACE_OUTER_BOUND('',#666,.T.);
#317=FACE_OUTER_BOUND('',#667,.T.);
#318=FACE_OUTER_BOUND('',#668,.T.);
#319=FACE_OUTER_BOUND('',#669,.T.);
#320=FACE_OUTER_BOUND('',#670,.T.);
#321=FACE_OUTER_BOUND('',#671,.T.);
#322=FACE_OUTER_BOUND('',#672,.T.);
#323=FACE_OUTER_BOUND('',#673,.T.);
#324=FACE_OUTER_BOUND('',#674,.T.);
#325=FACE_OUTER_BOUND('',#675,.T.);
#326=FACE_OUTER_BOUND('',#676,.T.);
#327=FACE_OUTER_BOUND('',#677,.T.);
#328=FACE_OUTER_BOUND('',#678,.T.);
#329=FACE_OUTER_BOUND('',#679,.T.);
#330=FACE_OUTER_BOUND('',#680,.T.);
#331=FACE_OUTER_BOUND('',#681,.T.);
#332=FACE_OUTER_BOUND('',#682,.T.);
#333=FACE_OUTER_BOUND('',#683,.T.);
#334=FACE_OUTER_BOUND('',#684,.T.);
#335=FACE_OUTER_BOUND('',#685,.T.);
#336=FACE_OUTER_BOUND('',#686,.T.);
#337=FACE_OUTER_BOUND('',#687,.T.);
#338=FACE_OUTER_BOUND('',#688,.T.);
#339=FACE_OUTER_BOUND('',#692,.T.);
#340=FACE_OUTER_BOUND('',#694,.T.);
#341=FACE_OUTER_BOUND('',#696,.T.);
#342=FACE_OUTER_BOUND('',#697,.T.);
#343=FACE_OUTER_BOUND('',#699,.T.);
#344=FACE_OUTER_BOUND('',#701,.T.);
#345=FACE_OUTER_BOUND('',#702,.T.);
#346=FACE_OUTER_BOUND('',#715,.T.);
#347=FACE_OUTER_BOUND('',#724,.T.);
#348=FACE_OUTER_BOUND('',#725,.T.);
#349=FACE_OUTER_BOUND('',#726,.T.);
#350=FACE_OUTER_BOUND('',#727,.T.);
#351=FACE_OUTER_BOUND('',#728,.T.);
#352=FACE_OUTER_BOUND('',#729,.T.);
#353=FACE_OUTER_BOUND('',#730,.T.);
#354=FACE_OUTER_BOUND('',#731,.T.);
#355=FACE_OUTER_BOUND('',#732,.T.);
#356=FACE_OUTER_BOUND('',#733,.T.);
#357=FACE_OUTER_BOUND('',#734,.T.);
#358=FACE_OUTER_BOUND('',#735,.T.);
#359=FACE_OUTER_BOUND('',#736,.T.);
#360=FACE_OUTER_BOUND('',#737,.T.);
#361=FACE_OUTER_BOUND('',#738,.T.);
#362=FACE_OUTER_BOUND('',#739,.T.);
#363=FACE_OUTER_BOUND('',#740,.T.);
#364=FACE_OUTER_BOUND('',#741,.T.);
#365=FACE_OUTER_BOUND('',#742,.T.);
#366=FACE_OUTER_BOUND('',#743,.T.);
#367=FACE_OUTER_BOUND('',#744,.T.);
#368=FACE_OUTER_BOUND('',#745,.T.);
#369=FACE_OUTER_BOUND('',#746,.T.);
#370=FACE_OUTER_BOUND('',#747,.T.);
#371=FACE_OUTER_BOUND('',#748,.T.);
#372=FACE_OUTER_BOUND('',#749,.T.);
#373=FACE_OUTER_BOUND('',#750,.T.);
#374=FACE_OUTER_BOUND('',#751,.T.);
#375=FACE_OUTER_BOUND('',#752,.T.);
#376=FACE_OUTER_BOUND('',#753,.T.);
#377=FACE_OUTER_BOUND('',#754,.T.);
#378=FACE_OUTER_BOUND('',#755,.T.);
#379=FACE_OUTER_BOUND('',#756,.T.);
#380=FACE_OUTER_BOUND('',#757,.T.);
#381=FACE_OUTER_BOUND('',#758,.T.);
#382=FACE_OUTER_BOUND('',#759,.T.);
#383=FACE_OUTER_BOUND('',#760,.T.);
#384=FACE_OUTER_BOUND('',#761,.T.);
#385=FACE_OUTER_BOUND('',#762,.T.);
#386=FACE_OUTER_BOUND('',#763,.T.);
#387=FACE_OUTER_BOUND('',#764,.T.);
#388=FACE_OUTER_BOUND('',#765,.T.);
#389=FACE_OUTER_BOUND('',#766,.T.);
#390=FACE_OUTER_BOUND('',#767,.T.);
#391=FACE_OUTER_BOUND('',#768,.T.);
#392=FACE_OUTER_BOUND('',#769,.T.);
#393=FACE_OUTER_BOUND('',#770,.T.);
#394=FACE_OUTER_BOUND('',#771,.T.);
#395=FACE_OUTER_BOUND('',#772,.T.);
#396=FACE_OUTER_BOUND('',#773,.T.);
#397=FACE_OUTER_BOUND('',#774,.T.);
#398=FACE_OUTER_BOUND('',#775,.T.);
#399=FACE_OUTER_BOUND('',#776,.T.);
#400=FACE_OUTER_BOUND('',#777,.T.);
#401=FACE_OUTER_BOUND('',#778,.T.);
#402=FACE_OUTER_BOUND('',#779,.T.);
#403=FACE_OUTER_BOUND('',#780,.T.);
#404=FACE_OUTER_BOUND('',#784,.T.);
#405=FACE_OUTER_BOUND('',#785,.T.);
#406=FACE_OUTER_BOUND('',#786,.T.);
#407=FACE_OUTER_BOUND('',#787,.T.);
#408=FACE_OUTER_BOUND('',#788,.T.);
#409=FACE_OUTER_BOUND('',#789,.T.);
#410=FACE_OUTER_BOUND('',#790,.T.);
#411=FACE_OUTER_BOUND('',#791,.T.);
#412=FACE_OUTER_BOUND('',#792,.T.);
#413=FACE_OUTER_BOUND('',#793,.T.);
#414=FACE_OUTER_BOUND('',#795,.T.);
#415=FACE_OUTER_BOUND('',#797,.T.);
#416=FACE_OUTER_BOUND('',#798,.T.);
#417=FACE_OUTER_BOUND('',#799,.T.);
#418=FACE_OUTER_BOUND('',#800,.T.);
#419=FACE_OUTER_BOUND('',#801,.T.);
#420=FACE_OUTER_BOUND('',#802,.T.);
#421=FACE_OUTER_BOUND('',#803,.T.);
#422=FACE_OUTER_BOUND('',#804,.T.);
#423=FACE_OUTER_BOUND('',#805,.T.);
#424=FACE_OUTER_BOUND('',#807,.T.);
#425=FACE_OUTER_BOUND('',#808,.T.);
#426=FACE_OUTER_BOUND('',#809,.T.);
#427=FACE_OUTER_BOUND('',#810,.T.);
#428=FACE_OUTER_BOUND('',#811,.T.);
#429=FACE_OUTER_BOUND('',#812,.T.);
#430=FACE_OUTER_BOUND('',#813,.T.);
#431=FACE_OUTER_BOUND('',#814,.T.);
#432=FACE_OUTER_BOUND('',#815,.T.);
#433=FACE_OUTER_BOUND('',#816,.T.);
#434=FACE_OUTER_BOUND('',#817,.T.);
#435=FACE_OUTER_BOUND('',#818,.T.);
#436=FACE_OUTER_BOUND('',#819,.T.);
#437=FACE_OUTER_BOUND('',#820,.T.);
#438=FACE_OUTER_BOUND('',#821,.T.);
#439=FACE_OUTER_BOUND('',#822,.T.);
#440=FACE_OUTER_BOUND('',#823,.T.);
#441=FACE_OUTER_BOUND('',#824,.T.);
#442=FACE_OUTER_BOUND('',#825,.T.);
#443=FACE_OUTER_BOUND('',#826,.T.);
#444=FACE_OUTER_BOUND('',#827,.T.);
#445=FACE_OUTER_BOUND('',#828,.T.);
#446=FACE_OUTER_BOUND('',#829,.T.);
#447=FACE_OUTER_BOUND('',#830,.T.);
#448=FACE_OUTER_BOUND('',#831,.T.);
#449=FACE_OUTER_BOUND('',#832,.T.);
#450=FACE_OUTER_BOUND('',#833,.T.);
#451=FACE_OUTER_BOUND('',#834,.T.);
#452=FACE_OUTER_BOUND('',#835,.T.);
#453=FACE_OUTER_BOUND('',#836,.T.);
#454=FACE_OUTER_BOUND('',#837,.T.);
#455=FACE_OUTER_BOUND('',#838,.T.);
#456=FACE_OUTER_BOUND('',#839,.T.);
#457=FACE_OUTER_BOUND('',#840,.T.);
#458=FACE_OUTER_BOUND('',#841,.T.);
#459=FACE_OUTER_BOUND('',#842,.T.);
#460=FACE_OUTER_BOUND('',#843,.T.);
#461=FACE_OUTER_BOUND('',#844,.T.);
#462=FACE_OUTER_BOUND('',#845,.T.);
#463=FACE_OUTER_BOUND('',#846,.T.);
#464=FACE_OUTER_BOUND('',#855,.T.);
#465=FACE_OUTER_BOUND('',#856,.T.);
#466=FACE_OUTER_BOUND('',#857,.T.);
#467=FACE_OUTER_BOUND('',#858,.T.);
#468=FACE_OUTER_BOUND('',#859,.T.);
#469=FACE_OUTER_BOUND('',#860,.T.);
#470=FACE_OUTER_BOUND('',#861,.T.);
#471=FACE_OUTER_BOUND('',#862,.T.);
#472=FACE_OUTER_BOUND('',#863,.T.);
#473=FACE_OUTER_BOUND('',#864,.T.);
#474=FACE_OUTER_BOUND('',#865,.T.);
#475=FACE_OUTER_BOUND('',#866,.T.);
#476=FACE_OUTER_BOUND('',#867,.T.);
#477=FACE_OUTER_BOUND('',#868,.T.);
#478=FACE_OUTER_BOUND('',#869,.T.);
#479=FACE_OUTER_BOUND('',#870,.T.);
#480=FACE_OUTER_BOUND('',#879,.T.);
#481=FACE_OUTER_BOUND('',#880,.T.);
#482=FACE_OUTER_BOUND('',#881,.T.);
#483=FACE_OUTER_BOUND('',#890,.T.);
#484=FACE_OUTER_BOUND('',#899,.T.);
#485=FACE_OUTER_BOUND('',#900,.T.);
#486=FACE_OUTER_BOUND('',#902,.T.);
#487=FACE_OUTER_BOUND('',#904,.T.);
#488=FACE_OUTER_BOUND('',#906,.T.);
#489=FACE_OUTER_BOUND('',#908,.T.);
#490=FACE_OUTER_BOUND('',#909,.T.);
#491=FACE_OUTER_BOUND('',#910,.T.);
#492=FACE_OUTER_BOUND('',#911,.T.);
#493=FACE_OUTER_BOUND('',#912,.T.);
#494=FACE_OUTER_BOUND('',#913,.T.);
#495=FACE_OUTER_BOUND('',#914,.T.);
#496=FACE_OUTER_BOUND('',#915,.T.);
#497=FACE_OUTER_BOUND('',#916,.T.);
#498=FACE_OUTER_BOUND('',#917,.T.);
#499=FACE_OUTER_BOUND('',#918,.T.);
#500=FACE_OUTER_BOUND('',#919,.T.);
#501=FACE_OUTER_BOUND('',#920,.T.);
#502=FACE_OUTER_BOUND('',#921,.T.);
#503=FACE_OUTER_BOUND('',#922,.T.);
#504=FACE_OUTER_BOUND('',#923,.T.);
#505=FACE_OUTER_BOUND('',#924,.T.);
#506=FACE_OUTER_BOUND('',#925,.T.);
#507=FACE_OUTER_BOUND('',#926,.T.);
#508=FACE_OUTER_BOUND('',#927,.T.);
#509=FACE_OUTER_BOUND('',#928,.T.);
#510=FACE_OUTER_BOUND('',#929,.T.);
#511=FACE_OUTER_BOUND('',#930,.T.);
#512=FACE_OUTER_BOUND('',#931,.T.);
#513=FACE_OUTER_BOUND('',#932,.T.);
#514=FACE_OUTER_BOUND('',#933,.T.);
#515=FACE_OUTER_BOUND('',#934,.T.);
#516=FACE_OUTER_BOUND('',#935,.T.);
#517=FACE_OUTER_BOUND('',#936,.T.);
#518=FACE_OUTER_BOUND('',#937,.T.);
#519=FACE_OUTER_BOUND('',#938,.T.);
#520=FACE_OUTER_BOUND('',#939,.T.);
#521=FACE_OUTER_BOUND('',#940,.T.);
#522=FACE_OUTER_BOUND('',#941,.T.);
#523=FACE_OUTER_BOUND('',#942,.T.);
#524=FACE_OUTER_BOUND('',#943,.T.);
#525=FACE_OUTER_BOUND('',#944,.T.);
#526=FACE_OUTER_BOUND('',#945,.T.);
#527=FACE_OUTER_BOUND('',#946,.T.);
#528=FACE_OUTER_BOUND('',#947,.T.);
#529=FACE_OUTER_BOUND('',#948,.T.);
#530=EDGE_LOOP('',(#4209,#4210,#4211,#4212,#4213));
#531=EDGE_LOOP('',(#4214,#4215,#4216,#4217,#4218,#4219));
#532=EDGE_LOOP('',(#4220,#4221,#4222,#4223,#4224,#4225));
#533=EDGE_LOOP('',(#4226,#4227,#4228,#4229));
#534=EDGE_LOOP('',(#4230,#4231,#4232,#4233,#4234));
#535=EDGE_LOOP('',(#4235,#4236,#4237,#4238,#4239,#4240));
#536=EDGE_LOOP('',(#4241,#4242,#4243,#4244));
#537=EDGE_LOOP('',(#4245,#4246,#4247,#4248));
#538=EDGE_LOOP('',(#4249,#4250,#4251,#4252));
#539=EDGE_LOOP('',(#4253,#4254,#4255,#4256));
#540=EDGE_LOOP('',(#4257,#4258,#4259,#4260));
#541=EDGE_LOOP('',(#4261,#4262,#4263,#4264));
#542=EDGE_LOOP('',(#4265,#4266,#4267,#4268));
#543=EDGE_LOOP('',(#4269,#4270,#4271,#4272));
#544=EDGE_LOOP('',(#4273,#4274,#4275,#4276));
#545=EDGE_LOOP('',(#4277,#4278,#4279,#4280));
#546=EDGE_LOOP('',(#4281,#4282,#4283,#4284));
#547=EDGE_LOOP('',(#4285,#4286,#4287,#4288));
#548=EDGE_LOOP('',(#4289,#4290,#4291,#4292));
#549=EDGE_LOOP('',(#4293,#4294,#4295,#4296,#4297,#4298,#4299,#4300));
#550=EDGE_LOOP('',(#4301,#4302,#4303,#4304,#4305,#4306,#4307));
#551=EDGE_LOOP('',(#4308,#4309,#4310,#4311,#4312,#4313,#4314));
#552=EDGE_LOOP('',(#4315,#4316,#4317,#4318,#4319,#4320,#4321));
#553=EDGE_LOOP('',(#4322,#4323,#4324));
#554=EDGE_LOOP('',(#4325,#4326,#4327));
#555=EDGE_LOOP('',(#4328,#4329,#4330));
#556=EDGE_LOOP('',(#4331,#4332,#4333,#4334));
#557=EDGE_LOOP('',(#4335,#4336,#4337));
#558=EDGE_LOOP('',(#4338,#4339,#4340,#4341,#4342,#4343,#4344));
#559=EDGE_LOOP('',(#4345,#4346,#4347,#4348));
#560=EDGE_LOOP('',(#4349,#4350,#4351,#4352));
#561=EDGE_LOOP('',(#4353,#4354,#4355,#4356));
#562=EDGE_LOOP('',(#4357,#4358,#4359,#4360));
#563=EDGE_LOOP('',(#4361,#4362,#4363,#4364));
#564=EDGE_LOOP('',(#4365,#4366,#4367,#4368));
#565=EDGE_LOOP('',(#4369,#4370,#4371,#4372));
#566=EDGE_LOOP('',(#4373,#4374,#4375,#4376));
#567=EDGE_LOOP('',(#4377,#4378,#4379,#4380));
#568=EDGE_LOOP('',(#4381,#4382,#4383,#4384));
#569=EDGE_LOOP('',(#4385,#4386,#4387,#4388));
#570=EDGE_LOOP('',(#4389,#4390,#4391,#4392));
#571=EDGE_LOOP('',(#4393,#4394,#4395,#4396));
#572=EDGE_LOOP('',(#4397,#4398,#4399,#4400));
#573=EDGE_LOOP('',(#4401,#4402,#4403,#4404));
#574=EDGE_LOOP('',(#4405,#4406,#4407,#4408));
#575=EDGE_LOOP('',(#4409,#4410,#4411,#4412));
#576=EDGE_LOOP('',(#4413,#4414,#4415,#4416));
#577=EDGE_LOOP('',(#4417,#4418,#4419,#4420));
#578=EDGE_LOOP('',(#4421,#4422,#4423,#4424));
#579=EDGE_LOOP('',(#4425,#4426,#4427,#4428));
#580=EDGE_LOOP('',(#4429,#4430,#4431,#4432));
#581=EDGE_LOOP('',(#4433,#4434,#4435,#4436));
#582=EDGE_LOOP('',(#4437,#4438,#4439,#4440));
#583=EDGE_LOOP('',(#4441,#4442,#4443,#4444));
#584=EDGE_LOOP('',(#4445,#4446,#4447,#4448));
#585=EDGE_LOOP('',(#4449,#4450,#4451,#4452));
#586=EDGE_LOOP('',(#4453,#4454,#4455,#4456));
#587=EDGE_LOOP('',(#4457,#4458,#4459,#4460));
#588=EDGE_LOOP('',(#4461,#4462,#4463,#4464));
#589=EDGE_LOOP('',(#4465,#4466,#4467,#4468,#4469,#4470,#4471,#4472,#4473,
#4474,#4475,#4476,#4477,#4478,#4479,#4480,#4481,#4482,#4483,#4484));
#590=EDGE_LOOP('',(#4485,#4486,#4487,#4488,#4489,#4490,#4491,#4492,#4493,
#4494));
#591=EDGE_LOOP('',(#4495,#4496,#4497,#4498));
#592=EDGE_LOOP('',(#4499,#4500,#4501,#4502));
#593=EDGE_LOOP('',(#4503,#4504,#4505,#4506));
#594=EDGE_LOOP('',(#4507,#4508,#4509,#4510,#4511,#4512));
#595=EDGE_LOOP('',(#4513,#4514,#4515,#4516,#4517,#4518,#4519,#4520));
#596=EDGE_LOOP('',(#4521,#4522,#4523,#4524,#4525,#4526,#4527,#4528,#4529,
#4530,#4531,#4532));
#597=EDGE_LOOP('',(#4533,#4534,#4535));
#598=EDGE_LOOP('',(#4536,#4537,#4538,#4539));
#599=EDGE_LOOP('',(#4540,#4541,#4542));
#600=EDGE_LOOP('',(#4543,#4544,#4545));
#601=EDGE_LOOP('',(#4546,#4547,#4548));
#602=EDGE_LOOP('',(#4549,#4550,#4551,#4552));
#603=EDGE_LOOP('',(#4553,#4554,#4555,#4556));
#604=EDGE_LOOP('',(#4557,#4558,#4559,#4560));
#605=EDGE_LOOP('',(#4561,#4562,#4563,#4564));
#606=EDGE_LOOP('',(#4565,#4566,#4567,#4568));
#607=EDGE_LOOP('',(#4569,#4570,#4571,#4572,#4573));
#608=EDGE_LOOP('',(#4574,#4575,#4576,#4577));
#609=EDGE_LOOP('',(#4578,#4579,#4580,#4581));
#610=EDGE_LOOP('',(#4582,#4583,#4584,#4585));
#611=EDGE_LOOP('',(#4586,#4587,#4588,#4589));
#612=EDGE_LOOP('',(#4590,#4591,#4592,#4593));
#613=EDGE_LOOP('',(#4594,#4595,#4596,#4597,#4598,#4599,#4600,#4601,#4602,
#4603,#4604,#4605,#4606,#4607));
#614=EDGE_LOOP('',(#4608,#4609,#4610,#4611));
#615=EDGE_LOOP('',(#4612,#4613,#4614,#4615,#4616));
#616=EDGE_LOOP('',(#4617,#4618,#4619,#4620,#4621,#4622,#4623,#4624));
#617=EDGE_LOOP('',(#4625,#4626,#4627,#4628,#4629,#4630,#4631,#4632));
#618=EDGE_LOOP('',(#4633,#4634,#4635,#4636));
#619=EDGE_LOOP('',(#4637,#4638,#4639,#4640));
#620=EDGE_LOOP('',(#4641,#4642,#4643,#4644,#4645,#4646,#4647,#4648));
#621=EDGE_LOOP('',(#4649,#4650,#4651,#4652,#4653,#4654,#4655,#4656));
#622=EDGE_LOOP('',(#4657,#4658));
#623=EDGE_LOOP('',(#4659,#4660,#4661,#4662,#4663,#4664,#4665));
#624=EDGE_LOOP('',(#4666));
#625=EDGE_LOOP('',(#4667,#4668,#4669,#4670,#4671,#4672,#4673));
#626=EDGE_LOOP('',(#4674,#4675));
#627=EDGE_LOOP('',(#4676,#4677,#4678,#4679,#4680,#4681,#4682));
#628=EDGE_LOOP('',(#4683,#4684,#4685,#4686,#4687,#4688));
#629=EDGE_LOOP('',(#4689,#4690,#4691,#4692,#4693,#4694,#4695,#4696,#4697,
#4698));
#630=EDGE_LOOP('',(#4699,#4700,#4701));
#631=EDGE_LOOP('',(#4702,#4703,#4704,#4705,#4706,#4707,#4708));
#632=EDGE_LOOP('',(#4709,#4710,#4711,#4712));
#633=EDGE_LOOP('',(#4713,#4714,#4715,#4716));
#634=EDGE_LOOP('',(#4717,#4718,#4719,#4720));
#635=EDGE_LOOP('',(#4721,#4722,#4723,#4724));
#636=EDGE_LOOP('',(#4725,#4726,#4727,#4728));
#637=EDGE_LOOP('',(#4729,#4730,#4731,#4732));
#638=EDGE_LOOP('',(#4733,#4734,#4735,#4736));
#639=EDGE_LOOP('',(#4737,#4738,#4739,#4740));
#640=EDGE_LOOP('',(#4741,#4742,#4743,#4744));
#641=EDGE_LOOP('',(#4745,#4746,#4747,#4748));
#642=EDGE_LOOP('',(#4749,#4750,#4751,#4752));
#643=EDGE_LOOP('',(#4753,#4754,#4755,#4756));
#644=EDGE_LOOP('',(#4757,#4758,#4759,#4760));
#645=EDGE_LOOP('',(#4761,#4762,#4763,#4764));
#646=EDGE_LOOP('',(#4765,#4766,#4767,#4768));
#647=EDGE_LOOP('',(#4769,#4770,#4771,#4772));
#648=EDGE_LOOP('',(#4773,#4774,#4775,#4776));
#649=EDGE_LOOP('',(#4777,#4778,#4779,#4780));
#650=EDGE_LOOP('',(#4781,#4782,#4783,#4784));
#651=EDGE_LOOP('',(#4785,#4786,#4787,#4788));
#652=EDGE_LOOP('',(#4789,#4790,#4791,#4792));
#653=EDGE_LOOP('',(#4793,#4794,#4795,#4796));
#654=EDGE_LOOP('',(#4797,#4798,#4799,#4800));
#655=EDGE_LOOP('',(#4801,#4802,#4803,#4804));
#656=EDGE_LOOP('',(#4805,#4806,#4807,#4808));
#657=EDGE_LOOP('',(#4809,#4810,#4811,#4812));
#658=EDGE_LOOP('',(#4813,#4814,#4815,#4816));
#659=EDGE_LOOP('',(#4817,#4818,#4819,#4820));
#660=EDGE_LOOP('',(#4821,#4822,#4823,#4824));
#661=EDGE_LOOP('',(#4825,#4826,#4827,#4828));
#662=EDGE_LOOP('',(#4829,#4830,#4831,#4832));
#663=EDGE_LOOP('',(#4833,#4834,#4835,#4836));
#664=EDGE_LOOP('',(#4837,#4838,#4839,#4840));
#665=EDGE_LOOP('',(#4841,#4842,#4843,#4844));
#666=EDGE_LOOP('',(#4845,#4846,#4847,#4848));
#667=EDGE_LOOP('',(#4849,#4850,#4851,#4852));
#668=EDGE_LOOP('',(#4853,#4854,#4855,#4856));
#669=EDGE_LOOP('',(#4857,#4858,#4859,#4860));
#670=EDGE_LOOP('',(#4861,#4862,#4863,#4864));
#671=EDGE_LOOP('',(#4865,#4866,#4867,#4868));
#672=EDGE_LOOP('',(#4869,#4870,#4871,#4872));
#673=EDGE_LOOP('',(#4873,#4874,#4875,#4876));
#674=EDGE_LOOP('',(#4877,#4878,#4879,#4880));
#675=EDGE_LOOP('',(#4881,#4882,#4883,#4884));
#676=EDGE_LOOP('',(#4885,#4886,#4887,#4888));
#677=EDGE_LOOP('',(#4889,#4890,#4891,#4892));
#678=EDGE_LOOP('',(#4893,#4894,#4895,#4896));
#679=EDGE_LOOP('',(#4897,#4898,#4899,#4900));
#680=EDGE_LOOP('',(#4901,#4902,#4903,#4904));
#681=EDGE_LOOP('',(#4905,#4906,#4907,#4908));
#682=EDGE_LOOP('',(#4909,#4910,#4911,#4912));
#683=EDGE_LOOP('',(#4913,#4914,#4915,#4916));
#684=EDGE_LOOP('',(#4917,#4918,#4919,#4920));
#685=EDGE_LOOP('',(#4921,#4922,#4923,#4924));
#686=EDGE_LOOP('',(#4925,#4926,#4927,#4928));
#687=EDGE_LOOP('',(#4929,#4930,#4931,#4932));
#688=EDGE_LOOP('',(#4933,#4934,#4935,#4936,#4937,#4938,#4939,#4940));
#689=EDGE_LOOP('',(#4941,#4942,#4943,#4944,#4945,#4946,#4947,#4948));
#690=EDGE_LOOP('',(#4949,#4950,#4951,#4952,#4953,#4954,#4955,#4956));
#691=EDGE_LOOP('',(#4957,#4958,#4959,#4960,#4961,#4962,#4963,#4964));
#692=EDGE_LOOP('',(#4965,#4966,#4967,#4968));
#693=EDGE_LOOP('',(#4969,#4970,#4971,#4972,#4973,#4974,#4975,#4976));
#694=EDGE_LOOP('',(#4977,#4978,#4979,#4980));
#695=EDGE_LOOP('',(#4981,#4982,#4983,#4984,#4985,#4986,#4987));
#696=EDGE_LOOP('',(#4988,#4989,#4990,#4991));
#697=EDGE_LOOP('',(#4992,#4993,#4994,#4995,#4996,#4997,#4998,#4999));
#698=EDGE_LOOP('',(#5000));
#699=EDGE_LOOP('',(#5001,#5002,#5003,#5004,#5005,#5006,#5007,#5008,#5009,
#5010,#5011,#5012));
#700=EDGE_LOOP('',(#5013));
#701=EDGE_LOOP('',(#5014,#5015,#5016,#5017,#5018,#5019));
#702=EDGE_LOOP('',(#5020,#5021,#5022,#5023,#5024,#5025,#5026,#5027,#5028,
#5029,#5030,#5031));
#703=EDGE_LOOP('',(#5032,#5033,#5034,#5035,#5036,#5037,#5038));
#704=EDGE_LOOP('',(#5039,#5040,#5041,#5042,#5043,#5044,#5045));
#705=EDGE_LOOP('',(#5046,#5047,#5048,#5049,#5050,#5051,#5052));
#706=EDGE_LOOP('',(#5053,#5054,#5055,#5056,#5057,#5058,#5059));
#707=EDGE_LOOP('',(#5060));
#708=EDGE_LOOP('',(#5061));
#709=EDGE_LOOP('',(#5062));
#710=EDGE_LOOP('',(#5063,#5064,#5065,#5066,#5067,#5068,#5069));
#711=EDGE_LOOP('',(#5070,#5071,#5072,#5073,#5074,#5075,#5076));
#712=EDGE_LOOP('',(#5077,#5078,#5079,#5080,#5081,#5082,#5083));
#713=EDGE_LOOP('',(#5084,#5085,#5086,#5087,#5088,#5089,#5090));
#714=EDGE_LOOP('',(#5091));
#715=EDGE_LOOP('',(#5092,#5093,#5094,#5095,#5096,#5097,#5098,#5099,#5100,
#5101,#5102,#5103,#5104,#5105,#5106,#5107));
#716=EDGE_LOOP('',(#5108));
#717=EDGE_LOOP('',(#5109));
#718=EDGE_LOOP('',(#5110));
#719=EDGE_LOOP('',(#5111,#5112,#5113,#5114,#5115,#5116,#5117));
#720=EDGE_LOOP('',(#5118,#5119,#5120,#5121,#5122,#5123,#5124));
#721=EDGE_LOOP('',(#5125,#5126,#5127,#5128,#5129,#5130,#5131));
#722=EDGE_LOOP('',(#5132,#5133,#5134,#5135,#5136,#5137,#5138));
#723=EDGE_LOOP('',(#5139));
#724=EDGE_LOOP('',(#5140,#5141,#5142,#5143));
#725=EDGE_LOOP('',(#5144,#5145,#5146,#5147));
#726=EDGE_LOOP('',(#5148,#5149,#5150,#5151));
#727=EDGE_LOOP('',(#5152,#5153,#5154,#5155));
#728=EDGE_LOOP('',(#5156,#5157,#5158,#5159));
#729=EDGE_LOOP('',(#5160,#5161,#5162,#5163));
#730=EDGE_LOOP('',(#5164,#5165,#5166,#5167));
#731=EDGE_LOOP('',(#5168,#5169,#5170,#5171));
#732=EDGE_LOOP('',(#5172,#5173,#5174,#5175));
#733=EDGE_LOOP('',(#5176,#5177,#5178,#5179));
#734=EDGE_LOOP('',(#5180,#5181,#5182,#5183));
#735=EDGE_LOOP('',(#5184,#5185,#5186,#5187));
#736=EDGE_LOOP('',(#5188,#5189,#5190,#5191));
#737=EDGE_LOOP('',(#5192,#5193,#5194,#5195));
#738=EDGE_LOOP('',(#5196,#5197,#5198,#5199));
#739=EDGE_LOOP('',(#5200,#5201,#5202,#5203));
#740=EDGE_LOOP('',(#5204,#5205,#5206,#5207));
#741=EDGE_LOOP('',(#5208,#5209,#5210,#5211));
#742=EDGE_LOOP('',(#5212,#5213,#5214,#5215));
#743=EDGE_LOOP('',(#5216,#5217,#5218,#5219));
#744=EDGE_LOOP('',(#5220,#5221,#5222,#5223));
#745=EDGE_LOOP('',(#5224,#5225,#5226,#5227));
#746=EDGE_LOOP('',(#5228,#5229,#5230,#5231));
#747=EDGE_LOOP('',(#5232,#5233,#5234,#5235));
#748=EDGE_LOOP('',(#5236,#5237,#5238,#5239));
#749=EDGE_LOOP('',(#5240,#5241,#5242,#5243));
#750=EDGE_LOOP('',(#5244,#5245,#5246,#5247));
#751=EDGE_LOOP('',(#5248,#5249,#5250,#5251));
#752=EDGE_LOOP('',(#5252,#5253,#5254,#5255));
#753=EDGE_LOOP('',(#5256,#5257,#5258,#5259));
#754=EDGE_LOOP('',(#5260,#5261,#5262,#5263));
#755=EDGE_LOOP('',(#5264,#5265,#5266,#5267));
#756=EDGE_LOOP('',(#5268,#5269,#5270,#5271));
#757=EDGE_LOOP('',(#5272,#5273,#5274,#5275,#5276,#5277,#5278,#5279,#5280,
#5281,#5282,#5283,#5284,#5285,#5286,#5287));
#758=EDGE_LOOP('',(#5288,#5289,#5290,#5291));
#759=EDGE_LOOP('',(#5292,#5293,#5294,#5295));
#760=EDGE_LOOP('',(#5296,#5297,#5298,#5299));
#761=EDGE_LOOP('',(#5300,#5301,#5302,#5303));
#762=EDGE_LOOP('',(#5304,#5305,#5306,#5307));
#763=EDGE_LOOP('',(#5308,#5309,#5310,#5311));
#764=EDGE_LOOP('',(#5312,#5313,#5314,#5315));
#765=EDGE_LOOP('',(#5316,#5317,#5318,#5319));
#766=EDGE_LOOP('',(#5320,#5321,#5322,#5323));
#767=EDGE_LOOP('',(#5324,#5325,#5326,#5327));
#768=EDGE_LOOP('',(#5328,#5329,#5330,#5331));
#769=EDGE_LOOP('',(#5332,#5333,#5334,#5335));
#770=EDGE_LOOP('',(#5336,#5337,#5338,#5339));
#771=EDGE_LOOP('',(#5340,#5341,#5342,#5343));
#772=EDGE_LOOP('',(#5344,#5345,#5346,#5347));
#773=EDGE_LOOP('',(#5348,#5349,#5350,#5351,#5352,#5353,#5354,#5355,#5356,
#5357));
#774=EDGE_LOOP('',(#5358,#5359,#5360,#5361,#5362,#5363));
#775=EDGE_LOOP('',(#5364,#5365,#5366,#5367));
#776=EDGE_LOOP('',(#5368,#5369,#5370,#5371));
#777=EDGE_LOOP('',(#5372,#5373,#5374,#5375,#5376,#5377));
#778=EDGE_LOOP('',(#5378,#5379,#5380,#5381,#5382,#5383));
#779=EDGE_LOOP('',(#5384,#5385,#5386,#5387));
#780=EDGE_LOOP('',(#5388,#5389,#5390,#5391,#5392,#5393,#5394,#5395,#5396,
#5397));
#781=EDGE_LOOP('',(#5398,#5399,#5400,#5401,#5402,#5403,#5404,#5405));
#782=EDGE_LOOP('',(#5406,#5407,#5408,#5409,#5410,#5411,#5412,#5413));
#783=EDGE_LOOP('',(#5414,#5415,#5416,#5417,#5418,#5419,#5420,#5421));
#784=EDGE_LOOP('',(#5422,#5423,#5424,#5425));
#785=EDGE_LOOP('',(#5426,#5427,#5428,#5429));
#786=EDGE_LOOP('',(#5430,#5431,#5432,#5433,#5434,#5435,#5436,#5437));
#787=EDGE_LOOP('',(#5438,#5439,#5440,#5441,#5442,#5443));
#788=EDGE_LOOP('',(#5444,#5445,#5446,#5447));
#789=EDGE_LOOP('',(#5448,#5449,#5450,#5451));
#790=EDGE_LOOP('',(#5452,#5453,#5454,#5455));
#791=EDGE_LOOP('',(#5456,#5457,#5458,#5459));
#792=EDGE_LOOP('',(#5460,#5461,#5462,#5463));
#793=EDGE_LOOP('',(#5464,#5465));
#794=EDGE_LOOP('',(#5466,#5467,#5468,#5469,#5470,#5471,#5472));
#795=EDGE_LOOP('',(#5473,#5474,#5475,#5476));
#796=EDGE_LOOP('',(#5477,#5478,#5479,#5480,#5481,#5482,#5483));
#797=EDGE_LOOP('',(#5484,#5485,#5486,#5487));
#798=EDGE_LOOP('',(#5488,#5489,#5490,#5491));
#799=EDGE_LOOP('',(#5492,#5493,#5494,#5495));
#800=EDGE_LOOP('',(#5496,#5497,#5498,#5499));
#801=EDGE_LOOP('',(#5500,#5501,#5502,#5503));
#802=EDGE_LOOP('',(#5504,#5505,#5506,#5507));
#803=EDGE_LOOP('',(#5508,#5509,#5510,#5511));
#804=EDGE_LOOP('',(#5512,#5513,#5514,#5515));
#805=EDGE_LOOP('',(#5516,#5517));
#806=EDGE_LOOP('',(#5518,#5519,#5520,#5521,#5522,#5523,#5524));
#807=EDGE_LOOP('',(#5525,#5526,#5527,#5528));
#808=EDGE_LOOP('',(#5529,#5530,#5531,#5532));
#809=EDGE_LOOP('',(#5533,#5534,#5535,#5536));
#810=EDGE_LOOP('',(#5537,#5538,#5539,#5540));
#811=EDGE_LOOP('',(#5541,#5542,#5543,#5544));
#812=EDGE_LOOP('',(#5545,#5546,#5547,#5548));
#813=EDGE_LOOP('',(#5549,#5550,#5551,#5552));
#814=EDGE_LOOP('',(#5553,#5554,#5555,#5556));
#815=EDGE_LOOP('',(#5557,#5558,#5559,#5560,#5561,#5562));
#816=EDGE_LOOP('',(#5563,#5564,#5565,#5566));
#817=EDGE_LOOP('',(#5567,#5568,#5569,#5570));
#818=EDGE_LOOP('',(#5571,#5572,#5573,#5574,#5575,#5576));
#819=EDGE_LOOP('',(#5577,#5578,#5579,#5580));
#820=EDGE_LOOP('',(#5581,#5582,#5583,#5584));
#821=EDGE_LOOP('',(#5585,#5586,#5587,#5588,#5589,#5590));
#822=EDGE_LOOP('',(#5591,#5592,#5593,#5594));
#823=EDGE_LOOP('',(#5595,#5596,#5597,#5598));
#824=EDGE_LOOP('',(#5599,#5600,#5601,#5602));
#825=EDGE_LOOP('',(#5603,#5604,#5605,#5606));
#826=EDGE_LOOP('',(#5607,#5608,#5609,#5610));
#827=EDGE_LOOP('',(#5611,#5612,#5613,#5614));
#828=EDGE_LOOP('',(#5615,#5616,#5617,#5618));
#829=EDGE_LOOP('',(#5619,#5620,#5621,#5622));
#830=EDGE_LOOP('',(#5623,#5624,#5625,#5626));
#831=EDGE_LOOP('',(#5627,#5628,#5629,#5630));
#832=EDGE_LOOP('',(#5631,#5632,#5633,#5634));
#833=EDGE_LOOP('',(#5635,#5636,#5637,#5638));
#834=EDGE_LOOP('',(#5639,#5640,#5641,#5642));
#835=EDGE_LOOP('',(#5643,#5644,#5645,#5646));
#836=EDGE_LOOP('',(#5647,#5648,#5649,#5650));
#837=EDGE_LOOP('',(#5651,#5652,#5653,#5654));
#838=EDGE_LOOP('',(#5655,#5656,#5657,#5658));
#839=EDGE_LOOP('',(#5659,#5660,#5661,#5662));
#840=EDGE_LOOP('',(#5663,#5664,#5665,#5666));
#841=EDGE_LOOP('',(#5667,#5668,#5669,#5670));
#842=EDGE_LOOP('',(#5671,#5672,#5673,#5674));
#843=EDGE_LOOP('',(#5675,#5676,#5677,#5678));
#844=EDGE_LOOP('',(#5679,#5680,#5681,#5682));
#845=EDGE_LOOP('',(#5683,#5684,#5685,#5686));
#846=EDGE_LOOP('',(#5687,#5688,#5689,#5690,#5691,#5692,#5693,#5694,#5695,
#5696,#5697,#5698,#5699,#5700,#5701,#5702,#5703,#5704,#5705,#5706,#5707,
#5708,#5709,#5710,#5711,#5712,#5713,#5714));
#847=EDGE_LOOP('',(#5715));
#848=EDGE_LOOP('',(#5716));
#849=EDGE_LOOP('',(#5717));
#850=EDGE_LOOP('',(#5718));
#851=EDGE_LOOP('',(#5719));
#852=EDGE_LOOP('',(#5720));
#853=EDGE_LOOP('',(#5721));
#854=EDGE_LOOP('',(#5722));
#855=EDGE_LOOP('',(#5723,#5724,#5725,#5726));
#856=EDGE_LOOP('',(#5727,#5728,#5729,#5730));
#857=EDGE_LOOP('',(#5731,#5732,#5733,#5734));
#858=EDGE_LOOP('',(#5735,#5736,#5737,#5738));
#859=EDGE_LOOP('',(#5739,#5740,#5741,#5742));
#860=EDGE_LOOP('',(#5743,#5744,#5745,#5746));
#861=EDGE_LOOP('',(#5747,#5748,#5749,#5750));
#862=EDGE_LOOP('',(#5751,#5752,#5753,#5754));
#863=EDGE_LOOP('',(#5755,#5756,#5757,#5758));
#864=EDGE_LOOP('',(#5759,#5760,#5761,#5762));
#865=EDGE_LOOP('',(#5763,#5764,#5765,#5766));
#866=EDGE_LOOP('',(#5767,#5768,#5769,#5770));
#867=EDGE_LOOP('',(#5771,#5772,#5773,#5774));
#868=EDGE_LOOP('',(#5775,#5776,#5777,#5778));
#869=EDGE_LOOP('',(#5779,#5780,#5781,#5782,#5783,#5784,#5785,#5786,#5787,
#5788,#5789,#5790,#5791,#5792,#5793,#5794,#5795,#5796,#5797,#5798));
#870=EDGE_LOOP('',(#5799,#5800,#5801,#5802,#5803,#5804,#5805,#5806,#5807,
#5808,#5809,#5810,#5811,#5812,#5813,#5814,#5815,#5816,#5817,#5818,#5819,
#5820,#5821,#5822));
#871=EDGE_LOOP('',(#5823));
#872=EDGE_LOOP('',(#5824));
#873=EDGE_LOOP('',(#5825));
#874=EDGE_LOOP('',(#5826));
#875=EDGE_LOOP('',(#5827));
#876=EDGE_LOOP('',(#5828));
#877=EDGE_LOOP('',(#5829));
#878=EDGE_LOOP('',(#5830));
#879=EDGE_LOOP('',(#5831,#5832,#5833,#5834));
#880=EDGE_LOOP('',(#5835,#5836,#5837,#5838,#5839,#5840,#5841,#5842));
#881=EDGE_LOOP('',(#5843,#5844,#5845,#5846,#5847,#5848,#5849,#5850,#5851,
#5852,#5853,#5854));
#882=EDGE_LOOP('',(#5855));
#883=EDGE_LOOP('',(#5856));
#884=EDGE_LOOP('',(#5857));
#885=EDGE_LOOP('',(#5858));
#886=EDGE_LOOP('',(#5859));
#887=EDGE_LOOP('',(#5860));
#888=EDGE_LOOP('',(#5861));
#889=EDGE_LOOP('',(#5862));
#890=EDGE_LOOP('',(#5863,#5864,#5865,#5866,#5867,#5868,#5869,#5870,#5871,
#5872,#5873,#5874));
#891=EDGE_LOOP('',(#5875));
#892=EDGE_LOOP('',(#5876));
#893=EDGE_LOOP('',(#5877));
#894=EDGE_LOOP('',(#5878));
#895=EDGE_LOOP('',(#5879));
#896=EDGE_LOOP('',(#5880));
#897=EDGE_LOOP('',(#5881));
#898=EDGE_LOOP('',(#5882));
#899=EDGE_LOOP('',(#5883,#5884,#5885,#5886,#5887,#5888,#5889,#5890));
#900=EDGE_LOOP('',(#5891));
#901=EDGE_LOOP('',(#5892));
#902=EDGE_LOOP('',(#5893));
#903=EDGE_LOOP('',(#5894));
#904=EDGE_LOOP('',(#5895));
#905=EDGE_LOOP('',(#5896));
#906=EDGE_LOOP('',(#5897));
#907=EDGE_LOOP('',(#5898));
#908=EDGE_LOOP('',(#5899,#5900,#5901,#5902));
#909=EDGE_LOOP('',(#5903,#5904,#5905,#5906));
#910=EDGE_LOOP('',(#5907,#5908,#5909,#5910));
#911=EDGE_LOOP('',(#5911,#5912,#5913,#5914));
#912=EDGE_LOOP('',(#5915,#5916,#5917,#5918));
#913=EDGE_LOOP('',(#5919,#5920,#5921,#5922));
#914=EDGE_LOOP('',(#5923,#5924,#5925,#5926));
#915=EDGE_LOOP('',(#5927,#5928,#5929,#5930));
#916=EDGE_LOOP('',(#5931,#5932,#5933,#5934));
#917=EDGE_LOOP('',(#5935,#5936,#5937,#5938));
#918=EDGE_LOOP('',(#5939,#5940,#5941,#5942));
#919=EDGE_LOOP('',(#5943,#5944,#5945,#5946));
#920=EDGE_LOOP('',(#5947,#5948,#5949,#5950));
#921=EDGE_LOOP('',(#5951,#5952,#5953,#5954));
#922=EDGE_LOOP('',(#5955,#5956,#5957,#5958));
#923=EDGE_LOOP('',(#5959,#5960,#5961,#5962));
#924=EDGE_LOOP('',(#5963,#5964,#5965,#5966));
#925=EDGE_LOOP('',(#5967,#5968,#5969,#5970));
#926=EDGE_LOOP('',(#5971,#5972,#5973,#5974,#5975,#5976,#5977,#5978,#5979,
#5980,#5981,#5982,#5983,#5984,#5985,#5986,#5987,#5988,#5989,#5990));
#927=EDGE_LOOP('',(#5991,#5992,#5993,#5994,#5995,#5996,#5997,#5998,#5999,
#6000,#6001,#6002,#6003,#6004,#6005,#6006,#6007,#6008,#6009,#6010));
#928=EDGE_LOOP('',(#6011,#6012,#6013,#6014));
#929=EDGE_LOOP('',(#6015,#6016,#6017,#6018));
#930=EDGE_LOOP('',(#6019,#6020,#6021,#6022));
#931=EDGE_LOOP('',(#6023,#6024,#6025,#6026));
#932=EDGE_LOOP('',(#6027,#6028,#6029,#6030));
#933=EDGE_LOOP('',(#6031,#6032,#6033,#6034));
#934=EDGE_LOOP('',(#6035,#6036,#6037,#6038));
#935=EDGE_LOOP('',(#6039,#6040,#6041,#6042));
#936=EDGE_LOOP('',(#6043,#6044,#6045,#6046));
#937=EDGE_LOOP('',(#6047,#6048,#6049,#6050));
#938=EDGE_LOOP('',(#6051,#6052,#6053,#6054));
#939=EDGE_LOOP('',(#6055,#6056,#6057,#6058));
#940=EDGE_LOOP('',(#6059,#6060,#6061,#6062));
#941=EDGE_LOOP('',(#6063,#6064,#6065,#6066));
#942=EDGE_LOOP('',(#6067,#6068,#6069,#6070));
#943=EDGE_LOOP('',(#6071,#6072,#6073,#6074));
#944=EDGE_LOOP('',(#6075,#6076,#6077,#6078));
#945=EDGE_LOOP('',(#6079,#6080,#6081,#6082));
#946=EDGE_LOOP('',(#6083,#6084,#6085,#6086));
#947=EDGE_LOOP('',(#6087,#6088,#6089,#6090));
#948=EDGE_LOOP('',(#6091,#6092,#6093,#6094));
#949=CIRCLE('',#6675,6.99999999999999);
#950=CIRCLE('',#6677,6.99999999999999);
#951=CIRCLE('',#6678,6.99999999999999);
#952=CIRCLE('',#6682,7.);
#953=CIRCLE('',#6684,7.);
#954=CIRCLE('',#6685,7.);
#955=CIRCLE('',#6700,7.);
#956=CIRCLE('',#6701,7.);
#957=CIRCLE('',#6702,15.);
#958=CIRCLE('',#6703,15.);
#959=CIRCLE('',#6704,15.);
#960=CIRCLE('',#6705,15.);
#961=CIRCLE('',#6727,7.);
#962=CIRCLE('',#6735,7.);
#963=CIRCLE('',#6736,4.00000000000002);
#964=CIRCLE('',#6737,4.);
#965=CIRCLE('',#6738,4.00000000000001);
#966=CIRCLE('',#6739,4.00000000000002);
#967=CIRCLE('',#6745,4.00000000000001);
#968=CIRCLE('',#6746,4.);
#969=CIRCLE('',#6747,3.49999999999997);
#970=CIRCLE('',#6748,3.5);
#971=CIRCLE('',#6750,3.5);
#972=CIRCLE('',#6751,3.5);
#973=CIRCLE('',#6752,3.5);
#974=CIRCLE('',#6754,3.49999999999997);
#975=CIRCLE('',#6755,3.5);
#976=CIRCLE('',#6756,4.00000000000002);
#977=CIRCLE('',#6757,4.00000000000002);
#978=CIRCLE('',#6758,3.5);
#979=CIRCLE('',#6759,15.);
#980=CIRCLE('',#6760,15.);
#981=CIRCLE('',#6761,15.);
#982=CIRCLE('',#6762,15.);
#983=CIRCLE('',#6764,4.00000000000002);
#984=CIRCLE('',#6766,4.00000000000002);
#985=CIRCLE('',#6770,4.00000000000002);
#986=CIRCLE('',#6773,4.00000000000002);
#987=CIRCLE('',#6776,3.5);
#988=CIRCLE('',#6777,3.5);
#989=CIRCLE('',#6780,4.00000000000001);
#990=CIRCLE('',#6781,3.5);
#991=CIRCLE('',#6783,3.5);
#992=CIRCLE('',#6784,3.5);
#993=CIRCLE('',#6786,3.5);
#994=CIRCLE('',#6789,3.49999999999997);
#995=CIRCLE('',#6791,3.49999999999997);
#996=CIRCLE('',#6793,4.00000000000001);
#997=CIRCLE('',#6798,4.);
#998=CIRCLE('',#6827,1.);
#999=CIRCLE('',#6828,1.);
#1000=CIRCLE('',#6831,0.999999999999999);
#1001=CIRCLE('',#6832,0.999999999999999);
#1002=CIRCLE('',#6835,1.);
#1003=CIRCLE('',#6836,1.);
#1004=CIRCLE('',#6839,1.00000000000001);
#1005=CIRCLE('',#6840,1.00000000000001);
#1006=CIRCLE('',#6845,0.499999999999994);
#1007=CIRCLE('',#6846,0.499999999999994);
#1008=CIRCLE('',#6849,0.499999999999996);
#1009=CIRCLE('',#6850,0.499999999999996);
#1010=CIRCLE('',#6857,0.499999999999989);
#1011=CIRCLE('',#6858,0.499999999999989);
#1012=CIRCLE('',#6861,0.499999999999996);
#1013=CIRCLE('',#6862,0.499999999999996);
#1014=CIRCLE('',#6867,3.24999999999999);
#1015=CIRCLE('',#6868,3.24999999999999);
#1016=CIRCLE('',#6871,3.25);
#1017=CIRCLE('',#6872,3.25);
#1018=CIRCLE('',#6875,3.25);
#1019=CIRCLE('',#6876,3.25);
#1020=CIRCLE('',#6879,3.25);
#1021=CIRCLE('',#6880,3.25);
#1022=CIRCLE('',#6884,5.);
#1023=CIRCLE('',#6885,4.);
#1024=CIRCLE('',#6887,1.8);
#1025=CIRCLE('',#6888,1.8);
#1026=CIRCLE('',#6893,7.);
#1027=CIRCLE('',#6894,6.99999999999999);
#1028=CIRCLE('',#6895,7.);
#1029=CIRCLE('',#6896,7.);
#1030=CIRCLE('',#6897,1.7);
#1031=CIRCLE('',#6898,1.70000000000001);
#1032=CIRCLE('',#6899,1.7);
#1033=CIRCLE('',#6900,1.7);
#1034=CIRCLE('',#6902,5.);
#1035=CIRCLE('',#6903,5.);
#1036=CIRCLE('',#6904,4.00000000000002);
#1037=CIRCLE('',#6905,4.00000000000002);
#1038=CIRCLE('',#6906,5.);
#1039=CIRCLE('',#6907,5.);
#1040=CIRCLE('',#6908,1.7);
#1041=CIRCLE('',#6909,1.70000000000001);
#1042=CIRCLE('',#6910,1.7);
#1043=CIRCLE('',#6911,1.7);
#1044=CIRCLE('',#6946,4.00000000000001);
#1045=CIRCLE('',#6947,4.00000000000002);
#1046=CIRCLE('',#6948,6.99999999999999);
#1047=CIRCLE('',#6949,7.);
#1048=CIRCLE('',#6950,7.);
#1049=CIRCLE('',#6951,7.);
#1050=CIRCLE('',#6952,4.00000000000002);
#1051=CIRCLE('',#6953,4.);
#1052=CIRCLE('',#6971,4.00000000000002);
#1053=CIRCLE('',#6976,4.00000000000002);
#1054=CIRCLE('',#6978,5.);
#1055=CIRCLE('',#6983,6.99999999999999);
#1056=CIRCLE('',#6984,7.);
#1057=CIRCLE('',#6991,5.);
#1058=CIRCLE('',#6994,4.00000000000001);
#1059=CIRCLE('',#6995,5.);
#1060=CIRCLE('',#7024,1.99999999999999);
#1061=CIRCLE('',#7025,1.99999999999999);
#1062=CIRCLE('',#7027,1.99999999999999);
#1063=CIRCLE('',#7028,1.99999999999999);
#1064=CIRCLE('',#7030,1.99999999999999);
#1065=CIRCLE('',#7031,1.99999999999999);
#1066=CIRCLE('',#7033,1.99999999999999);
#1067=CIRCLE('',#7034,1.99999999999999);
#1068=CIRCLE('',#7036,1.7);
#1069=CIRCLE('',#7037,1.7);
#1070=CIRCLE('',#7039,1.7);
#1071=CIRCLE('',#7040,1.7);
#1072=CIRCLE('',#7042,1.7);
#1073=CIRCLE('',#7043,1.7);
#1074=CIRCLE('',#7045,1.7);
#1075=CIRCLE('',#7046,1.7);
#1076=CIRCLE('',#7049,1.99999999999988);
#1077=CIRCLE('',#7050,1.99999999999988);
#1078=CIRCLE('',#7056,18.2);
#1079=CIRCLE('',#7057,18.2);
#1080=CIRCLE('',#7063,1.99999999999988);
#1081=CIRCLE('',#7064,1.99999999999988);
#1082=CIRCLE('',#7067,4.);
#1083=CIRCLE('',#7068,4.00000000000002);
#1084=CIRCLE('',#7069,4.);
#1085=CIRCLE('',#7070,4.00000000000002);
#1086=CIRCLE('',#7073,4.);
#1087=CIRCLE('',#7076,4.00000000000002);
#1088=CIRCLE('',#7079,4.);
#1089=CIRCLE('',#7081,3.99999999999999);
#1090=CIRCLE('',#7082,3.99999999999999);
#1091=CIRCLE('',#7084,4.);
#1092=CIRCLE('',#7085,4.);
#1093=CIRCLE('',#7088,3.99999999999999);
#1094=CIRCLE('',#7089,3.99999999999999);
#1095=CIRCLE('',#7092,4.00000000000002);
#1096=CIRCLE('',#7093,4.00000000000002);
#1097=CIRCLE('',#7096,4.00000000000002);
#1098=CIRCLE('',#7102,3.00000000000002);
#1099=CIRCLE('',#7103,3.00000000000002);
#1100=CIRCLE('',#7104,3.00000000000002);
#1101=CIRCLE('',#7105,3.00000000000002);
#1102=CIRCLE('',#7106,3.00000000000001);
#1103=CIRCLE('',#7107,3.00000000000001);
#1104=CIRCLE('',#7108,1.7);
#1105=CIRCLE('',#7109,1.7);
#1106=CIRCLE('',#7110,1.7);
#1107=CIRCLE('',#7111,1.7);
#1108=CIRCLE('',#7112,2.99999999999999);
#1109=CIRCLE('',#7113,3.00000000000001);
#1110=CIRCLE('',#7115,4.);
#1111=CIRCLE('',#7116,3.99999999999999);
#1112=CIRCLE('',#7117,4.00000000000002);
#1113=CIRCLE('',#7118,3.99999999999999);
#1114=CIRCLE('',#7119,1.7);
#1115=CIRCLE('',#7120,1.7);
#1116=CIRCLE('',#7121,1.7);
#1117=CIRCLE('',#7122,1.7);
#1118=CIRCLE('',#7123,1.7);
#1119=CIRCLE('',#7124,1.7);
#1120=CIRCLE('',#7125,1.7);
#1121=CIRCLE('',#7126,1.7);
#1122=CIRCLE('',#7129,3.00000000000001);
#1123=CIRCLE('',#7130,1.7);
#1124=CIRCLE('',#7132,3.00000000000001);
#1125=CIRCLE('',#7133,1.7);
#1126=CIRCLE('',#7135,2.99999999999999);
#1127=CIRCLE('',#7136,1.7);
#1128=CIRCLE('',#7138,3.00000000000001);
#1129=CIRCLE('',#7139,1.7);
#1130=CIRCLE('',#7142,4.);
#1131=CIRCLE('',#7143,4.);
#1132=CIRCLE('',#7146,4.00000000000002);
#1133=CIRCLE('',#7147,3.99999999999999);
#1134=CIRCLE('',#7150,4.);
#1135=CIRCLE('',#7151,4.00000000000001);
#1136=CIRCLE('',#7154,4.00000000000002);
#1137=CIRCLE('',#7155,4.00000000000004);
#1138=CIRCLE('',#7157,3.00000000000002);
#1139=CIRCLE('',#7160,3.00000000000002);
#1140=CIRCLE('',#7163,3.00000000000002);
#1141=CIRCLE('',#7166,3.00000000000002);
#1142=CIRCLE('',#7172,3.99999999999999);
#1143=CIRCLE('',#7173,4.00000000000002);
#1144=CIRCLE('',#7174,3.99999999999999);
#1145=CIRCLE('',#7175,4.);
#1146=LINE('',#8995,#1892);
#1147=LINE('',#8997,#1893);
#1148=LINE('',#9001,#1894);
#1149=LINE('',#9002,#1895);
#1150=LINE('',#9005,#1896);
#1151=LINE('',#9009,#1897);
#1152=LINE('',#9012,#1898);
#1153=LINE('',#9015,#1899);
#1154=LINE('',#9017,#1900);
#1155=LINE('',#9019,#1901);
#1156=LINE('',#9020,#1902);
#1157=LINE('',#9023,#1903);
#1158=LINE('',#9024,#1904);
#1159=LINE('',#9028,#1905);
#1160=LINE('',#9030,#1906);
#1161=LINE('',#9033,#1907);
#1162=LINE('',#9037,#1908);
#1163=LINE('',#9041,#1909);
#1164=LINE('',#9042,#1910);
#1165=LINE('',#9046,#1911);
#1166=LINE('',#9048,#1912);
#1167=LINE('',#9050,#1913);
#1168=LINE('',#9051,#1914);
#1169=LINE('',#9054,#1915);
#1170=LINE('',#9056,#1916);
#1171=LINE('',#9057,#1917);
#1172=LINE('',#9060,#1918);
#1173=LINE('',#9062,#1919);
#1174=LINE('',#9063,#1920);
#1175=LINE('',#9065,#1921);
#1176=LINE('',#9066,#1922);
#1177=LINE('',#9070,#1923);
#1178=LINE('',#9072,#1924);
#1179=LINE('',#9074,#1925);
#1180=LINE('',#9075,#1926);
#1181=LINE('',#9078,#1927);
#1182=LINE('',#9080,#1928);
#1183=LINE('',#9081,#1929);
#1184=LINE('',#9084,#1930);
#1185=LINE('',#9086,#1931);
#1186=LINE('',#9087,#1932);
#1187=LINE('',#9089,#1933);
#1188=LINE('',#9090,#1934);
#1189=LINE('',#9094,#1935);
#1190=LINE('',#9096,#1936);
#1191=LINE('',#9098,#1937);
#1192=LINE('',#9099,#1938);
#1193=LINE('',#9102,#1939);
#1194=LINE('',#9104,#1940);
#1195=LINE('',#9105,#1941);
#1196=LINE('',#9108,#1942);
#1197=LINE('',#9110,#1943);
#1198=LINE('',#9111,#1944);
#1199=LINE('',#9113,#1945);
#1200=LINE('',#9114,#1946);
#1201=LINE('',#9117,#1947);
#1202=LINE('',#9121,#1948);
#1203=LINE('',#9124,#1949);
#1204=LINE('',#9127,#1950);
#1205=LINE('',#9129,#1951);
#1206=LINE('',#9131,#1952);
#1207=LINE('',#9133,#1953);
#1208=LINE('',#9135,#1954);
#1209=LINE('',#9137,#1955);
#1210=LINE('',#9138,#1956);
#1211=LINE('',#9141,#1957);
#1212=LINE('',#9143,#1958);
#1213=LINE('',#9145,#1959);
#1214=LINE('',#9147,#1960);
#1215=LINE('',#9149,#1961);
#1216=LINE('',#9151,#1962);
#1217=LINE('',#9152,#1963);
#1218=LINE('',#9155,#1964);
#1219=LINE('',#9157,#1965);
#1220=LINE('',#9159,#1966);
#1221=LINE('',#9161,#1967);
#1222=LINE('',#9163,#1968);
#1223=LINE('',#9165,#1969);
#1224=LINE('',#9166,#1970);
#1225=LINE('',#9169,#1971);
#1226=LINE('',#9172,#1972);
#1227=LINE('',#9175,#1973);
#1228=LINE('',#9178,#1974);
#1229=LINE('',#9181,#1975);
#1230=LINE('',#9184,#1976);
#1231=LINE('',#9187,#1977);
#1232=LINE('',#9189,#1978);
#1233=LINE('',#9191,#1979);
#1234=LINE('',#9192,#1980);
#1235=LINE('',#9195,#1981);
#1236=LINE('',#9198,#1982);
#1237=LINE('',#9201,#1983);
#1238=LINE('',#9203,#1984);
#1239=LINE('',#9205,#1985);
#1240=LINE('',#9207,#1986);
#1241=LINE('',#9209,#1987);
#1242=LINE('',#9211,#1988);
#1243=LINE('',#9212,#1989);
#1244=LINE('',#9215,#1990);
#1245=LINE('',#9217,#1991);
#1246=LINE('',#9218,#1992);
#1247=LINE('',#9221,#1993);
#1248=LINE('',#9222,#1994);
#1249=LINE('',#9225,#1995);
#1250=LINE('',#9226,#1996);
#1251=LINE('',#9229,#1997);
#1252=LINE('',#9230,#1998);
#1253=LINE('',#9233,#1999);
#1254=LINE('',#9235,#2000);
#1255=LINE('',#9236,#2001);
#1256=LINE('',#9239,#2002);
#1257=LINE('',#9240,#2003);
#1258=LINE('',#9243,#2004);
#1259=LINE('',#9244,#2005);
#1260=LINE('',#9247,#2006);
#1261=LINE('',#9249,#2007);
#1262=LINE('',#9250,#2008);
#1263=LINE('',#9253,#2009);
#1264=LINE('',#9254,#2010);
#1265=LINE('',#9257,#2011);
#1266=LINE('',#9258,#2012);
#1267=LINE('',#9261,#2013);
#1268=LINE('',#9263,#2014);
#1269=LINE('',#9264,#2015);
#1270=LINE('',#9267,#2016);
#1271=LINE('',#9269,#2017);
#1272=LINE('',#9270,#2018);
#1273=LINE('',#9273,#2019);
#1274=LINE('',#9275,#2020);
#1275=LINE('',#9276,#2021);
#1276=LINE('',#9279,#2022);
#1277=LINE('',#9281,#2023);
#1278=LINE('',#9282,#2024);
#1279=LINE('',#9285,#2025);
#1280=LINE('',#9286,#2026);
#1281=LINE('',#9289,#2027);
#1282=LINE('',#9291,#2028);
#1283=LINE('',#9292,#2029);
#1284=LINE('',#9295,#2030);
#1285=LINE('',#9297,#2031);
#1286=LINE('',#9298,#2032);
#1287=LINE('',#9301,#2033);
#1288=LINE('',#9302,#2034);
#1289=LINE('',#9305,#2035);
#1290=LINE('',#9306,#2036);
#1291=LINE('',#9309,#2037);
#1292=LINE('',#9311,#2038);
#1293=LINE('',#9312,#2039);
#1294=LINE('',#9315,#2040);
#1295=LINE('',#9318,#2041);
#1296=LINE('',#9321,#2042);
#1297=LINE('',#9322,#2043);
#1298=LINE('',#9325,#2044);
#1299=LINE('',#9326,#2045);
#1300=LINE('',#9328,#2046);
#1301=LINE('',#9332,#2047);
#1302=LINE('',#9334,#2048);
#1303=LINE('',#9336,#2049);
#1304=LINE('',#9337,#2050);
#1305=LINE('',#9341,#2051);
#1306=LINE('',#9343,#2052);
#1307=LINE('',#9345,#2053);
#1308=LINE('',#9346,#2054);
#1309=LINE('',#9349,#2055);
#1310=LINE('',#9350,#2056);
#1311=LINE('',#9352,#2057);
#1312=LINE('',#9354,#2058);
#1313=LINE('',#9358,#2059);
#1314=LINE('',#9362,#2060);
#1315=LINE('',#9366,#2061);
#1316=LINE('',#9369,#2062);
#1317=LINE('',#9370,#2063);
#1318=LINE('',#9375,#2064);
#1319=LINE('',#9377,#2065);
#1320=LINE('',#9379,#2066);
#1321=LINE('',#9380,#2067);
#1322=LINE('',#9383,#2068);
#1323=LINE('',#9385,#2069);
#1324=LINE('',#9386,#2070);
#1325=LINE('',#9398,#2071);
#1326=LINE('',#9402,#2072);
#1327=LINE('',#9405,#2073);
#1328=LINE('',#9410,#2074);
#1329=LINE('',#9414,#2075);
#1330=LINE('',#9418,#2076);
#1331=LINE('',#9422,#2077);
#1332=LINE('',#9425,#2078);
#1333=LINE('',#9427,#2079);
#1334=LINE('',#9430,#2080);
#1335=LINE('',#9431,#2081);
#1336=LINE('',#9433,#2082);
#1337=LINE('',#9436,#2083);
#1338=LINE('',#9439,#2084);
#1339=LINE('',#9444,#2085);
#1340=LINE('',#9447,#2086);
#1341=LINE('',#9451,#2087);
#1342=LINE('',#9453,#2088);
#1343=LINE('',#9454,#2089);
#1344=LINE('',#9457,#2090);
#1345=LINE('',#9459,#2091);
#1346=LINE('',#9460,#2092);
#1347=LINE('',#9464,#2093);
#1348=LINE('',#9467,#2094);
#1349=LINE('',#9468,#2095);
#1350=LINE('',#9472,#2096);
#1351=LINE('',#9475,#2097);
#1352=LINE('',#9476,#2098);
#1353=LINE('',#9479,#2099);
#1354=LINE('',#9484,#2100);
#1355=LINE('',#9485,#2101);
#1356=LINE('',#9491,#2102);
#1357=LINE('',#9495,#2103);
#1358=LINE('',#9498,#2104);
#1359=LINE('',#9502,#2105);
#1360=LINE('',#9505,#2106);
#1361=LINE('',#9506,#2107);
#1362=LINE('',#9509,#2108);
#1363=LINE('',#9513,#2109);
#1364=LINE('',#9516,#2110);
#1365=LINE('',#9522,#2111);
#1366=LINE('',#9524,#2112);
#1367=LINE('',#9525,#2113);
#1368=LINE('',#9526,#2114);
#1369=LINE('',#9529,#2115);
#1370=LINE('',#9532,#2116);
#1371=LINE('',#9534,#2117);
#1372=LINE('',#9535,#2118);
#1373=LINE('',#9536,#2119);
#1374=LINE('',#9539,#2120);
#1375=LINE('',#9542,#2121);
#1376=LINE('',#9546,#2122);
#1377=LINE('',#9548,#2123);
#1378=LINE('',#9549,#2124);
#1379=LINE('',#9550,#2125);
#1380=LINE('',#9552,#2126);
#1381=LINE('',#9554,#2127);
#1382=LINE('',#9556,#2128);
#1383=LINE('',#9559,#2129);
#1384=LINE('',#9562,#2130);
#1385=LINE('',#9565,#2131);
#1386=LINE('',#9568,#2132);
#1387=LINE('',#9570,#2133);
#1388=LINE('',#9572,#2134);
#1389=LINE('',#9575,#2135);
#1390=LINE('',#9578,#2136);
#1391=LINE('',#9581,#2137);
#1392=LINE('',#9583,#2138);
#1393=LINE('',#9585,#2139);
#1394=LINE('',#9588,#2140);
#1395=LINE('',#9593,#2141);
#1396=LINE('',#9595,#2142);
#1397=LINE('',#9597,#2143);
#1398=LINE('',#9598,#2144);
#1399=LINE('',#9604,#2145);
#1400=LINE('',#9607,#2146);
#1401=LINE('',#9609,#2147);
#1402=LINE('',#9610,#2148);
#1403=LINE('',#9616,#2149);
#1404=LINE('',#9619,#2150);
#1405=LINE('',#9621,#2151);
#1406=LINE('',#9622,#2152);
#1407=LINE('',#9628,#2153);
#1408=LINE('',#9631,#2154);
#1409=LINE('',#9633,#2155);
#1410=LINE('',#9634,#2156);
#1411=LINE('',#9641,#2157);
#1412=LINE('',#9643,#2158);
#1413=LINE('',#9645,#2159);
#1414=LINE('',#9646,#2160);
#1415=LINE('',#9649,#2161);
#1416=LINE('',#9651,#2162);
#1417=LINE('',#9652,#2163);
#1418=LINE('',#9655,#2164);
#1419=LINE('',#9657,#2165);
#1420=LINE('',#9658,#2166);
#1421=LINE('',#9664,#2167);
#1422=LINE('',#9667,#2168);
#1423=LINE('',#9669,#2169);
#1424=LINE('',#9670,#2170);
#1425=LINE('',#9676,#2171);
#1426=LINE('',#9679,#2172);
#1427=LINE('',#9681,#2173);
#1428=LINE('',#9682,#2174);
#1429=LINE('',#9684,#2175);
#1430=LINE('',#9685,#2176);
#1431=LINE('',#9689,#2177);
#1432=LINE('',#9691,#2178);
#1433=LINE('',#9693,#2179);
#1434=LINE('',#9694,#2180);
#1435=LINE('',#9697,#2181);
#1436=LINE('',#9699,#2182);
#1437=LINE('',#9700,#2183);
#1438=LINE('',#9703,#2184);
#1439=LINE('',#9705,#2185);
#1440=LINE('',#9706,#2186);
#1441=LINE('',#9712,#2187);
#1442=LINE('',#9715,#2188);
#1443=LINE('',#9717,#2189);
#1444=LINE('',#9718,#2190);
#1445=LINE('',#9724,#2191);
#1446=LINE('',#9727,#2192);
#1447=LINE('',#9729,#2193);
#1448=LINE('',#9730,#2194);
#1449=LINE('',#9732,#2195);
#1450=LINE('',#9733,#2196);
#1451=LINE('',#9737,#2197);
#1452=LINE('',#9739,#2198);
#1453=LINE('',#9741,#2199);
#1454=LINE('',#9742,#2200);
#1455=LINE('',#9747,#2201);
#1456=LINE('',#9751,#2202);
#1457=LINE('',#9753,#2203);
#1458=LINE('',#9754,#2204);
#1459=LINE('',#9759,#2205);
#1460=LINE('',#9763,#2206);
#1461=LINE('',#9765,#2207);
#1462=LINE('',#9766,#2208);
#1463=LINE('',#9771,#2209);
#1464=LINE('',#9775,#2210);
#1465=LINE('',#9777,#2211);
#1466=LINE('',#9778,#2212);
#1467=LINE('',#9786,#2213);
#1468=LINE('',#9788,#2214);
#1469=LINE('',#9790,#2215);
#1470=LINE('',#9791,#2216);
#1471=LINE('',#9795,#2217);
#1472=LINE('',#9799,#2218);
#1473=LINE('',#9803,#2219);
#1474=LINE('',#9805,#2220);
#1475=LINE('',#9807,#2221);
#1476=LINE('',#9809,#2222);
#1477=LINE('',#9811,#2223);
#1478=LINE('',#9813,#2224);
#1479=LINE('',#9814,#2225);
#1480=LINE('',#9819,#2226);
#1481=LINE('',#9824,#2227);
#1482=LINE('',#9826,#2228);
#1483=LINE('',#9828,#2229);
#1484=LINE('',#9830,#2230);
#1485=LINE('',#9832,#2231);
#1486=LINE('',#9834,#2232);
#1487=LINE('',#9836,#2233);
#1488=LINE('',#9837,#2234);
#1489=LINE('',#9841,#2235);
#1490=LINE('',#9843,#2236);
#1491=LINE('',#9845,#2237);
#1492=LINE('',#9847,#2238);
#1493=LINE('',#9849,#2239);
#1494=LINE('',#9851,#2240);
#1495=LINE('',#9852,#2241);
#1496=LINE('',#9854,#2242);
#1497=LINE('',#9856,#2243);
#1498=LINE('',#9858,#2244);
#1499=LINE('',#9859,#2245);
#1500=LINE('',#9861,#2246);
#1501=LINE('',#9863,#2247);
#1502=LINE('',#9865,#2248);
#1503=LINE('',#9866,#2249);
#1504=LINE('',#9871,#2250);
#1505=LINE('',#9875,#2251);
#1506=LINE('',#9879,#2252);
#1507=LINE('',#9880,#2253);
#1508=LINE('',#9883,#2254);
#1509=LINE('',#9885,#2255);
#1510=LINE('',#9887,#2256);
#1511=LINE('',#9889,#2257);
#1512=LINE('',#9891,#2258);
#1513=LINE('',#9893,#2259);
#1514=LINE('',#9894,#2260);
#1515=LINE('',#9897,#2261);
#1516=LINE('',#9899,#2262);
#1517=LINE('',#9901,#2263);
#1518=LINE('',#9903,#2264);
#1519=LINE('',#9905,#2265);
#1520=LINE('',#9907,#2266);
#1521=LINE('',#9908,#2267);
#1522=LINE('',#9911,#2268);
#1523=LINE('',#9913,#2269);
#1524=LINE('',#9915,#2270);
#1525=LINE('',#9917,#2271);
#1526=LINE('',#9919,#2272);
#1527=LINE('',#9921,#2273);
#1528=LINE('',#9922,#2274);
#1529=LINE('',#9925,#2275);
#1530=LINE('',#9927,#2276);
#1531=LINE('',#9929,#2277);
#1532=LINE('',#9931,#2278);
#1533=LINE('',#9933,#2279);
#1534=LINE('',#9935,#2280);
#1535=LINE('',#9936,#2281);
#1536=LINE('',#9945,#2282);
#1537=LINE('',#9947,#2283);
#1538=LINE('',#9949,#2284);
#1539=LINE('',#9951,#2285);
#1540=LINE('',#9953,#2286);
#1541=LINE('',#9955,#2287);
#1542=LINE('',#9956,#2288);
#1543=LINE('',#9959,#2289);
#1544=LINE('',#9961,#2290);
#1545=LINE('',#9963,#2291);
#1546=LINE('',#9965,#2292);
#1547=LINE('',#9967,#2293);
#1548=LINE('',#9969,#2294);
#1549=LINE('',#9970,#2295);
#1550=LINE('',#9973,#2296);
#1551=LINE('',#9975,#2297);
#1552=LINE('',#9977,#2298);
#1553=LINE('',#9979,#2299);
#1554=LINE('',#9981,#2300);
#1555=LINE('',#9983,#2301);
#1556=LINE('',#9984,#2302);
#1557=LINE('',#9987,#2303);
#1558=LINE('',#9989,#2304);
#1559=LINE('',#9991,#2305);
#1560=LINE('',#9993,#2306);
#1561=LINE('',#9995,#2307);
#1562=LINE('',#9997,#2308);
#1563=LINE('',#9998,#2309);
#1564=LINE('',#10003,#2310);
#1565=LINE('',#10007,#2311);
#1566=LINE('',#10011,#2312);
#1567=LINE('',#10015,#2313);
#1568=LINE('',#10019,#2314);
#1569=LINE('',#10023,#2315);
#1570=LINE('',#10025,#2316);
#1571=LINE('',#10034,#2317);
#1572=LINE('',#10036,#2318);
#1573=LINE('',#10038,#2319);
#1574=LINE('',#10040,#2320);
#1575=LINE('',#10042,#2321);
#1576=LINE('',#10044,#2322);
#1577=LINE('',#10045,#2323);
#1578=LINE('',#10048,#2324);
#1579=LINE('',#10050,#2325);
#1580=LINE('',#10052,#2326);
#1581=LINE('',#10054,#2327);
#1582=LINE('',#10056,#2328);
#1583=LINE('',#10058,#2329);
#1584=LINE('',#10059,#2330);
#1585=LINE('',#10062,#2331);
#1586=LINE('',#10064,#2332);
#1587=LINE('',#10066,#2333);
#1588=LINE('',#10068,#2334);
#1589=LINE('',#10070,#2335);
#1590=LINE('',#10072,#2336);
#1591=LINE('',#10073,#2337);
#1592=LINE('',#10076,#2338);
#1593=LINE('',#10078,#2339);
#1594=LINE('',#10080,#2340);
#1595=LINE('',#10082,#2341);
#1596=LINE('',#10084,#2342);
#1597=LINE('',#10086,#2343);
#1598=LINE('',#10087,#2344);
#1599=LINE('',#10091,#2345);
#1600=LINE('',#10093,#2346);
#1601=LINE('',#10095,#2347);
#1602=LINE('',#10096,#2348);
#1603=LINE('',#10098,#2349);
#1604=LINE('',#10100,#2350);
#1605=LINE('',#10102,#2351);
#1606=LINE('',#10104,#2352);
#1607=LINE('',#10106,#2353);
#1608=LINE('',#10109,#2354);
#1609=LINE('',#10110,#2355);
#1610=LINE('',#10112,#2356);
#1611=LINE('',#10114,#2357);
#1612=LINE('',#10116,#2358);
#1613=LINE('',#10118,#2359);
#1614=LINE('',#10120,#2360);
#1615=LINE('',#10123,#2361);
#1616=LINE('',#10124,#2362);
#1617=LINE('',#10126,#2363);
#1618=LINE('',#10128,#2364);
#1619=LINE('',#10130,#2365);
#1620=LINE('',#10132,#2366);
#1621=LINE('',#10134,#2367);
#1622=LINE('',#10137,#2368);
#1623=LINE('',#10138,#2369);
#1624=LINE('',#10140,#2370);
#1625=LINE('',#10142,#2371);
#1626=LINE('',#10144,#2372);
#1627=LINE('',#10146,#2373);
#1628=LINE('',#10148,#2374);
#1629=LINE('',#10151,#2375);
#1630=LINE('',#10153,#2376);
#1631=LINE('',#10155,#2377);
#1632=LINE('',#10160,#2378);
#1633=LINE('',#10164,#2379);
#1634=LINE('',#10168,#2380);
#1635=LINE('',#10174,#2381);
#1636=LINE('',#10178,#2382);
#1637=LINE('',#10181,#2383);
#1638=LINE('',#10183,#2384);
#1639=LINE('',#10184,#2385);
#1640=LINE('',#10186,#2386);
#1641=LINE('',#10188,#2387);
#1642=LINE('',#10191,#2388);
#1643=LINE('',#10193,#2389);
#1644=LINE('',#10194,#2390);
#1645=LINE('',#10197,#2391);
#1646=LINE('',#10198,#2392);
#1647=LINE('',#10201,#2393);
#1648=LINE('',#10202,#2394);
#1649=LINE('',#10205,#2395);
#1650=LINE('',#10206,#2396);
#1651=LINE('',#10209,#2397);
#1652=LINE('',#10211,#2398);
#1653=LINE('',#10212,#2399);
#1654=LINE('',#10215,#2400);
#1655=LINE('',#10216,#2401);
#1656=LINE('',#10219,#2402);
#1657=LINE('',#10220,#2403);
#1658=LINE('',#10223,#2404);
#1659=LINE('',#10224,#2405);
#1660=LINE('',#10227,#2406);
#1661=LINE('',#10229,#2407);
#1662=LINE('',#10230,#2408);
#1663=LINE('',#10233,#2409);
#1664=LINE('',#10234,#2410);
#1665=LINE('',#10237,#2411);
#1666=LINE('',#10238,#2412);
#1667=LINE('',#10240,#2413);
#1668=LINE('',#10242,#2414);
#1669=LINE('',#10244,#2415);
#1670=LINE('',#10245,#2416);
#1671=LINE('',#10247,#2417);
#1672=LINE('',#10249,#2418);
#1673=LINE('',#10250,#2419);
#1674=LINE('',#10253,#2420);
#1675=LINE('',#10256,#2421);
#1676=LINE('',#10258,#2422);
#1677=LINE('',#10261,#2423);
#1678=LINE('',#10262,#2424);
#1679=LINE('',#10264,#2425);
#1680=LINE('',#10266,#2426);
#1681=LINE('',#10268,#2427);
#1682=LINE('',#10272,#2428);
#1683=LINE('',#10275,#2429);
#1684=LINE('',#10277,#2430);
#1685=LINE('',#10278,#2431);
#1686=LINE('',#10281,#2432);
#1687=LINE('',#10282,#2433);
#1688=LINE('',#10285,#2434);
#1689=LINE('',#10286,#2435);
#1690=LINE('',#10290,#2436);
#1691=LINE('',#10294,#2437);
#1692=LINE('',#10295,#2438);
#1693=LINE('',#10297,#2439);
#1694=LINE('',#10300,#2440);
#1695=LINE('',#10301,#2441);
#1696=LINE('',#10304,#2442);
#1697=LINE('',#10305,#2443);
#1698=LINE('',#10307,#2444);
#1699=LINE('',#10315,#2445);
#1700=LINE('',#10317,#2446);
#1701=LINE('',#10318,#2447);
#1702=LINE('',#10320,#2448);
#1703=LINE('',#10322,#2449);
#1704=LINE('',#10327,#2450);
#1705=LINE('',#10328,#2451);
#1706=LINE('',#10331,#2452);
#1707=LINE('',#10332,#2453);
#1708=LINE('',#10335,#2454);
#1709=LINE('',#10336,#2455);
#1710=LINE('',#10338,#2456);
#1711=LINE('',#10341,#2457);
#1712=LINE('',#10343,#2458);
#1713=LINE('',#10345,#2459);
#1714=LINE('',#10356,#2460);
#1715=LINE('',#10358,#2461);
#1716=LINE('',#10360,#2462);
#1717=LINE('',#10361,#2463);
#1718=LINE('',#10365,#2464);
#1719=LINE('',#10367,#2465);
#1720=LINE('',#10369,#2466);
#1721=LINE('',#10371,#2467);
#1722=LINE('',#10373,#2468);
#1723=LINE('',#10374,#2469);
#1724=LINE('',#10377,#2470);
#1725=LINE('',#10379,#2471);
#1726=LINE('',#10380,#2472);
#1727=LINE('',#10383,#2473);
#1728=LINE('',#10385,#2474);
#1729=LINE('',#10386,#2475);
#1730=LINE('',#10389,#2476);
#1731=LINE('',#10391,#2477);
#1732=LINE('',#10393,#2478);
#1733=LINE('',#10395,#2479);
#1734=LINE('',#10396,#2480);
#1735=LINE('',#10399,#2481);
#1736=LINE('',#10401,#2482);
#1737=LINE('',#10402,#2483);
#1738=LINE('',#10405,#2484);
#1739=LINE('',#10407,#2485);
#1740=LINE('',#10408,#2486);
#1741=LINE('',#10411,#2487);
#1742=LINE('',#10413,#2488);
#1743=LINE('',#10414,#2489);
#1744=LINE('',#10419,#2490);
#1745=LINE('',#10425,#2491);
#1746=LINE('',#10431,#2492);
#1747=LINE('',#10437,#2493);
#1748=LINE('',#10443,#2494);
#1749=LINE('',#10449,#2495);
#1750=LINE('',#10455,#2496);
#1751=LINE('',#10461,#2497);
#1752=LINE('',#10465,#2498);
#1753=LINE('',#10467,#2499);
#1754=LINE('',#10468,#2500);
#1755=LINE('',#10474,#2501);
#1756=LINE('',#10477,#2502);
#1757=LINE('',#10479,#2503);
#1758=LINE('',#10480,#2504);
#1759=LINE('',#10483,#2505);
#1760=LINE('',#10485,#2506);
#1761=LINE('',#10486,#2507);
#1762=LINE('',#10489,#2508);
#1763=LINE('',#10491,#2509);
#1764=LINE('',#10492,#2510);
#1765=LINE('',#10495,#2511);
#1766=LINE('',#10497,#2512);
#1767=LINE('',#10498,#2513);
#1768=LINE('',#10504,#2514);
#1769=LINE('',#10507,#2515);
#1770=LINE('',#10509,#2516);
#1771=LINE('',#10510,#2517);
#1772=LINE('',#10513,#2518);
#1773=LINE('',#10515,#2519);
#1774=LINE('',#10516,#2520);
#1775=LINE('',#10519,#2521);
#1776=LINE('',#10521,#2522);
#1777=LINE('',#10522,#2523);
#1778=LINE('',#10525,#2524);
#1779=LINE('',#10527,#2525);
#1780=LINE('',#10528,#2526);
#1781=LINE('',#10534,#2527);
#1782=LINE('',#10536,#2528);
#1783=LINE('',#10537,#2529);
#1784=LINE('',#10542,#2530);
#1785=LINE('',#10546,#2531);
#1786=LINE('',#10550,#2532);
#1787=LINE('',#10554,#2533);
#1788=LINE('',#10556,#2534);
#1789=LINE('',#10557,#2535);
#1790=LINE('',#10560,#2536);
#1791=LINE('',#10564,#2537);
#1792=LINE('',#10565,#2538);
#1793=LINE('',#10568,#2539);
#1794=LINE('',#10572,#2540);
#1795=LINE('',#10573,#2541);
#1796=LINE('',#10579,#2542);
#1797=LINE('',#10586,#2543);
#1798=LINE('',#10590,#2544);
#1799=LINE('',#10592,#2545);
#1800=LINE('',#10593,#2546);
#1801=LINE('',#10598,#2547);
#1802=LINE('',#10602,#2548);
#1803=LINE('',#10604,#2549);
#1804=LINE('',#10605,#2550);
#1805=LINE('',#10610,#2551);
#1806=LINE('',#10613,#2552);
#1807=LINE('',#10614,#2553);
#1808=LINE('',#10622,#2554);
#1809=LINE('',#10624,#2555);
#1810=LINE('',#10626,#2556);
#1811=LINE('',#10627,#2557);
#1812=LINE('',#10630,#2558);
#1813=LINE('',#10632,#2559);
#1814=LINE('',#10634,#2560);
#1815=LINE('',#10636,#2561);
#1816=LINE('',#10638,#2562);
#1817=LINE('',#10640,#2563);
#1818=LINE('',#10641,#2564);
#1819=LINE('',#10645,#2565);
#1820=LINE('',#10649,#2566);
#1821=LINE('',#10653,#2567);
#1822=LINE('',#10657,#2568);
#1823=LINE('',#10660,#2569);
#1824=LINE('',#10661,#2570);
#1825=LINE('',#10680,#2571);
#1826=LINE('',#10684,#2572);
#1827=LINE('',#10688,#2573);
#1828=LINE('',#10692,#2574);
#1829=LINE('',#10696,#2575);
#1830=LINE('',#10697,#2576);
#1831=LINE('',#10716,#2577);
#1832=LINE('',#10718,#2578);
#1833=LINE('',#10720,#2579);
#1834=LINE('',#10722,#2580);
#1835=LINE('',#10723,#2581);
#1836=LINE('',#10746,#2582);
#1837=LINE('',#10748,#2583);
#1838=LINE('',#10749,#2584);
#1839=LINE('',#10754,#2585);
#1840=LINE('',#10758,#2586);
#1841=LINE('',#10760,#2587);
#1842=LINE('',#10761,#2588);
#1843=LINE('',#10766,#2589);
#1844=LINE('',#10770,#2590);
#1845=LINE('',#10772,#2591);
#1846=LINE('',#10773,#2592);
#1847=LINE('',#10778,#2593);
#1848=LINE('',#10782,#2594);
#1849=LINE('',#10784,#2595);
#1850=LINE('',#10785,#2596);
#1851=LINE('',#10790,#2597);
#1852=LINE('',#10794,#2598);
#1853=LINE('',#10797,#2599);
#1854=LINE('',#10800,#2600);
#1855=LINE('',#10801,#2601);
#1856=LINE('',#10805,#2602);
#1857=LINE('',#10808,#2603);
#1858=LINE('',#10809,#2604);
#1859=LINE('',#10813,#2605);
#1860=LINE('',#10816,#2606);
#1861=LINE('',#10817,#2607);
#1862=LINE('',#10821,#2608);
#1863=LINE('',#10823,#2609);
#1864=LINE('',#10825,#2610);
#1865=LINE('',#10826,#2611);
#1866=LINE('',#10828,#2612);
#1867=LINE('',#10832,#2613);
#1868=LINE('',#10836,#2614);
#1869=LINE('',#10840,#2615);
#1870=LINE('',#10844,#2616);
#1871=LINE('',#10847,#2617);
#1872=LINE('',#10849,#2618);
#1873=LINE('',#10851,#2619);
#1874=LINE('',#10853,#2620);
#1875=LINE('',#10855,#2621);
#1876=LINE('',#10857,#2622);
#1877=LINE('',#10859,#2623);
#1878=LINE('',#10861,#2624);
#1879=LINE('',#10863,#2625);
#1880=LINE('',#10866,#2626);
#1881=LINE('',#10868,#2627);
#1882=LINE('',#10870,#2628);
#1883=LINE('',#10872,#2629);
#1884=LINE('',#10874,#2630);
#1885=LINE('',#10876,#2631);
#1886=LINE('',#10878,#2632);
#1887=LINE('',#10880,#2633);
#1888=LINE('',#10882,#2634);
#1889=LINE('',#10884,#2635);
#1890=LINE('',#10886,#2636);
#1891=LINE('',#10888,#2637);
#1892=VECTOR('',#7201,10.);
#1893=VECTOR('',#7202,10.);
#1894=VECTOR('',#7205,10.);
#1895=VECTOR('',#7206,10.);
#1896=VECTOR('',#7209,10.);
#1897=VECTOR('',#7212,10.);
#1898=VECTOR('',#7215,10.);
#1899=VECTOR('',#7218,10.);
#1900=VECTOR('',#7219,10.);
#1901=VECTOR('',#7220,10.);
#1902=VECTOR('',#7221,10.);
#1903=VECTOR('',#7224,10.);
#1904=VECTOR('',#7225,10.);
#1905=VECTOR('',#7228,10.);
#1906=VECTOR('',#7231,10.);
#1907=VECTOR('',#7234,10.);
#1908=VECTOR('',#7237,10.);
#1909=VECTOR('',#7242,10.);
#1910=VECTOR('',#7243,10.);
#1911=VECTOR('',#7246,10.);
#1912=VECTOR('',#7247,10.);
#1913=VECTOR('',#7248,10.);
#1914=VECTOR('',#7249,10.);
#1915=VECTOR('',#7252,10.);
#1916=VECTOR('',#7253,10.);
#1917=VECTOR('',#7254,10.);
#1918=VECTOR('',#7257,10.);
#1919=VECTOR('',#7258,10.);
#1920=VECTOR('',#7259,10.);
#1921=VECTOR('',#7262,10.);
#1922=VECTOR('',#7263,10.);
#1923=VECTOR('',#7266,10.);
#1924=VECTOR('',#7267,10.);
#1925=VECTOR('',#7268,10.);
#1926=VECTOR('',#7269,10.);
#1927=VECTOR('',#7272,10.);
#1928=VECTOR('',#7273,10.);
#1929=VECTOR('',#7274,10.);
#1930=VECTOR('',#7277,10.);
#1931=VECTOR('',#7278,10.);
#1932=VECTOR('',#7279,10.);
#1933=VECTOR('',#7282,10.);
#1934=VECTOR('',#7283,10.);
#1935=VECTOR('',#7286,10.);
#1936=VECTOR('',#7287,10.);
#1937=VECTOR('',#7288,10.);
#1938=VECTOR('',#7289,10.);
#1939=VECTOR('',#7292,10.);
#1940=VECTOR('',#7293,10.);
#1941=VECTOR('',#7294,10.);
#1942=VECTOR('',#7297,10.);
#1943=VECTOR('',#7298,10.);
#1944=VECTOR('',#7299,10.);
#1945=VECTOR('',#7302,10.);
#1946=VECTOR('',#7303,10.);
#1947=VECTOR('',#7306,10.);
#1948=VECTOR('',#7309,10.);
#1949=VECTOR('',#7312,10.);
#1950=VECTOR('',#7313,10.);
#1951=VECTOR('',#7314,10.);
#1952=VECTOR('',#7315,10.);
#1953=VECTOR('',#7316,10.);
#1954=VECTOR('',#7317,10.);
#1955=VECTOR('',#7318,10.);
#1956=VECTOR('',#7319,10.);
#1957=VECTOR('',#7320,10.);
#1958=VECTOR('',#7321,10.);
#1959=VECTOR('',#7322,10.);
#1960=VECTOR('',#7323,10.);
#1961=VECTOR('',#7324,10.);
#1962=VECTOR('',#7325,10.);
#1963=VECTOR('',#7326,10.);
#1964=VECTOR('',#7327,10.);
#1965=VECTOR('',#7328,10.);
#1966=VECTOR('',#7329,10.);
#1967=VECTOR('',#7330,10.);
#1968=VECTOR('',#7331,10.);
#1969=VECTOR('',#7332,10.);
#1970=VECTOR('',#7333,10.);
#1971=VECTOR('',#7334,10.);
#1972=VECTOR('',#7337,10.);
#1973=VECTOR('',#7338,10.);
#1974=VECTOR('',#7341,10.);
#1975=VECTOR('',#7342,10.);
#1976=VECTOR('',#7345,10.);
#1977=VECTOR('',#7346,10.);
#1978=VECTOR('',#7347,10.);
#1979=VECTOR('',#7348,10.);
#1980=VECTOR('',#7349,10.);
#1981=VECTOR('',#7350,10.);
#1982=VECTOR('',#7353,10.);
#1983=VECTOR('',#7354,10.);
#1984=VECTOR('',#7355,10.);
#1985=VECTOR('',#7356,10.);
#1986=VECTOR('',#7357,10.);
#1987=VECTOR('',#7358,10.);
#1988=VECTOR('',#7359,10.);
#1989=VECTOR('',#7360,10.);
#1990=VECTOR('',#7363,10.);
#1991=VECTOR('',#7364,10.);
#1992=VECTOR('',#7365,10.);
#1993=VECTOR('',#7368,10.);
#1994=VECTOR('',#7369,10.);
#1995=VECTOR('',#7372,10.);
#1996=VECTOR('',#7373,10.);
#1997=VECTOR('',#7376,10.);
#1998=VECTOR('',#7377,10.);
#1999=VECTOR('',#7380,10.);
#2000=VECTOR('',#7381,10.);
#2001=VECTOR('',#7382,10.);
#2002=VECTOR('',#7385,10.);
#2003=VECTOR('',#7386,10.);
#2004=VECTOR('',#7389,10.);
#2005=VECTOR('',#7390,10.);
#2006=VECTOR('',#7393,10.);
#2007=VECTOR('',#7394,10.);
#2008=VECTOR('',#7395,10.);
#2009=VECTOR('',#7398,10.);
#2010=VECTOR('',#7399,10.);
#2011=VECTOR('',#7402,10.);
#2012=VECTOR('',#7403,10.);
#2013=VECTOR('',#7406,10.);
#2014=VECTOR('',#7407,10.);
#2015=VECTOR('',#7408,10.);
#2016=VECTOR('',#7411,10.);
#2017=VECTOR('',#7412,10.);
#2018=VECTOR('',#7413,10.);
#2019=VECTOR('',#7416,10.);
#2020=VECTOR('',#7417,10.);
#2021=VECTOR('',#7418,10.);
#2022=VECTOR('',#7421,10.);
#2023=VECTOR('',#7422,10.);
#2024=VECTOR('',#7423,10.);
#2025=VECTOR('',#7426,10.);
#2026=VECTOR('',#7427,10.);
#2027=VECTOR('',#7430,10.);
#2028=VECTOR('',#7431,10.);
#2029=VECTOR('',#7432,10.);
#2030=VECTOR('',#7435,10.);
#2031=VECTOR('',#7436,10.);
#2032=VECTOR('',#7437,10.);
#2033=VECTOR('',#7440,10.);
#2034=VECTOR('',#7441,10.);
#2035=VECTOR('',#7444,10.);
#2036=VECTOR('',#7445,10.);
#2037=VECTOR('',#7448,10.);
#2038=VECTOR('',#7449,10.);
#2039=VECTOR('',#7450,10.);
#2040=VECTOR('',#7453,10.);
#2041=VECTOR('',#7458,10.);
#2042=VECTOR('',#7461,10.);
#2043=VECTOR('',#7462,10.);
#2044=VECTOR('',#7465,10.);
#2045=VECTOR('',#7466,10.);
#2046=VECTOR('',#7469,10.);
#2047=VECTOR('',#7472,10.);
#2048=VECTOR('',#7473,10.);
#2049=VECTOR('',#7474,10.);
#2050=VECTOR('',#7475,10.);
#2051=VECTOR('',#7478,10.);
#2052=VECTOR('',#7479,10.);
#2053=VECTOR('',#7480,10.);
#2054=VECTOR('',#7481,10.);
#2055=VECTOR('',#7484,10.);
#2056=VECTOR('',#7485,10.);
#2057=VECTOR('',#7486,10.);
#2058=VECTOR('',#7489,10.);
#2059=VECTOR('',#7492,10.);
#2060=VECTOR('',#7495,10.);
#2061=VECTOR('',#7498,10.);
#2062=VECTOR('',#7503,10.);
#2063=VECTOR('',#7504,10.);
#2064=VECTOR('',#7509,10.);
#2065=VECTOR('',#7510,10.);
#2066=VECTOR('',#7511,10.);
#2067=VECTOR('',#7512,10.);
#2068=VECTOR('',#7515,10.);
#2069=VECTOR('',#7516,10.);
#2070=VECTOR('',#7517,10.);
#2071=VECTOR('',#7532,10.);
#2072=VECTOR('',#7535,10.);
#2073=VECTOR('',#7538,10.);
#2074=VECTOR('',#7543,10.);
#2075=VECTOR('',#7546,10.);
#2076=VECTOR('',#7549,10.);
#2077=VECTOR('',#7552,10.);
#2078=VECTOR('',#7555,10.);
#2079=VECTOR('',#7556,10.);
#2080=VECTOR('',#7559,10.);
#2081=VECTOR('',#7560,10.);
#2082=VECTOR('',#7561,10.);
#2083=VECTOR('',#7564,10.);
#2084=VECTOR('',#7567,10.);
#2085=VECTOR('',#7574,10.);
#2086=VECTOR('',#7577,10.);
#2087=VECTOR('',#7582,10.);
#2088=VECTOR('',#7583,10.);
#2089=VECTOR('',#7584,10.);
#2090=VECTOR('',#7587,10.);
#2091=VECTOR('',#7588,10.);
#2092=VECTOR('',#7589,10.);
#2093=VECTOR('',#7594,10.);
#2094=VECTOR('',#7597,10.);
#2095=VECTOR('',#7598,10.);
#2096=VECTOR('',#7603,10.);
#2097=VECTOR('',#7606,10.);
#2098=VECTOR('',#7607,10.);
#2099=VECTOR('',#7610,10.);
#2100=VECTOR('',#7617,10.);
#2101=VECTOR('',#7618,10.);
#2102=VECTOR('',#7627,10.);
#2103=VECTOR('',#7630,10.);
#2104=VECTOR('',#7633,10.);
#2105=VECTOR('',#7638,3.5);
#2106=VECTOR('',#7641,10.);
#2107=VECTOR('',#7642,10.);
#2108=VECTOR('',#7645,10.);
#2109=VECTOR('',#7650,10.);
#2110=VECTOR('',#7653,10.);
#2111=VECTOR('',#7660,10.);
#2112=VECTOR('',#7661,10.);
#2113=VECTOR('',#7662,10.);
#2114=VECTOR('',#7663,10.);
#2115=VECTOR('',#7668,10.);
#2116=VECTOR('',#7669,10.);
#2117=VECTOR('',#7670,10.);
#2118=VECTOR('',#7671,10.);
#2119=VECTOR('',#7672,10.);
#2120=VECTOR('',#7675,10.);
#2121=VECTOR('',#7680,10.);
#2122=VECTOR('',#7683,10.);
#2123=VECTOR('',#7684,10.);
#2124=VECTOR('',#7685,10.);
#2125=VECTOR('',#7686,10.);
#2126=VECTOR('',#7689,10.);
#2127=VECTOR('',#7692,10.);
#2128=VECTOR('',#7695,10.);
#2129=VECTOR('',#7700,10.);
#2130=VECTOR('',#7705,10.);
#2131=VECTOR('',#7710,10.);
#2132=VECTOR('',#7715,10.);
#2133=VECTOR('',#7718,10.);
#2134=VECTOR('',#7721,10.);
#2135=VECTOR('',#7726,10.);
#2136=VECTOR('',#7731,10.);
#2137=VECTOR('',#7736,10.);
#2138=VECTOR('',#7739,10.);
#2139=VECTOR('',#7742,10.);
#2140=VECTOR('',#7747,10.);
#2141=VECTOR('',#7752,10.);
#2142=VECTOR('',#7753,10.);
#2143=VECTOR('',#7754,10.);
#2144=VECTOR('',#7755,10.);
#2145=VECTOR('',#7762,10.);
#2146=VECTOR('',#7765,10.);
#2147=VECTOR('',#7766,10.);
#2148=VECTOR('',#7767,10.);
#2149=VECTOR('',#7774,10.);
#2150=VECTOR('',#7777,10.);
#2151=VECTOR('',#7778,10.);
#2152=VECTOR('',#7779,10.);
#2153=VECTOR('',#7786,10.);
#2154=VECTOR('',#7789,10.);
#2155=VECTOR('',#7790,10.);
#2156=VECTOR('',#7791,10.);
#2157=VECTOR('',#7800,10.);
#2158=VECTOR('',#7801,10.);
#2159=VECTOR('',#7802,10.);
#2160=VECTOR('',#7803,10.);
#2161=VECTOR('',#7806,10.);
#2162=VECTOR('',#7807,10.);
#2163=VECTOR('',#7808,10.);
#2164=VECTOR('',#7811,10.);
#2165=VECTOR('',#7812,10.);
#2166=VECTOR('',#7813,10.);
#2167=VECTOR('',#7820,10.);
#2168=VECTOR('',#7823,10.);
#2169=VECTOR('',#7824,10.);
#2170=VECTOR('',#7825,10.);
#2171=VECTOR('',#7832,10.);
#2172=VECTOR('',#7835,10.);
#2173=VECTOR('',#7836,10.);
#2174=VECTOR('',#7837,10.);
#2175=VECTOR('',#7840,10.);
#2176=VECTOR('',#7841,10.);
#2177=VECTOR('',#7844,10.);
#2178=VECTOR('',#7845,10.);
#2179=VECTOR('',#7846,10.);
#2180=VECTOR('',#7847,10.);
#2181=VECTOR('',#7850,10.);
#2182=VECTOR('',#7851,10.);
#2183=VECTOR('',#7852,10.);
#2184=VECTOR('',#7855,10.);
#2185=VECTOR('',#7856,10.);
#2186=VECTOR('',#7857,10.);
#2187=VECTOR('',#7864,10.);
#2188=VECTOR('',#7867,10.);
#2189=VECTOR('',#7868,10.);
#2190=VECTOR('',#7869,10.);
#2191=VECTOR('',#7876,10.);
#2192=VECTOR('',#7879,10.);
#2193=VECTOR('',#7880,10.);
#2194=VECTOR('',#7881,10.);
#2195=VECTOR('',#7884,10.);
#2196=VECTOR('',#7885,10.);
#2197=VECTOR('',#7888,10.);
#2198=VECTOR('',#7889,10.);
#2199=VECTOR('',#7890,10.);
#2200=VECTOR('',#7891,10.);
#2201=VECTOR('',#7896,10.);
#2202=VECTOR('',#7901,10.);
#2203=VECTOR('',#7902,10.);
#2204=VECTOR('',#7903,10.);
#2205=VECTOR('',#7908,10.);
#2206=VECTOR('',#7913,10.);
#2207=VECTOR('',#7914,10.);
#2208=VECTOR('',#7915,10.);
#2209=VECTOR('',#7920,10.);
#2210=VECTOR('',#7925,10.);
#2211=VECTOR('',#7926,10.);
#2212=VECTOR('',#7927,10.);
#2213=VECTOR('',#7938,10.);
#2214=VECTOR('',#7939,10.);
#2215=VECTOR('',#7940,10.);
#2216=VECTOR('',#7941,10.);
#2217=VECTOR('',#7944,10.);
#2218=VECTOR('',#7947,10.);
#2219=VECTOR('',#7950,10.);
#2220=VECTOR('',#7951,10.);
#2221=VECTOR('',#7952,10.);
#2222=VECTOR('',#7953,10.);
#2223=VECTOR('',#7954,10.);
#2224=VECTOR('',#7955,10.);
#2225=VECTOR('',#7956,10.);
#2226=VECTOR('',#7961,2.);
#2227=VECTOR('',#7966,10.);
#2228=VECTOR('',#7967,10.);
#2229=VECTOR('',#7968,10.);
#2230=VECTOR('',#7969,10.);
#2231=VECTOR('',#7970,10.);
#2232=VECTOR('',#7971,10.);
#2233=VECTOR('',#7972,10.);
#2234=VECTOR('',#7973,10.);
#2235=VECTOR('',#7976,10.);
#2236=VECTOR('',#7977,10.);
#2237=VECTOR('',#7978,10.);
#2238=VECTOR('',#7979,10.);
#2239=VECTOR('',#7980,10.);
#2240=VECTOR('',#7981,10.);
#2241=VECTOR('',#7982,10.);
#2242=VECTOR('',#7983,10.);
#2243=VECTOR('',#7984,10.);
#2244=VECTOR('',#7985,10.);
#2245=VECTOR('',#7986,10.);
#2246=VECTOR('',#7989,10.);
#2247=VECTOR('',#7990,10.);
#2248=VECTOR('',#7991,10.);
#2249=VECTOR('',#7992,10.);
#2250=VECTOR('',#7997,10.);
#2251=VECTOR('',#8000,10.);
#2252=VECTOR('',#8005,10.);
#2253=VECTOR('',#8006,10.);
#2254=VECTOR('',#8007,10.);
#2255=VECTOR('',#8008,10.);
#2256=VECTOR('',#8009,10.);
#2257=VECTOR('',#8010,10.);
#2258=VECTOR('',#8011,10.);
#2259=VECTOR('',#8012,10.);
#2260=VECTOR('',#8013,10.);
#2261=VECTOR('',#8014,10.);
#2262=VECTOR('',#8015,10.);
#2263=VECTOR('',#8016,10.);
#2264=VECTOR('',#8017,10.);
#2265=VECTOR('',#8018,10.);
#2266=VECTOR('',#8019,10.);
#2267=VECTOR('',#8020,10.);
#2268=VECTOR('',#8021,10.);
#2269=VECTOR('',#8022,10.);
#2270=VECTOR('',#8023,10.);
#2271=VECTOR('',#8024,10.);
#2272=VECTOR('',#8025,10.);
#2273=VECTOR('',#8026,10.);
#2274=VECTOR('',#8027,10.);
#2275=VECTOR('',#8028,10.);
#2276=VECTOR('',#8029,10.);
#2277=VECTOR('',#8030,10.);
#2278=VECTOR('',#8031,10.);
#2279=VECTOR('',#8032,10.);
#2280=VECTOR('',#8033,10.);
#2281=VECTOR('',#8034,10.);
#2282=VECTOR('',#8041,10.);
#2283=VECTOR('',#8042,10.);
#2284=VECTOR('',#8043,10.);
#2285=VECTOR('',#8044,10.);
#2286=VECTOR('',#8045,10.);
#2287=VECTOR('',#8046,10.);
#2288=VECTOR('',#8047,10.);
#2289=VECTOR('',#8048,10.);
#2290=VECTOR('',#8049,10.);
#2291=VECTOR('',#8050,10.);
#2292=VECTOR('',#8051,10.);
#2293=VECTOR('',#8052,10.);
#2294=VECTOR('',#8053,10.);
#2295=VECTOR('',#8054,10.);
#2296=VECTOR('',#8055,10.);
#2297=VECTOR('',#8056,10.);
#2298=VECTOR('',#8057,10.);
#2299=VECTOR('',#8058,10.);
#2300=VECTOR('',#8059,10.);
#2301=VECTOR('',#8060,10.);
#2302=VECTOR('',#8061,10.);
#2303=VECTOR('',#8062,10.);
#2304=VECTOR('',#8063,10.);
#2305=VECTOR('',#8064,10.);
#2306=VECTOR('',#8065,10.);
#2307=VECTOR('',#8066,10.);
#2308=VECTOR('',#8067,10.);
#2309=VECTOR('',#8068,10.);
#2310=VECTOR('',#8073,10.);
#2311=VECTOR('',#8076,10.);
#2312=VECTOR('',#8079,10.);
#2313=VECTOR('',#8082,10.);
#2314=VECTOR('',#8085,10.);
#2315=VECTOR('',#8088,10.);
#2316=VECTOR('',#8091,10.);
#2317=VECTOR('',#8098,10.);
#2318=VECTOR('',#8099,10.);
#2319=VECTOR('',#8100,10.);
#2320=VECTOR('',#8101,10.);
#2321=VECTOR('',#8102,10.);
#2322=VECTOR('',#8103,10.);
#2323=VECTOR('',#8104,10.);
#2324=VECTOR('',#8105,10.);
#2325=VECTOR('',#8106,10.);
#2326=VECTOR('',#8107,10.);
#2327=VECTOR('',#8108,10.);
#2328=VECTOR('',#8109,10.);
#2329=VECTOR('',#8110,10.);
#2330=VECTOR('',#8111,10.);
#2331=VECTOR('',#8112,10.);
#2332=VECTOR('',#8113,10.);
#2333=VECTOR('',#8114,10.);
#2334=VECTOR('',#8115,10.);
#2335=VECTOR('',#8116,10.);
#2336=VECTOR('',#8117,10.);
#2337=VECTOR('',#8118,10.);
#2338=VECTOR('',#8119,10.);
#2339=VECTOR('',#8120,10.);
#2340=VECTOR('',#8121,10.);
#2341=VECTOR('',#8122,10.);
#2342=VECTOR('',#8123,10.);
#2343=VECTOR('',#8124,10.);
#2344=VECTOR('',#8125,10.);
#2345=VECTOR('',#8130,10.);
#2346=VECTOR('',#8133,1.7);
#2347=VECTOR('',#8136,10.);
#2348=VECTOR('',#8137,10.);
#2349=VECTOR('',#8140,10.);
#2350=VECTOR('',#8143,10.);
#2351=VECTOR('',#8146,10.);
#2352=VECTOR('',#8149,10.);
#2353=VECTOR('',#8152,10.);
#2354=VECTOR('',#8157,10.);
#2355=VECTOR('',#8158,10.);
#2356=VECTOR('',#8161,10.);
#2357=VECTOR('',#8164,10.);
#2358=VECTOR('',#8167,10.);
#2359=VECTOR('',#8170,10.);
#2360=VECTOR('',#8173,10.);
#2361=VECTOR('',#8178,10.);
#2362=VECTOR('',#8179,10.);
#2363=VECTOR('',#8182,10.);
#2364=VECTOR('',#8185,10.);
#2365=VECTOR('',#8188,10.);
#2366=VECTOR('',#8191,10.);
#2367=VECTOR('',#8194,10.);
#2368=VECTOR('',#8199,10.);
#2369=VECTOR('',#8200,10.);
#2370=VECTOR('',#8203,10.);
#2371=VECTOR('',#8206,10.);
#2372=VECTOR('',#8209,10.);
#2373=VECTOR('',#8212,10.);
#2374=VECTOR('',#8215,10.);
#2375=VECTOR('',#8220,1.7);
#2376=VECTOR('',#8223,1.70000000000001);
#2377=VECTOR('',#8226,1.7);
#2378=VECTOR('',#8231,10.);
#2379=VECTOR('',#8234,10.);
#2380=VECTOR('',#8237,10.);
#2381=VECTOR('',#8244,10.);
#2382=VECTOR('',#8247,10.);
#2383=VECTOR('',#8252,10.);
#2384=VECTOR('',#8255,10.);
#2385=VECTOR('',#8256,10.);
#2386=VECTOR('',#8259,10.);
#2387=VECTOR('',#8262,10.);
#2388=VECTOR('',#8265,10.);
#2389=VECTOR('',#8266,10.);
#2390=VECTOR('',#8267,10.);
#2391=VECTOR('',#8270,10.);
#2392=VECTOR('',#8271,10.);
#2393=VECTOR('',#8274,10.);
#2394=VECTOR('',#8275,10.);
#2395=VECTOR('',#8278,10.);
#2396=VECTOR('',#8279,10.);
#2397=VECTOR('',#8282,10.);
#2398=VECTOR('',#8283,10.);
#2399=VECTOR('',#8284,10.);
#2400=VECTOR('',#8287,10.);
#2401=VECTOR('',#8288,10.);
#2402=VECTOR('',#8291,10.);
#2403=VECTOR('',#8292,10.);
#2404=VECTOR('',#8295,10.);
#2405=VECTOR('',#8296,10.);
#2406=VECTOR('',#8299,10.);
#2407=VECTOR('',#8300,10.);
#2408=VECTOR('',#8301,10.);
#2409=VECTOR('',#8304,10.);
#2410=VECTOR('',#8305,10.);
#2411=VECTOR('',#8308,10.);
#2412=VECTOR('',#8309,10.);
#2413=VECTOR('',#8312,10.);
#2414=VECTOR('',#8313,10.);
#2415=VECTOR('',#8314,10.);
#2416=VECTOR('',#8315,10.);
#2417=VECTOR('',#8316,10.);
#2418=VECTOR('',#8317,10.);
#2419=VECTOR('',#8318,10.);
#2420=VECTOR('',#8321,10.);
#2421=VECTOR('',#8324,10.);
#2422=VECTOR('',#8327,10.);
#2423=VECTOR('',#8330,10.);
#2424=VECTOR('',#8331,10.);
#2425=VECTOR('',#8334,10.);
#2426=VECTOR('',#8337,10.);
#2427=VECTOR('',#8338,10.);
#2428=VECTOR('',#8343,10.);
#2429=VECTOR('',#8346,10.);
#2430=VECTOR('',#8349,10.);
#2431=VECTOR('',#8350,10.);
#2432=VECTOR('',#8353,10.);
#2433=VECTOR('',#8354,10.);
#2434=VECTOR('',#8357,10.);
#2435=VECTOR('',#8358,10.);
#2436=VECTOR('',#8361,10.);
#2437=VECTOR('',#8368,10.);
#2438=VECTOR('',#8369,10.);
#2439=VECTOR('',#8372,10.);
#2440=VECTOR('',#8375,10.);
#2441=VECTOR('',#8376,10.);
#2442=VECTOR('',#8379,10.);
#2443=VECTOR('',#8380,10.);
#2444=VECTOR('',#8383,10.);
#2445=VECTOR('',#8396,10.);
#2446=VECTOR('',#8397,10.);
#2447=VECTOR('',#8398,10.);
#2448=VECTOR('',#8401,10.);
#2449=VECTOR('',#8404,10.);
#2450=VECTOR('',#8411,10.);
#2451=VECTOR('',#8412,10.);
#2452=VECTOR('',#8415,10.);
#2453=VECTOR('',#8416,10.);
#2454=VECTOR('',#8419,10.);
#2455=VECTOR('',#8420,10.);
#2456=VECTOR('',#8423,10.);
#2457=VECTOR('',#8428,10.);
#2458=VECTOR('',#8431,10.);
#2459=VECTOR('',#8434,10.);
#2460=VECTOR('',#8451,10.);
#2461=VECTOR('',#8452,10.);
#2462=VECTOR('',#8453,10.);
#2463=VECTOR('',#8454,10.);
#2464=VECTOR('',#8457,10.);
#2465=VECTOR('',#8458,10.);
#2466=VECTOR('',#8459,10.);
#2467=VECTOR('',#8460,10.);
#2468=VECTOR('',#8461,10.);
#2469=VECTOR('',#8462,10.);
#2470=VECTOR('',#8465,10.);
#2471=VECTOR('',#8466,10.);
#2472=VECTOR('',#8467,10.);
#2473=VECTOR('',#8470,10.);
#2474=VECTOR('',#8471,10.);
#2475=VECTOR('',#8472,10.);
#2476=VECTOR('',#8475,10.);
#2477=VECTOR('',#8476,10.);
#2478=VECTOR('',#8477,10.);
#2479=VECTOR('',#8478,10.);
#2480=VECTOR('',#8479,10.);
#2481=VECTOR('',#8482,10.);
#2482=VECTOR('',#8483,10.);
#2483=VECTOR('',#8484,10.);
#2484=VECTOR('',#8487,10.);
#2485=VECTOR('',#8488,10.);
#2486=VECTOR('',#8489,10.);
#2487=VECTOR('',#8492,10.);
#2488=VECTOR('',#8493,10.);
#2489=VECTOR('',#8494,10.);
#2490=VECTOR('',#8499,1.99999999999999);
#2491=VECTOR('',#8506,1.99999999999999);
#2492=VECTOR('',#8513,1.99999999999999);
#2493=VECTOR('',#8520,1.99999999999999);
#2494=VECTOR('',#8527,1.7);
#2495=VECTOR('',#8534,1.7);
#2496=VECTOR('',#8541,1.7);
#2497=VECTOR('',#8548,1.7);
#2498=VECTOR('',#8553,10.);
#2499=VECTOR('',#8554,10.);
#2500=VECTOR('',#8555,10.);
#2501=VECTOR('',#8562,10.);
#2502=VECTOR('',#8565,10.);
#2503=VECTOR('',#8566,10.);
#2504=VECTOR('',#8567,10.);
#2505=VECTOR('',#8570,10.);
#2506=VECTOR('',#8571,10.);
#2507=VECTOR('',#8572,10.);
#2508=VECTOR('',#8575,10.);
#2509=VECTOR('',#8576,10.);
#2510=VECTOR('',#8577,10.);
#2511=VECTOR('',#8580,10.);
#2512=VECTOR('',#8581,10.);
#2513=VECTOR('',#8582,10.);
#2514=VECTOR('',#8589,10.);
#2515=VECTOR('',#8592,10.);
#2516=VECTOR('',#8593,10.);
#2517=VECTOR('',#8594,10.);
#2518=VECTOR('',#8597,10.);
#2519=VECTOR('',#8598,10.);
#2520=VECTOR('',#8599,10.);
#2521=VECTOR('',#8602,10.);
#2522=VECTOR('',#8603,10.);
#2523=VECTOR('',#8604,10.);
#2524=VECTOR('',#8607,10.);
#2525=VECTOR('',#8608,10.);
#2526=VECTOR('',#8609,10.);
#2527=VECTOR('',#8616,10.);
#2528=VECTOR('',#8619,10.);
#2529=VECTOR('',#8620,10.);
#2530=VECTOR('',#8625,10.);
#2531=VECTOR('',#8628,10.);
#2532=VECTOR('',#8631,10.);
#2533=VECTOR('',#8636,10.);
#2534=VECTOR('',#8637,10.);
#2535=VECTOR('',#8638,10.);
#2536=VECTOR('',#8641,10.);
#2537=VECTOR('',#8646,10.);
#2538=VECTOR('',#8647,10.);
#2539=VECTOR('',#8650,10.);
#2540=VECTOR('',#8655,10.);
#2541=VECTOR('',#8656,10.);
#2542=VECTOR('',#8663,10.);
#2543=VECTOR('',#8672,10.);
#2544=VECTOR('',#8677,10.);
#2545=VECTOR('',#8678,10.);
#2546=VECTOR('',#8679,10.);
#2547=VECTOR('',#8684,10.);
#2548=VECTOR('',#8689,10.);
#2549=VECTOR('',#8690,10.);
#2550=VECTOR('',#8691,10.);
#2551=VECTOR('',#8696,10.);
#2552=VECTOR('',#8701,10.);
#2553=VECTOR('',#8702,10.);
#2554=VECTOR('',#8713,10.);
#2555=VECTOR('',#8714,10.);
#2556=VECTOR('',#8715,10.);
#2557=VECTOR('',#8716,10.);
#2558=VECTOR('',#8719,10.);
#2559=VECTOR('',#8720,10.);
#2560=VECTOR('',#8721,10.);
#2561=VECTOR('',#8722,10.);
#2562=VECTOR('',#8723,10.);
#2563=VECTOR('',#8724,10.);
#2564=VECTOR('',#8725,10.);
#2565=VECTOR('',#8728,10.);
#2566=VECTOR('',#8731,10.);
#2567=VECTOR('',#8734,10.);
#2568=VECTOR('',#8737,10.);
#2569=VECTOR('',#8740,10.);
#2570=VECTOR('',#8741,10.);
#2571=VECTOR('',#8760,10.);
#2572=VECTOR('',#8763,10.);
#2573=VECTOR('',#8766,10.);
#2574=VECTOR('',#8769,10.);
#2575=VECTOR('',#8772,10.);
#2576=VECTOR('',#8773,10.);
#2577=VECTOR('',#8792,10.);
#2578=VECTOR('',#8793,10.);
#2579=VECTOR('',#8794,10.);
#2580=VECTOR('',#8795,10.);
#2581=VECTOR('',#8796,10.);
#2582=VECTOR('',#8823,10.);
#2583=VECTOR('',#8824,10.);
#2584=VECTOR('',#8825,10.);
#2585=VECTOR('',#8830,10.);
#2586=VECTOR('',#8835,10.);
#2587=VECTOR('',#8836,10.);
#2588=VECTOR('',#8837,10.);
#2589=VECTOR('',#8842,10.);
#2590=VECTOR('',#8847,10.);
#2591=VECTOR('',#8848,10.);
#2592=VECTOR('',#8849,10.);
#2593=VECTOR('',#8854,10.);
#2594=VECTOR('',#8859,10.);
#2595=VECTOR('',#8860,10.);
#2596=VECTOR('',#8861,10.);
#2597=VECTOR('',#8866,10.);
#2598=VECTOR('',#8871,10.);
#2599=VECTOR('',#8874,10.);
#2600=VECTOR('',#8877,10.);
#2601=VECTOR('',#8878,10.);
#2602=VECTOR('',#8883,10.);
#2603=VECTOR('',#8886,10.);
#2604=VECTOR('',#8887,10.);
#2605=VECTOR('',#8892,10.);
#2606=VECTOR('',#8895,10.);
#2607=VECTOR('',#8896,10.);
#2608=VECTOR('',#8901,10.);
#2609=VECTOR('',#8904,10.);
#2610=VECTOR('',#8907,10.);
#2611=VECTOR('',#8908,10.);
#2612=VECTOR('',#8911,10.);
#2613=VECTOR('',#8916,10.);
#2614=VECTOR('',#8919,10.);
#2615=VECTOR('',#8922,10.);
#2616=VECTOR('',#8925,10.);
#2617=VECTOR('',#8928,10.);
#2618=VECTOR('',#8931,10.);
#2619=VECTOR('',#8934,10.);
#2620=VECTOR('',#8937,10.);
#2621=VECTOR('',#8940,10.);
#2622=VECTOR('',#8943,10.);
#2623=VECTOR('',#8946,10.);
#2624=VECTOR('',#8949,10.);
#2625=VECTOR('',#8952,10.);
#2626=VECTOR('',#8957,3.00000000000001);
#2627=VECTOR('',#8960,3.00000000000001);
#2628=VECTOR('',#8963,2.99999999999999);
#2629=VECTOR('',#8966,3.00000000000001);
#2630=VECTOR('',#8969,1.7);
#2631=VECTOR('',#8972,1.7);
#2632=VECTOR('',#8975,1.7);
#2633=VECTOR('',#8978,1.7);
#2634=VECTOR('',#8981,1.7);
#2635=VECTOR('',#8984,1.7);
#2636=VECTOR('',#8987,1.7);
#2637=VECTOR('',#8990,1.7);
#2638=VERTEX_POINT('',#8993);
#2639=VERTEX_POINT('',#8994);
#2640=VERTEX_POINT('',#8996);
#2641=VERTEX_POINT('',#8998);
#2642=VERTEX_POINT('',#9000);
#2643=VERTEX_POINT('',#9004);
#2644=VERTEX_POINT('',#9006);
#2645=VERTEX_POINT('',#9008);
#2646=VERTEX_POINT('',#9010);
#2647=VERTEX_POINT('',#9014);
#2648=VERTEX_POINT('',#9016);
#2649=VERTEX_POINT('',#9018);
#2650=VERTEX_POINT('',#9022);
#2651=VERTEX_POINT('',#9026);
#2652=VERTEX_POINT('',#9027);
#2653=VERTEX_POINT('',#9032);
#2654=VERTEX_POINT('',#9034);
#2655=VERTEX_POINT('',#9036);
#2656=VERTEX_POINT('',#9040);
#2657=VERTEX_POINT('',#9044);
#2658=VERTEX_POINT('',#9045);
#2659=VERTEX_POINT('',#9047);
#2660=VERTEX_POINT('',#9049);
#2661=VERTEX_POINT('',#9053);
#2662=VERTEX_POINT('',#9055);
#2663=VERTEX_POINT('',#9059);
#2664=VERTEX_POINT('',#9061);
#2665=VERTEX_POINT('',#9068);
#2666=VERTEX_POINT('',#9069);
#2667=VERTEX_POINT('',#9071);
#2668=VERTEX_POINT('',#9073);
#2669=VERTEX_POINT('',#9077);
#2670=VERTEX_POINT('',#9079);
#2671=VERTEX_POINT('',#9083);
#2672=VERTEX_POINT('',#9085);
#2673=VERTEX_POINT('',#9092);
#2674=VERTEX_POINT('',#9093);
#2675=VERTEX_POINT('',#9095);
#2676=VERTEX_POINT('',#9097);
#2677=VERTEX_POINT('',#9101);
#2678=VERTEX_POINT('',#9103);
#2679=VERTEX_POINT('',#9107);
#2680=VERTEX_POINT('',#9109);
#2681=VERTEX_POINT('',#9116);
#2682=VERTEX_POINT('',#9118);
#2683=VERTEX_POINT('',#9120);
#2684=VERTEX_POINT('',#9122);
#2685=VERTEX_POINT('',#9125);
#2686=VERTEX_POINT('',#9126);
#2687=VERTEX_POINT('',#9128);
#2688=VERTEX_POINT('',#9130);
#2689=VERTEX_POINT('',#9132);
#2690=VERTEX_POINT('',#9134);
#2691=VERTEX_POINT('',#9136);
#2692=VERTEX_POINT('',#9139);
#2693=VERTEX_POINT('',#9140);
#2694=VERTEX_POINT('',#9142);
#2695=VERTEX_POINT('',#9144);
#2696=VERTEX_POINT('',#9146);
#2697=VERTEX_POINT('',#9148);
#2698=VERTEX_POINT('',#9150);
#2699=VERTEX_POINT('',#9153);
#2700=VERTEX_POINT('',#9154);
#2701=VERTEX_POINT('',#9156);
#2702=VERTEX_POINT('',#9158);
#2703=VERTEX_POINT('',#9160);
#2704=VERTEX_POINT('',#9162);
#2705=VERTEX_POINT('',#9164);
#2706=VERTEX_POINT('',#9167);
#2707=VERTEX_POINT('',#9168);
#2708=VERTEX_POINT('',#9170);
#2709=VERTEX_POINT('',#9173);
#2710=VERTEX_POINT('',#9174);
#2711=VERTEX_POINT('',#9176);
#2712=VERTEX_POINT('',#9179);
#2713=VERTEX_POINT('',#9180);
#2714=VERTEX_POINT('',#9182);
#2715=VERTEX_POINT('',#9185);
#2716=VERTEX_POINT('',#9186);
#2717=VERTEX_POINT('',#9188);
#2718=VERTEX_POINT('',#9190);
#2719=VERTEX_POINT('',#9193);
#2720=VERTEX_POINT('',#9194);
#2721=VERTEX_POINT('',#9196);
#2722=VERTEX_POINT('',#9199);
#2723=VERTEX_POINT('',#9200);
#2724=VERTEX_POINT('',#9202);
#2725=VERTEX_POINT('',#9204);
#2726=VERTEX_POINT('',#9206);
#2727=VERTEX_POINT('',#9208);
#2728=VERTEX_POINT('',#9210);
#2729=VERTEX_POINT('',#9214);
#2730=VERTEX_POINT('',#9216);
#2731=VERTEX_POINT('',#9220);
#2732=VERTEX_POINT('',#9224);
#2733=VERTEX_POINT('',#9228);
#2734=VERTEX_POINT('',#9232);
#2735=VERTEX_POINT('',#9234);
#2736=VERTEX_POINT('',#9238);
#2737=VERTEX_POINT('',#9242);
#2738=VERTEX_POINT('',#9246);
#2739=VERTEX_POINT('',#9248);
#2740=VERTEX_POINT('',#9252);
#2741=VERTEX_POINT('',#9256);
#2742=VERTEX_POINT('',#9260);
#2743=VERTEX_POINT('',#9262);
#2744=VERTEX_POINT('',#9266);
#2745=VERTEX_POINT('',#9268);
#2746=VERTEX_POINT('',#9272);
#2747=VERTEX_POINT('',#9274);
#2748=VERTEX_POINT('',#9278);
#2749=VERTEX_POINT('',#9280);
#2750=VERTEX_POINT('',#9284);
#2751=VERTEX_POINT('',#9288);
#2752=VERTEX_POINT('',#9290);
#2753=VERTEX_POINT('',#9294);
#2754=VERTEX_POINT('',#9296);
#2755=VERTEX_POINT('',#9300);
#2756=VERTEX_POINT('',#9304);
#2757=VERTEX_POINT('',#9308);
#2758=VERTEX_POINT('',#9310);
#2759=VERTEX_POINT('',#9314);
#2760=VERTEX_POINT('',#9320);
#2761=VERTEX_POINT('',#9324);
#2762=VERTEX_POINT('',#9330);
#2763=VERTEX_POINT('',#9331);
#2764=VERTEX_POINT('',#9333);
#2765=VERTEX_POINT('',#9335);
#2766=VERTEX_POINT('',#9339);
#2767=VERTEX_POINT('',#9340);
#2768=VERTEX_POINT('',#9342);
#2769=VERTEX_POINT('',#9344);
#2770=VERTEX_POINT('',#9348);
#2771=VERTEX_POINT('',#9351);
#2772=VERTEX_POINT('',#9355);
#2773=VERTEX_POINT('',#9357);
#2774=VERTEX_POINT('',#9359);
#2775=VERTEX_POINT('',#9361);
#2776=VERTEX_POINT('',#9363);
#2777=VERTEX_POINT('',#9365);
#2778=VERTEX_POINT('',#9373);
#2779=VERTEX_POINT('',#9374);
#2780=VERTEX_POINT('',#9376);
#2781=VERTEX_POINT('',#9378);
#2782=VERTEX_POINT('',#9382);
#2783=VERTEX_POINT('',#9384);
#2784=VERTEX_POINT('',#9388);
#2785=VERTEX_POINT('',#9390);
#2786=VERTEX_POINT('',#9395);
#2787=VERTEX_POINT('',#9397);
#2788=VERTEX_POINT('',#9399);
#2789=VERTEX_POINT('',#9401);
#2790=VERTEX_POINT('',#9403);
#2791=VERTEX_POINT('',#9407);
#2792=VERTEX_POINT('',#9409);
#2793=VERTEX_POINT('',#9411);
#2794=VERTEX_POINT('',#9413);
#2795=VERTEX_POINT('',#9415);
#2796=VERTEX_POINT('',#9417);
#2797=VERTEX_POINT('',#9419);
#2798=VERTEX_POINT('',#9421);
#2799=VERTEX_POINT('',#9423);
#2800=VERTEX_POINT('',#9426);
#2801=VERTEX_POINT('',#9429);
#2802=VERTEX_POINT('',#9432);
#2803=VERTEX_POINT('',#9435);
#2804=VERTEX_POINT('',#9438);
#2805=VERTEX_POINT('',#9442);
#2806=VERTEX_POINT('',#9446);
#2807=VERTEX_POINT('',#9450);
#2808=VERTEX_POINT('',#9452);
#2809=VERTEX_POINT('',#9456);
#2810=VERTEX_POINT('',#9458);
#2811=VERTEX_POINT('',#9462);
#2812=VERTEX_POINT('',#9466);
#2813=VERTEX_POINT('',#9470);
#2814=VERTEX_POINT('',#9474);
#2815=VERTEX_POINT('',#9478);
#2816=VERTEX_POINT('',#9483);
#2817=VERTEX_POINT('',#9490);
#2818=VERTEX_POINT('',#9492);
#2819=VERTEX_POINT('',#9494);
#2820=VERTEX_POINT('',#9496);
#2821=VERTEX_POINT('',#9500);
#2822=VERTEX_POINT('',#9504);
#2823=VERTEX_POINT('',#9508);
#2824=VERTEX_POINT('',#9512);
#2825=VERTEX_POINT('',#9514);
#2826=VERTEX_POINT('',#9520);
#2827=VERTEX_POINT('',#9521);
#2828=VERTEX_POINT('',#9523);
#2829=VERTEX_POINT('',#9530);
#2830=VERTEX_POINT('',#9531);
#2831=VERTEX_POINT('',#9533);
#2832=VERTEX_POINT('',#9538);
#2833=VERTEX_POINT('',#9544);
#2834=VERTEX_POINT('',#9545);
#2835=VERTEX_POINT('',#9547);
#2836=VERTEX_POINT('',#9591);
#2837=VERTEX_POINT('',#9592);
#2838=VERTEX_POINT('',#9594);
#2839=VERTEX_POINT('',#9596);
#2840=VERTEX_POINT('',#9600);
#2841=VERTEX_POINT('',#9602);
#2842=VERTEX_POINT('',#9606);
#2843=VERTEX_POINT('',#9608);
#2844=VERTEX_POINT('',#9612);
#2845=VERTEX_POINT('',#9614);
#2846=VERTEX_POINT('',#9618);
#2847=VERTEX_POINT('',#9620);
#2848=VERTEX_POINT('',#9624);
#2849=VERTEX_POINT('',#9626);
#2850=VERTEX_POINT('',#9630);
#2851=VERTEX_POINT('',#9632);
#2852=VERTEX_POINT('',#9639);
#2853=VERTEX_POINT('',#9640);
#2854=VERTEX_POINT('',#9642);
#2855=VERTEX_POINT('',#9644);
#2856=VERTEX_POINT('',#9648);
#2857=VERTEX_POINT('',#9650);
#2858=VERTEX_POINT('',#9654);
#2859=VERTEX_POINT('',#9656);
#2860=VERTEX_POINT('',#9660);
#2861=VERTEX_POINT('',#9662);
#2862=VERTEX_POINT('',#9666);
#2863=VERTEX_POINT('',#9668);
#2864=VERTEX_POINT('',#9672);
#2865=VERTEX_POINT('',#9674);
#2866=VERTEX_POINT('',#9678);
#2867=VERTEX_POINT('',#9680);
#2868=VERTEX_POINT('',#9687);
#2869=VERTEX_POINT('',#9688);
#2870=VERTEX_POINT('',#9690);
#2871=VERTEX_POINT('',#9692);
#2872=VERTEX_POINT('',#9696);
#2873=VERTEX_POINT('',#9698);
#2874=VERTEX_POINT('',#9702);
#2875=VERTEX_POINT('',#9704);
#2876=VERTEX_POINT('',#9708);
#2877=VERTEX_POINT('',#9710);
#2878=VERTEX_POINT('',#9714);
#2879=VERTEX_POINT('',#9716);
#2880=VERTEX_POINT('',#9720);
#2881=VERTEX_POINT('',#9722);
#2882=VERTEX_POINT('',#9726);
#2883=VERTEX_POINT('',#9728);
#2884=VERTEX_POINT('',#9735);
#2885=VERTEX_POINT('',#9736);
#2886=VERTEX_POINT('',#9738);
#2887=VERTEX_POINT('',#9740);
#2888=VERTEX_POINT('',#9744);
#2889=VERTEX_POINT('',#9746);
#2890=VERTEX_POINT('',#9750);
#2891=VERTEX_POINT('',#9752);
#2892=VERTEX_POINT('',#9756);
#2893=VERTEX_POINT('',#9758);
#2894=VERTEX_POINT('',#9762);
#2895=VERTEX_POINT('',#9764);
#2896=VERTEX_POINT('',#9768);
#2897=VERTEX_POINT('',#9770);
#2898=VERTEX_POINT('',#9774);
#2899=VERTEX_POINT('',#9776);
#2900=VERTEX_POINT('',#9784);
#2901=VERTEX_POINT('',#9785);
#2902=VERTEX_POINT('',#9787);
#2903=VERTEX_POINT('',#9789);
#2904=VERTEX_POINT('',#9793);
#2905=VERTEX_POINT('',#9794);
#2906=VERTEX_POINT('',#9796);
#2907=VERTEX_POINT('',#9798);
#2908=VERTEX_POINT('',#9801);
#2909=VERTEX_POINT('',#9802);
#2910=VERTEX_POINT('',#9804);
#2911=VERTEX_POINT('',#9806);
#2912=VERTEX_POINT('',#9808);
#2913=VERTEX_POINT('',#9810);
#2914=VERTEX_POINT('',#9812);
#2915=VERTEX_POINT('',#9816);
#2916=VERTEX_POINT('',#9818);
#2917=VERTEX_POINT('',#9822);
#2918=VERTEX_POINT('',#9823);
#2919=VERTEX_POINT('',#9825);
#2920=VERTEX_POINT('',#9827);
#2921=VERTEX_POINT('',#9829);
#2922=VERTEX_POINT('',#9831);
#2923=VERTEX_POINT('',#9833);
#2924=VERTEX_POINT('',#9835);
#2925=VERTEX_POINT('',#9839);
#2926=VERTEX_POINT('',#9840);
#2927=VERTEX_POINT('',#9842);
#2928=VERTEX_POINT('',#9844);
#2929=VERTEX_POINT('',#9846);
#2930=VERTEX_POINT('',#9848);
#2931=VERTEX_POINT('',#9850);
#2932=VERTEX_POINT('',#9853);
#2933=VERTEX_POINT('',#9855);
#2934=VERTEX_POINT('',#9857);
#2935=VERTEX_POINT('',#9862);
#2936=VERTEX_POINT('',#9864);
#2937=VERTEX_POINT('',#9868);
#2938=VERTEX_POINT('',#9870);
#2939=VERTEX_POINT('',#9872);
#2940=VERTEX_POINT('',#9874);
#2941=VERTEX_POINT('',#9878);
#2942=VERTEX_POINT('',#9881);
#2943=VERTEX_POINT('',#9882);
#2944=VERTEX_POINT('',#9884);
#2945=VERTEX_POINT('',#9886);
#2946=VERTEX_POINT('',#9888);
#2947=VERTEX_POINT('',#9890);
#2948=VERTEX_POINT('',#9892);
#2949=VERTEX_POINT('',#9895);
#2950=VERTEX_POINT('',#9896);
#2951=VERTEX_POINT('',#9898);
#2952=VERTEX_POINT('',#9900);
#2953=VERTEX_POINT('',#9902);
#2954=VERTEX_POINT('',#9904);
#2955=VERTEX_POINT('',#9906);
#2956=VERTEX_POINT('',#9909);
#2957=VERTEX_POINT('',#9910);
#2958=VERTEX_POINT('',#9912);
#2959=VERTEX_POINT('',#9914);
#2960=VERTEX_POINT('',#9916);
#2961=VERTEX_POINT('',#9918);
#2962=VERTEX_POINT('',#9920);
#2963=VERTEX_POINT('',#9923);
#2964=VERTEX_POINT('',#9924);
#2965=VERTEX_POINT('',#9926);
#2966=VERTEX_POINT('',#9928);
#2967=VERTEX_POINT('',#9930);
#2968=VERTEX_POINT('',#9932);
#2969=VERTEX_POINT('',#9934);
#2970=VERTEX_POINT('',#9937);
#2971=VERTEX_POINT('',#9939);
#2972=VERTEX_POINT('',#9941);
#2973=VERTEX_POINT('',#9943);
#2974=VERTEX_POINT('',#9944);
#2975=VERTEX_POINT('',#9946);
#2976=VERTEX_POINT('',#9948);
#2977=VERTEX_POINT('',#9950);
#2978=VERTEX_POINT('',#9952);
#2979=VERTEX_POINT('',#9954);
#2980=VERTEX_POINT('',#9957);
#2981=VERTEX_POINT('',#9958);
#2982=VERTEX_POINT('',#9960);
#2983=VERTEX_POINT('',#9962);
#2984=VERTEX_POINT('',#9964);
#2985=VERTEX_POINT('',#9966);
#2986=VERTEX_POINT('',#9968);
#2987=VERTEX_POINT('',#9971);
#2988=VERTEX_POINT('',#9972);
#2989=VERTEX_POINT('',#9974);
#2990=VERTEX_POINT('',#9976);
#2991=VERTEX_POINT('',#9978);
#2992=VERTEX_POINT('',#9980);
#2993=VERTEX_POINT('',#9982);
#2994=VERTEX_POINT('',#9985);
#2995=VERTEX_POINT('',#9986);
#2996=VERTEX_POINT('',#9988);
#2997=VERTEX_POINT('',#9990);
#2998=VERTEX_POINT('',#9992);
#2999=VERTEX_POINT('',#9994);
#3000=VERTEX_POINT('',#9996);
#3001=VERTEX_POINT('',#9999);
#3002=VERTEX_POINT('',#10002);
#3003=VERTEX_POINT('',#10004);
#3004=VERTEX_POINT('',#10006);
#3005=VERTEX_POINT('',#10008);
#3006=VERTEX_POINT('',#10010);
#3007=VERTEX_POINT('',#10012);
#3008=VERTEX_POINT('',#10014);
#3009=VERTEX_POINT('',#10016);
#3010=VERTEX_POINT('',#10018);
#3011=VERTEX_POINT('',#10020);
#3012=VERTEX_POINT('',#10022);
#3013=VERTEX_POINT('',#10026);
#3014=VERTEX_POINT('',#10028);
#3015=VERTEX_POINT('',#10030);
#3016=VERTEX_POINT('',#10032);
#3017=VERTEX_POINT('',#10033);
#3018=VERTEX_POINT('',#10035);
#3019=VERTEX_POINT('',#10037);
#3020=VERTEX_POINT('',#10039);
#3021=VERTEX_POINT('',#10041);
#3022=VERTEX_POINT('',#10043);
#3023=VERTEX_POINT('',#10046);
#3024=VERTEX_POINT('',#10047);
#3025=VERTEX_POINT('',#10049);
#3026=VERTEX_POINT('',#10051);
#3027=VERTEX_POINT('',#10053);
#3028=VERTEX_POINT('',#10055);
#3029=VERTEX_POINT('',#10057);
#3030=VERTEX_POINT('',#10060);
#3031=VERTEX_POINT('',#10061);
#3032=VERTEX_POINT('',#10063);
#3033=VERTEX_POINT('',#10065);
#3034=VERTEX_POINT('',#10067);
#3035=VERTEX_POINT('',#10069);
#3036=VERTEX_POINT('',#10071);
#3037=VERTEX_POINT('',#10074);
#3038=VERTEX_POINT('',#10075);
#3039=VERTEX_POINT('',#10077);
#3040=VERTEX_POINT('',#10079);
#3041=VERTEX_POINT('',#10081);
#3042=VERTEX_POINT('',#10083);
#3043=VERTEX_POINT('',#10085);
#3044=VERTEX_POINT('',#10088);
#3045=VERTEX_POINT('',#10157);
#3046=VERTEX_POINT('',#10159);
#3047=VERTEX_POINT('',#10161);
#3048=VERTEX_POINT('',#10163);
#3049=VERTEX_POINT('',#10165);
#3050=VERTEX_POINT('',#10167);
#3051=VERTEX_POINT('',#10171);
#3052=VERTEX_POINT('',#10173);
#3053=VERTEX_POINT('',#10175);
#3054=VERTEX_POINT('',#10177);
#3055=VERTEX_POINT('',#10190);
#3056=VERTEX_POINT('',#10192);
#3057=VERTEX_POINT('',#10196);
#3058=VERTEX_POINT('',#10200);
#3059=VERTEX_POINT('',#10204);
#3060=VERTEX_POINT('',#10208);
#3061=VERTEX_POINT('',#10210);
#3062=VERTEX_POINT('',#10214);
#3063=VERTEX_POINT('',#10218);
#3064=VERTEX_POINT('',#10222);
#3065=VERTEX_POINT('',#10226);
#3066=VERTEX_POINT('',#10228);
#3067=VERTEX_POINT('',#10232);
#3068=VERTEX_POINT('',#10236);
#3069=VERTEX_POINT('',#10241);
#3070=VERTEX_POINT('',#10243);
#3071=VERTEX_POINT('',#10246);
#3072=VERTEX_POINT('',#10248);
#3073=VERTEX_POINT('',#10252);
#3074=VERTEX_POINT('',#10254);
#3075=VERTEX_POINT('',#10260);
#3076=VERTEX_POINT('',#10267);
#3077=VERTEX_POINT('',#10271);
#3078=VERTEX_POINT('',#10273);
#3079=VERTEX_POINT('',#10280);
#3080=VERTEX_POINT('',#10284);
#3081=VERTEX_POINT('',#10288);
#3082=VERTEX_POINT('',#10289);
#3083=VERTEX_POINT('',#10299);
#3084=VERTEX_POINT('',#10303);
#3085=VERTEX_POINT('',#10314);
#3086=VERTEX_POINT('',#10316);
#3087=VERTEX_POINT('',#10326);
#3088=VERTEX_POINT('',#10330);
#3089=VERTEX_POINT('',#10334);
#3090=VERTEX_POINT('',#10354);
#3091=VERTEX_POINT('',#10355);
#3092=VERTEX_POINT('',#10357);
#3093=VERTEX_POINT('',#10359);
#3094=VERTEX_POINT('',#10363);
#3095=VERTEX_POINT('',#10364);
#3096=VERTEX_POINT('',#10366);
#3097=VERTEX_POINT('',#10368);
#3098=VERTEX_POINT('',#10370);
#3099=VERTEX_POINT('',#10372);
#3100=VERTEX_POINT('',#10376);
#3101=VERTEX_POINT('',#10378);
#3102=VERTEX_POINT('',#10382);
#3103=VERTEX_POINT('',#10384);
#3104=VERTEX_POINT('',#10388);
#3105=VERTEX_POINT('',#10390);
#3106=VERTEX_POINT('',#10392);
#3107=VERTEX_POINT('',#10394);
#3108=VERTEX_POINT('',#10398);
#3109=VERTEX_POINT('',#10400);
#3110=VERTEX_POINT('',#10404);
#3111=VERTEX_POINT('',#10406);
#3112=VERTEX_POINT('',#10410);
#3113=VERTEX_POINT('',#10412);
#3114=VERTEX_POINT('',#10416);
#3115=VERTEX_POINT('',#10418);
#3116=VERTEX_POINT('',#10422);
#3117=VERTEX_POINT('',#10424);
#3118=VERTEX_POINT('',#10428);
#3119=VERTEX_POINT('',#10430);
#3120=VERTEX_POINT('',#10434);
#3121=VERTEX_POINT('',#10436);
#3122=VERTEX_POINT('',#10440);
#3123=VERTEX_POINT('',#10442);
#3124=VERTEX_POINT('',#10446);
#3125=VERTEX_POINT('',#10448);
#3126=VERTEX_POINT('',#10452);
#3127=VERTEX_POINT('',#10454);
#3128=VERTEX_POINT('',#10458);
#3129=VERTEX_POINT('',#10460);
#3130=VERTEX_POINT('',#10464);
#3131=VERTEX_POINT('',#10466);
#3132=VERTEX_POINT('',#10470);
#3133=VERTEX_POINT('',#10472);
#3134=VERTEX_POINT('',#10476);
#3135=VERTEX_POINT('',#10478);
#3136=VERTEX_POINT('',#10482);
#3137=VERTEX_POINT('',#10484);
#3138=VERTEX_POINT('',#10488);
#3139=VERTEX_POINT('',#10490);
#3140=VERTEX_POINT('',#10494);
#3141=VERTEX_POINT('',#10496);
#3142=VERTEX_POINT('',#10500);
#3143=VERTEX_POINT('',#10502);
#3144=VERTEX_POINT('',#10506);
#3145=VERTEX_POINT('',#10508);
#3146=VERTEX_POINT('',#10512);
#3147=VERTEX_POINT('',#10514);
#3148=VERTEX_POINT('',#10518);
#3149=VERTEX_POINT('',#10520);
#3150=VERTEX_POINT('',#10524);
#3151=VERTEX_POINT('',#10526);
#3152=VERTEX_POINT('',#10530);
#3153=VERTEX_POINT('',#10532);
#3154=VERTEX_POINT('',#10539);
#3155=VERTEX_POINT('',#10541);
#3156=VERTEX_POINT('',#10543);
#3157=VERTEX_POINT('',#10545);
#3158=VERTEX_POINT('',#10547);
#3159=VERTEX_POINT('',#10549);
#3160=VERTEX_POINT('',#10553);
#3161=VERTEX_POINT('',#10555);
#3162=VERTEX_POINT('',#10559);
#3163=VERTEX_POINT('',#10563);
#3164=VERTEX_POINT('',#10567);
#3165=VERTEX_POINT('',#10571);
#3166=VERTEX_POINT('',#10577);
#3167=VERTEX_POINT('',#10578);
#3168=VERTEX_POINT('',#10583);
#3169=VERTEX_POINT('',#10585);
#3170=VERTEX_POINT('',#10589);
#3171=VERTEX_POINT('',#10591);
#3172=VERTEX_POINT('',#10595);
#3173=VERTEX_POINT('',#10597);
#3174=VERTEX_POINT('',#10601);
#3175=VERTEX_POINT('',#10603);
#3176=VERTEX_POINT('',#10607);
#3177=VERTEX_POINT('',#10609);
#3178=VERTEX_POINT('',#10620);
#3179=VERTEX_POINT('',#10621);
#3180=VERTEX_POINT('',#10623);
#3181=VERTEX_POINT('',#10625);
#3182=VERTEX_POINT('',#10629);
#3183=VERTEX_POINT('',#10631);
#3184=VERTEX_POINT('',#10633);
#3185=VERTEX_POINT('',#10635);
#3186=VERTEX_POINT('',#10637);
#3187=VERTEX_POINT('',#10639);
#3188=VERTEX_POINT('',#10643);
#3189=VERTEX_POINT('',#10644);
#3190=VERTEX_POINT('',#10646);
#3191=VERTEX_POINT('',#10648);
#3192=VERTEX_POINT('',#10650);
#3193=VERTEX_POINT('',#10652);
#3194=VERTEX_POINT('',#10654);
#3195=VERTEX_POINT('',#10656);
#3196=VERTEX_POINT('',#10658);
#3197=VERTEX_POINT('',#10662);
#3198=VERTEX_POINT('',#10664);
#3199=VERTEX_POINT('',#10666);
#3200=VERTEX_POINT('',#10668);
#3201=VERTEX_POINT('',#10670);
#3202=VERTEX_POINT('',#10672);
#3203=VERTEX_POINT('',#10674);
#3204=VERTEX_POINT('',#10676);
#3205=VERTEX_POINT('',#10679);
#3206=VERTEX_POINT('',#10681);
#3207=VERTEX_POINT('',#10683);
#3208=VERTEX_POINT('',#10685);
#3209=VERTEX_POINT('',#10687);
#3210=VERTEX_POINT('',#10689);
#3211=VERTEX_POINT('',#10691);
#3212=VERTEX_POINT('',#10693);
#3213=VERTEX_POINT('',#10695);
#3214=VERTEX_POINT('',#10698);
#3215=VERTEX_POINT('',#10700);
#3216=VERTEX_POINT('',#10702);
#3217=VERTEX_POINT('',#10704);
#3218=VERTEX_POINT('',#10706);
#3219=VERTEX_POINT('',#10708);
#3220=VERTEX_POINT('',#10710);
#3221=VERTEX_POINT('',#10712);
#3222=VERTEX_POINT('',#10715);
#3223=VERTEX_POINT('',#10717);
#3224=VERTEX_POINT('',#10719);
#3225=VERTEX_POINT('',#10721);
#3226=VERTEX_POINT('',#10725);
#3227=VERTEX_POINT('',#10727);
#3228=VERTEX_POINT('',#10730);
#3229=VERTEX_POINT('',#10732);
#3230=VERTEX_POINT('',#10735);
#3231=VERTEX_POINT('',#10737);
#3232=VERTEX_POINT('',#10740);
#3233=VERTEX_POINT('',#10742);
#3234=VERTEX_POINT('',#10745);
#3235=VERTEX_POINT('',#10747);
#3236=VERTEX_POINT('',#10751);
#3237=VERTEX_POINT('',#10753);
#3238=VERTEX_POINT('',#10757);
#3239=VERTEX_POINT('',#10759);
#3240=VERTEX_POINT('',#10763);
#3241=VERTEX_POINT('',#10765);
#3242=VERTEX_POINT('',#10769);
#3243=VERTEX_POINT('',#10771);
#3244=VERTEX_POINT('',#10775);
#3245=VERTEX_POINT('',#10777);
#3246=VERTEX_POINT('',#10781);
#3247=VERTEX_POINT('',#10783);
#3248=VERTEX_POINT('',#10787);
#3249=VERTEX_POINT('',#10789);
#3250=VERTEX_POINT('',#10793);
#3251=VERTEX_POINT('',#10795);
#3252=VERTEX_POINT('',#10799);
#3253=VERTEX_POINT('',#10803);
#3254=VERTEX_POINT('',#10807);
#3255=VERTEX_POINT('',#10811);
#3256=VERTEX_POINT('',#10815);
#3257=VERTEX_POINT('',#10819);
#3258=VERTEX_POINT('',#10831);
#3259=VERTEX_POINT('',#10833);
#3260=VERTEX_POINT('',#10835);
#3261=VERTEX_POINT('',#10837);
#3262=VERTEX_POINT('',#10839);
#3263=VERTEX_POINT('',#10841);
#3264=VERTEX_POINT('',#10843);
#3265=VERTEX_POINT('',#10845);
#3266=EDGE_CURVE('',#2638,#2639,#1146,.T.);
#3267=EDGE_CURVE('',#2640,#2638,#1147,.T.);
#3268=EDGE_CURVE('',#2641,#2640,#949,.T.);
#3269=EDGE_CURVE('',#2642,#2641,#1148,.T.);
#3270=EDGE_CURVE('',#2639,#2642,#1149,.T.);
#3271=EDGE_CURVE('',#2643,#2640,#1150,.T.);
#3272=EDGE_CURVE('',#2643,#2644,#950,.T.);
#3273=EDGE_CURVE('',#2644,#2645,#1151,.T.);
#3274=EDGE_CURVE('',#2646,#2645,#951,.T.);
#3275=EDGE_CURVE('',#2646,#2641,#1152,.T.);
#3276=EDGE_CURVE('',#2638,#2647,#1153,.T.);
#3277=EDGE_CURVE('',#2647,#2648,#1154,.T.);
#3278=EDGE_CURVE('',#2649,#2648,#1155,.T.);
#3279=EDGE_CURVE('',#2649,#2643,#1156,.T.);
#3280=EDGE_CURVE('',#2650,#2639,#1157,.T.);
#3281=EDGE_CURVE('',#2650,#2647,#1158,.T.);
#3282=EDGE_CURVE('',#2651,#2652,#1159,.T.);
#3283=EDGE_CURVE('',#2648,#2651,#952,.T.);
#3284=EDGE_CURVE('',#2652,#2650,#1160,.T.);
#3285=EDGE_CURVE('',#2653,#2651,#1161,.T.);
#3286=EDGE_CURVE('',#2654,#2653,#953,.T.);
#3287=EDGE_CURVE('',#2655,#2654,#1162,.T.);
#3288=EDGE_CURVE('',#2655,#2649,#954,.T.);
#3289=EDGE_CURVE('',#2656,#2652,#1163,.T.);
#3290=EDGE_CURVE('',#2653,#2656,#1164,.T.);
#3291=EDGE_CURVE('',#2657,#2658,#1165,.T.);
#3292=EDGE_CURVE('',#2659,#2657,#1166,.T.);
#3293=EDGE_CURVE('',#2660,#2659,#1167,.T.);
#3294=EDGE_CURVE('',#2660,#2658,#1168,.T.);
#3295=EDGE_CURVE('',#2658,#2661,#1169,.T.);
#3296=EDGE_CURVE('',#2662,#2660,#1170,.T.);
#3297=EDGE_CURVE('',#2662,#2661,#1171,.T.);
#3298=EDGE_CURVE('',#2661,#2663,#1172,.T.);
#3299=EDGE_CURVE('',#2664,#2662,#1173,.T.);
#3300=EDGE_CURVE('',#2664,#2663,#1174,.T.);
#3301=EDGE_CURVE('',#2663,#2657,#1175,.T.);
#3302=EDGE_CURVE('',#2659,#2664,#1176,.T.);
#3303=EDGE_CURVE('',#2665,#2666,#1177,.T.);
#3304=EDGE_CURVE('',#2667,#2665,#1178,.T.);
#3305=EDGE_CURVE('',#2668,#2667,#1179,.T.);
#3306=EDGE_CURVE('',#2668,#2666,#1180,.T.);
#3307=EDGE_CURVE('',#2666,#2669,#1181,.T.);
#3308=EDGE_CURVE('',#2670,#2668,#1182,.T.);
#3309=EDGE_CURVE('',#2670,#2669,#1183,.T.);
#3310=EDGE_CURVE('',#2669,#2671,#1184,.T.);
#3311=EDGE_CURVE('',#2672,#2670,#1185,.T.);
#3312=EDGE_CURVE('',#2672,#2671,#1186,.T.);
#3313=EDGE_CURVE('',#2671,#2665,#1187,.T.);
#3314=EDGE_CURVE('',#2667,#2672,#1188,.T.);
#3315=EDGE_CURVE('',#2673,#2674,#1189,.T.);
#3316=EDGE_CURVE('',#2675,#2673,#1190,.T.);
#3317=EDGE_CURVE('',#2676,#2675,#1191,.T.);
#3318=EDGE_CURVE('',#2676,#2674,#1192,.T.);
#3319=EDGE_CURVE('',#2674,#2677,#1193,.T.);
#3320=EDGE_CURVE('',#2678,#2676,#1194,.T.);
#3321=EDGE_CURVE('',#2678,#2677,#1195,.T.);
#3322=EDGE_CURVE('',#2677,#2679,#1196,.T.);
#3323=EDGE_CURVE('',#2680,#2678,#1197,.T.);
#3324=EDGE_CURVE('',#2680,#2679,#1198,.T.);
#3325=EDGE_CURVE('',#2679,#2673,#1199,.T.);
#3326=EDGE_CURVE('',#2675,#2680,#1200,.T.);
#3327=EDGE_CURVE('',#2681,#2655,#1201,.T.);
#3328=EDGE_CURVE('',#2682,#2681,#955,.T.);
#3329=EDGE_CURVE('',#2683,#2682,#1202,.T.);
#3330=EDGE_CURVE('',#2684,#2683,#956,.T.);
#3331=EDGE_CURVE('',#2644,#2684,#1203,.T.);
#3332=EDGE_CURVE('',#2685,#2686,#1204,.T.);
#3333=EDGE_CURVE('',#2687,#2685,#1205,.T.);
#3334=EDGE_CURVE('',#2688,#2687,#1206,.T.);
#3335=EDGE_CURVE('',#2689,#2688,#1207,.T.);
#3336=EDGE_CURVE('',#2690,#2689,#1208,.T.);
#3337=EDGE_CURVE('',#2691,#2690,#1209,.T.);
#3338=EDGE_CURVE('',#2686,#2691,#1210,.T.);
#3339=EDGE_CURVE('',#2692,#2693,#1211,.T.);
#3340=EDGE_CURVE('',#2694,#2692,#1212,.T.);
#3341=EDGE_CURVE('',#2695,#2694,#1213,.T.);
#3342=EDGE_CURVE('',#2696,#2695,#1214,.T.);
#3343=EDGE_CURVE('',#2697,#2696,#1215,.T.);
#3344=EDGE_CURVE('',#2698,#2697,#1216,.T.);
#3345=EDGE_CURVE('',#2693,#2698,#1217,.T.);
#3346=EDGE_CURVE('',#2699,#2700,#1218,.T.);
#3347=EDGE_CURVE('',#2701,#2699,#1219,.T.);
#3348=EDGE_CURVE('',#2702,#2701,#1220,.T.);
#3349=EDGE_CURVE('',#2703,#2702,#1221,.T.);
#3350=EDGE_CURVE('',#2704,#2703,#1222,.T.);
#3351=EDGE_CURVE('',#2705,#2704,#1223,.T.);
#3352=EDGE_CURVE('',#2700,#2705,#1224,.T.);
#3353=EDGE_CURVE('',#2706,#2707,#1225,.T.);
#3354=EDGE_CURVE('',#2708,#2706,#957,.T.);
#3355=EDGE_CURVE('',#2707,#2708,#1226,.T.);
#3356=EDGE_CURVE('',#2709,#2710,#1227,.T.);
#3357=EDGE_CURVE('',#2711,#2709,#958,.T.);
#3358=EDGE_CURVE('',#2710,#2711,#1228,.T.);
#3359=EDGE_CURVE('',#2712,#2713,#1229,.T.);
#3360=EDGE_CURVE('',#2714,#2712,#959,.T.);
#3361=EDGE_CURVE('',#2713,#2714,#1230,.T.);
#3362=EDGE_CURVE('',#2715,#2716,#1231,.T.);
#3363=EDGE_CURVE('',#2717,#2715,#1232,.T.);
#3364=EDGE_CURVE('',#2718,#2717,#1233,.T.);
#3365=EDGE_CURVE('',#2716,#2718,#1234,.T.);
#3366=EDGE_CURVE('',#2719,#2720,#1235,.T.);
#3367=EDGE_CURVE('',#2721,#2719,#960,.T.);
#3368=EDGE_CURVE('',#2720,#2721,#1236,.T.);
#3369=EDGE_CURVE('',#2722,#2723,#1237,.T.);
#3370=EDGE_CURVE('',#2724,#2722,#1238,.T.);
#3371=EDGE_CURVE('',#2725,#2724,#1239,.T.);
#3372=EDGE_CURVE('',#2726,#2725,#1240,.T.);
#3373=EDGE_CURVE('',#2727,#2726,#1241,.T.);
#3374=EDGE_CURVE('',#2728,#2727,#1242,.T.);
#3375=EDGE_CURVE('',#2723,#2728,#1243,.T.);
#3376=EDGE_CURVE('',#2688,#2729,#1244,.T.);
#3377=EDGE_CURVE('',#2730,#2729,#1245,.T.);
#3378=EDGE_CURVE('',#2689,#2730,#1246,.T.);
#3379=EDGE_CURVE('',#2687,#2731,#1247,.T.);
#3380=EDGE_CURVE('',#2729,#2731,#1248,.T.);
#3381=EDGE_CURVE('',#2685,#2732,#1249,.T.);
#3382=EDGE_CURVE('',#2731,#2732,#1250,.T.);
#3383=EDGE_CURVE('',#2686,#2733,#1251,.T.);
#3384=EDGE_CURVE('',#2732,#2733,#1252,.T.);
#3385=EDGE_CURVE('',#2696,#2734,#1253,.T.);
#3386=EDGE_CURVE('',#2735,#2734,#1254,.T.);
#3387=EDGE_CURVE('',#2697,#2735,#1255,.T.);
#3388=EDGE_CURVE('',#2695,#2736,#1256,.T.);
#3389=EDGE_CURVE('',#2734,#2736,#1257,.T.);
#3390=EDGE_CURVE('',#2694,#2737,#1258,.T.);
#3391=EDGE_CURVE('',#2736,#2737,#1259,.T.);
#3392=EDGE_CURVE('',#2703,#2738,#1260,.T.);
#3393=EDGE_CURVE('',#2739,#2738,#1261,.T.);
#3394=EDGE_CURVE('',#2704,#2739,#1262,.T.);
#3395=EDGE_CURVE('',#2702,#2740,#1263,.T.);
#3396=EDGE_CURVE('',#2738,#2740,#1264,.T.);
#3397=EDGE_CURVE('',#2701,#2741,#1265,.T.);
#3398=EDGE_CURVE('',#2740,#2741,#1266,.T.);
#3399=EDGE_CURVE('',#2708,#2742,#1267,.T.);
#3400=EDGE_CURVE('',#2743,#2742,#1268,.T.);
#3401=EDGE_CURVE('',#2707,#2743,#1269,.T.);
#3402=EDGE_CURVE('',#2711,#2744,#1270,.T.);
#3403=EDGE_CURVE('',#2745,#2744,#1271,.T.);
#3404=EDGE_CURVE('',#2710,#2745,#1272,.T.);
#3405=EDGE_CURVE('',#2714,#2746,#1273,.T.);
#3406=EDGE_CURVE('',#2747,#2746,#1274,.T.);
#3407=EDGE_CURVE('',#2713,#2747,#1275,.T.);
#3408=EDGE_CURVE('',#2718,#2748,#1276,.T.);
#3409=EDGE_CURVE('',#2749,#2748,#1277,.T.);
#3410=EDGE_CURVE('',#2716,#2749,#1278,.T.);
#3411=EDGE_CURVE('',#2717,#2750,#1279,.T.);
#3412=EDGE_CURVE('',#2748,#2750,#1280,.T.);
#3413=EDGE_CURVE('',#2721,#2751,#1281,.T.);
#3414=EDGE_CURVE('',#2752,#2751,#1282,.T.);
#3415=EDGE_CURVE('',#2720,#2752,#1283,.T.);
#3416=EDGE_CURVE('',#2726,#2753,#1284,.T.);
#3417=EDGE_CURVE('',#2754,#2753,#1285,.T.);
#3418=EDGE_CURVE('',#2727,#2754,#1286,.T.);
#3419=EDGE_CURVE('',#2725,#2755,#1287,.T.);
#3420=EDGE_CURVE('',#2753,#2755,#1288,.T.);
#3421=EDGE_CURVE('',#2724,#2756,#1289,.T.);
#3422=EDGE_CURVE('',#2755,#2756,#1290,.T.);
#3423=EDGE_CURVE('',#2682,#2757,#1291,.T.);
#3424=EDGE_CURVE('',#2758,#2757,#1292,.T.);
#3425=EDGE_CURVE('',#2683,#2758,#1293,.T.);
#3426=EDGE_CURVE('',#2681,#2759,#1294,.T.);
#3427=EDGE_CURVE('',#2757,#2759,#961,.T.);
#3428=EDGE_CURVE('',#2759,#2654,#1295,.T.);
#3429=EDGE_CURVE('',#2691,#2760,#1296,.T.);
#3430=EDGE_CURVE('',#2733,#2760,#1297,.T.);
#3431=EDGE_CURVE('',#2690,#2761,#1298,.T.);
#3432=EDGE_CURVE('',#2760,#2761,#1299,.T.);
#3433=EDGE_CURVE('',#2761,#2730,#1300,.T.);
#3434=EDGE_CURVE('',#2762,#2763,#1301,.T.);
#3435=EDGE_CURVE('',#2764,#2762,#1302,.T.);
#3436=EDGE_CURVE('',#2765,#2764,#1303,.T.);
#3437=EDGE_CURVE('',#2763,#2765,#1304,.T.);
#3438=EDGE_CURVE('',#2766,#2767,#1305,.T.);
#3439=EDGE_CURVE('',#2768,#2766,#1306,.T.);
#3440=EDGE_CURVE('',#2768,#2769,#1307,.T.);
#3441=EDGE_CURVE('',#2769,#2767,#1308,.T.);
#3442=EDGE_CURVE('',#2766,#2770,#1309,.T.);
#3443=EDGE_CURVE('',#2770,#2646,#1310,.T.);
#3444=EDGE_CURVE('',#2645,#2771,#1311,.T.);
#3445=EDGE_CURVE('',#2771,#2758,#962,.T.);
#3446=EDGE_CURVE('',#2656,#2763,#1312,.T.);
#3447=EDGE_CURVE('',#2765,#2772,#963,.T.);
#3448=EDGE_CURVE('',#2772,#2773,#1313,.T.);
#3449=EDGE_CURVE('',#2773,#2774,#964,.T.);
#3450=EDGE_CURVE('',#2774,#2775,#1314,.T.);
#3451=EDGE_CURVE('',#2775,#2776,#965,.T.);
#3452=EDGE_CURVE('',#2776,#2777,#1315,.T.);
#3453=EDGE_CURVE('',#2777,#2768,#966,.T.);
#3454=EDGE_CURVE('',#2642,#2770,#1316,.T.);
#3455=EDGE_CURVE('',#2767,#2762,#1317,.T.);
#3456=EDGE_CURVE('',#2778,#2779,#1318,.T.);
#3457=EDGE_CURVE('',#2780,#2778,#1319,.T.);
#3458=EDGE_CURVE('',#2781,#2780,#1320,.T.);
#3459=EDGE_CURVE('',#2779,#2781,#1321,.T.);
#3460=EDGE_CURVE('',#2774,#2782,#1322,.T.);
#3461=EDGE_CURVE('',#2783,#2782,#1323,.T.);
#3462=EDGE_CURVE('',#2775,#2783,#1324,.T.);
#3463=EDGE_CURVE('',#2784,#2783,#967,.T.);
#3464=EDGE_CURVE('',#2782,#2785,#968,.T.);
#3465=EDGE_CURVE('',#2781,#2785,#969,.T.);
#3466=EDGE_CURVE('',#2784,#2780,#970,.T.);
#3467=EDGE_CURVE('',#2786,#2778,#971,.T.);
#3468=EDGE_CURVE('',#2786,#2787,#1325,.T.);
#3469=EDGE_CURVE('',#2787,#2788,#972,.T.);
#3470=EDGE_CURVE('',#2788,#2789,#1326,.T.);
#3471=EDGE_CURVE('',#2790,#2789,#973,.T.);
#3472=EDGE_CURVE('',#2784,#2790,#1327,.T.);
#3473=EDGE_CURVE('',#2779,#2791,#974,.T.);
#3474=EDGE_CURVE('',#2791,#2792,#1328,.T.);
#3475=EDGE_CURVE('',#2792,#2793,#975,.T.);
#3476=EDGE_CURVE('',#2793,#2794,#1329,.T.);
#3477=EDGE_CURVE('',#2794,#2795,#976,.T.);
#3478=EDGE_CURVE('',#2795,#2796,#1330,.T.);
#3479=EDGE_CURVE('',#2796,#2797,#977,.T.);
#3480=EDGE_CURVE('',#2797,#2798,#1331,.T.);
#3481=EDGE_CURVE('',#2798,#2799,#978,.T.);
#3482=EDGE_CURVE('',#2799,#2786,#1332,.T.);
#3483=EDGE_CURVE('',#2800,#2752,#1333,.T.);
#3484=EDGE_CURVE('',#2751,#2800,#979,.T.);
#3485=EDGE_CURVE('',#2801,#2749,#1334,.T.);
#3486=EDGE_CURVE('',#2750,#2801,#1335,.T.);
#3487=EDGE_CURVE('',#2802,#2747,#1336,.T.);
#3488=EDGE_CURVE('',#2746,#2802,#980,.T.);
#3489=EDGE_CURVE('',#2803,#2745,#1337,.T.);
#3490=EDGE_CURVE('',#2744,#2803,#981,.T.);
#3491=EDGE_CURVE('',#2804,#2743,#1338,.T.);
#3492=EDGE_CURVE('',#2742,#2804,#982,.T.);
#3493=EDGE_CURVE('',#2805,#2764,#983,.T.);
#3494=EDGE_CURVE('',#2772,#2805,#1339,.T.);
#3495=EDGE_CURVE('',#2777,#2806,#1340,.T.);
#3496=EDGE_CURVE('',#2769,#2806,#984,.T.);
#3497=EDGE_CURVE('',#2776,#2807,#1341,.T.);
#3498=EDGE_CURVE('',#2808,#2807,#1342,.T.);
#3499=EDGE_CURVE('',#2806,#2808,#1343,.T.);
#3500=EDGE_CURVE('',#2809,#2793,#1344,.T.);
#3501=EDGE_CURVE('',#2810,#2809,#1345,.T.);
#3502=EDGE_CURVE('',#2794,#2810,#1346,.T.);
#3503=EDGE_CURVE('',#2811,#2810,#985,.T.);
#3504=EDGE_CURVE('',#2795,#2811,#1347,.T.);
#3505=EDGE_CURVE('',#2812,#2811,#1348,.T.);
#3506=EDGE_CURVE('',#2796,#2812,#1349,.T.);
#3507=EDGE_CURVE('',#2813,#2812,#986,.T.);
#3508=EDGE_CURVE('',#2797,#2813,#1350,.T.);
#3509=EDGE_CURVE('',#2814,#2813,#1351,.T.);
#3510=EDGE_CURVE('',#2798,#2814,#1352,.T.);
#3511=EDGE_CURVE('',#2815,#2805,#1353,.T.);
#3512=EDGE_CURVE('',#2814,#2808,#987,.T.);
#3513=EDGE_CURVE('',#2815,#2809,#988,.T.);
#3514=EDGE_CURVE('',#2816,#2799,#1354,.T.);
#3515=EDGE_CURVE('',#2787,#2816,#1355,.T.);
#3516=EDGE_CURVE('',#2807,#2788,#989,.T.);
#3517=EDGE_CURVE('',#2808,#2816,#990,.T.);
#3518=EDGE_CURVE('',#2792,#2817,#1356,.T.);
#3519=EDGE_CURVE('',#2817,#2818,#991,.T.);
#3520=EDGE_CURVE('',#2818,#2819,#1357,.T.);
#3521=EDGE_CURVE('',#2820,#2819,#992,.T.);
#3522=EDGE_CURVE('',#2815,#2820,#1358,.T.);
#3523=EDGE_CURVE('',#2821,#2821,#993,.T.);
#3524=EDGE_CURVE('',#2821,#2816,#1359,.T.);
#3525=EDGE_CURVE('',#2822,#2791,#1360,.T.);
#3526=EDGE_CURVE('',#2817,#2822,#1361,.T.);
#3527=EDGE_CURVE('',#2823,#2818,#1362,.T.);
#3528=EDGE_CURVE('',#2823,#2822,#994,.T.);
#3529=EDGE_CURVE('',#2785,#2824,#1363,.T.);
#3530=EDGE_CURVE('',#2825,#2824,#995,.T.);
#3531=EDGE_CURVE('',#2823,#2825,#1364,.T.);
#3532=EDGE_CURVE('',#2789,#2790,#996,.T.);
#3533=EDGE_CURVE('',#2826,#2827,#1365,.T.);
#3534=EDGE_CURVE('',#2827,#2828,#1366,.T.);
#3535=EDGE_CURVE('',#2828,#2735,#1367,.T.);
#3536=EDGE_CURVE('',#2737,#2826,#1368,.T.);
#3537=EDGE_CURVE('',#2819,#2820,#1369,.T.);
#3538=EDGE_CURVE('',#2829,#2830,#1370,.T.);
#3539=EDGE_CURVE('',#2830,#2831,#1371,.T.);
#3540=EDGE_CURVE('',#2831,#2739,#1372,.T.);
#3541=EDGE_CURVE('',#2741,#2829,#1373,.T.);
#3542=EDGE_CURVE('',#2773,#2832,#1374,.T.);
#3543=EDGE_CURVE('',#2824,#2832,#997,.T.);
#3544=EDGE_CURVE('',#2832,#2825,#1375,.T.);
#3545=EDGE_CURVE('',#2833,#2834,#1376,.T.);
#3546=EDGE_CURVE('',#2834,#2835,#1377,.T.);
#3547=EDGE_CURVE('',#2835,#2754,#1378,.T.);
#3548=EDGE_CURVE('',#2756,#2833,#1379,.T.);
#3549=EDGE_CURVE('',#2722,#2833,#1380,.T.);
#3550=EDGE_CURVE('',#2728,#2835,#1381,.T.);
#3551=EDGE_CURVE('',#2723,#2834,#1382,.T.);
#3552=EDGE_CURVE('',#2719,#2800,#1383,.T.);
#3553=EDGE_CURVE('',#2715,#2801,#1384,.T.);
#3554=EDGE_CURVE('',#2712,#2802,#1385,.T.);
#3555=EDGE_CURVE('',#2692,#2826,#1386,.T.);
#3556=EDGE_CURVE('',#2698,#2828,#1387,.T.);
#3557=EDGE_CURVE('',#2693,#2827,#1388,.T.);
#3558=EDGE_CURVE('',#2709,#2803,#1389,.T.);
#3559=EDGE_CURVE('',#2706,#2804,#1390,.T.);
#3560=EDGE_CURVE('',#2699,#2829,#1391,.T.);
#3561=EDGE_CURVE('',#2705,#2831,#1392,.T.);
#3562=EDGE_CURVE('',#2700,#2830,#1393,.T.);
#3563=EDGE_CURVE('',#2684,#2771,#1394,.T.);
#3564=EDGE_CURVE('',#2836,#2837,#1395,.T.);
#3565=EDGE_CURVE('',#2838,#2836,#1396,.T.);
#3566=EDGE_CURVE('',#2838,#2839,#1397,.T.);
#3567=EDGE_CURVE('',#2839,#2837,#1398,.T.);
#3568=EDGE_CURVE('',#2837,#2840,#998,.T.);
#3569=EDGE_CURVE('',#2839,#2841,#999,.T.);
#3570=EDGE_CURVE('',#2841,#2840,#1399,.T.);
#3571=EDGE_CURVE('',#2840,#2842,#1400,.T.);
#3572=EDGE_CURVE('',#2841,#2843,#1401,.T.);
#3573=EDGE_CURVE('',#2843,#2842,#1402,.T.);
#3574=EDGE_CURVE('',#2842,#2844,#1000,.T.);
#3575=EDGE_CURVE('',#2843,#2845,#1001,.T.);
#3576=EDGE_CURVE('',#2845,#2844,#1403,.T.);
#3577=EDGE_CURVE('',#2844,#2846,#1404,.T.);
#3578=EDGE_CURVE('',#2845,#2847,#1405,.T.);
#3579=EDGE_CURVE('',#2847,#2846,#1406,.T.);
#3580=EDGE_CURVE('',#2846,#2848,#1002,.T.);
#3581=EDGE_CURVE('',#2847,#2849,#1003,.T.);
#3582=EDGE_CURVE('',#2849,#2848,#1407,.T.);
#3583=EDGE_CURVE('',#2848,#2850,#1408,.T.);
#3584=EDGE_CURVE('',#2849,#2851,#1409,.T.);
#3585=EDGE_CURVE('',#2851,#2850,#1410,.T.);
#3586=EDGE_CURVE('',#2850,#2836,#1004,.T.);
#3587=EDGE_CURVE('',#2851,#2838,#1005,.T.);
#3588=EDGE_CURVE('',#2852,#2853,#1411,.T.);
#3589=EDGE_CURVE('',#2854,#2852,#1412,.T.);
#3590=EDGE_CURVE('',#2854,#2855,#1413,.T.);
#3591=EDGE_CURVE('',#2855,#2853,#1414,.T.);
#3592=EDGE_CURVE('',#2853,#2856,#1415,.T.);
#3593=EDGE_CURVE('',#2855,#2857,#1416,.T.);
#3594=EDGE_CURVE('',#2857,#2856,#1417,.T.);
#3595=EDGE_CURVE('',#2856,#2858,#1418,.T.);
#3596=EDGE_CURVE('',#2857,#2859,#1419,.T.);
#3597=EDGE_CURVE('',#2859,#2858,#1420,.T.);
#3598=EDGE_CURVE('',#2858,#2860,#1006,.T.);
#3599=EDGE_CURVE('',#2859,#2861,#1007,.T.);
#3600=EDGE_CURVE('',#2861,#2860,#1421,.T.);
#3601=EDGE_CURVE('',#2860,#2862,#1422,.T.);
#3602=EDGE_CURVE('',#2861,#2863,#1423,.T.);
#3603=EDGE_CURVE('',#2863,#2862,#1424,.T.);
#3604=EDGE_CURVE('',#2862,#2864,#1008,.T.);
#3605=EDGE_CURVE('',#2863,#2865,#1009,.T.);
#3606=EDGE_CURVE('',#2865,#2864,#1425,.T.);
#3607=EDGE_CURVE('',#2864,#2866,#1426,.T.);
#3608=EDGE_CURVE('',#2865,#2867,#1427,.T.);
#3609=EDGE_CURVE('',#2867,#2866,#1428,.T.);
#3610=EDGE_CURVE('',#2866,#2852,#1429,.T.);
#3611=EDGE_CURVE('',#2867,#2854,#1430,.T.);
#3612=EDGE_CURVE('',#2868,#2869,#1431,.T.);
#3613=EDGE_CURVE('',#2870,#2868,#1432,.T.);
#3614=EDGE_CURVE('',#2870,#2871,#1433,.T.);
#3615=EDGE_CURVE('',#2871,#2869,#1434,.T.);
#3616=EDGE_CURVE('',#2869,#2872,#1435,.T.);
#3617=EDGE_CURVE('',#2871,#2873,#1436,.T.);
#3618=EDGE_CURVE('',#2873,#2872,#1437,.T.);
#3619=EDGE_CURVE('',#2872,#2874,#1438,.T.);
#3620=EDGE_CURVE('',#2873,#2875,#1439,.T.);
#3621=EDGE_CURVE('',#2875,#2874,#1440,.T.);
#3622=EDGE_CURVE('',#2874,#2876,#1010,.T.);
#3623=EDGE_CURVE('',#2875,#2877,#1011,.T.);
#3624=EDGE_CURVE('',#2877,#2876,#1441,.T.);
#3625=EDGE_CURVE('',#2876,#2878,#1442,.T.);
#3626=EDGE_CURVE('',#2877,#2879,#1443,.T.);
#3627=EDGE_CURVE('',#2879,#2878,#1444,.T.);
#3628=EDGE_CURVE('',#2878,#2880,#1012,.T.);
#3629=EDGE_CURVE('',#2879,#2881,#1013,.T.);
#3630=EDGE_CURVE('',#2881,#2880,#1445,.T.);
#3631=EDGE_CURVE('',#2880,#2882,#1446,.T.);
#3632=EDGE_CURVE('',#2881,#2883,#1447,.T.);
#3633=EDGE_CURVE('',#2883,#2882,#1448,.T.);
#3634=EDGE_CURVE('',#2882,#2868,#1449,.T.);
#3635=EDGE_CURVE('',#2883,#2870,#1450,.T.);
#3636=EDGE_CURVE('',#2884,#2885,#1451,.T.);
#3637=EDGE_CURVE('',#2884,#2886,#1452,.T.);
#3638=EDGE_CURVE('',#2886,#2887,#1453,.T.);
#3639=EDGE_CURVE('',#2885,#2887,#1454,.T.);
#3640=EDGE_CURVE('',#2888,#2884,#1014,.T.);
#3641=EDGE_CURVE('',#2888,#2889,#1455,.T.);
#3642=EDGE_CURVE('',#2889,#2886,#1015,.T.);
#3643=EDGE_CURVE('',#2890,#2888,#1456,.T.);
#3644=EDGE_CURVE('',#2890,#2891,#1457,.T.);
#3645=EDGE_CURVE('',#2891,#2889,#1458,.T.);
#3646=EDGE_CURVE('',#2892,#2890,#1016,.T.);
#3647=EDGE_CURVE('',#2892,#2893,#1459,.T.);
#3648=EDGE_CURVE('',#2893,#2891,#1017,.T.);
#3649=EDGE_CURVE('',#2894,#2892,#1460,.T.);
#3650=EDGE_CURVE('',#2894,#2895,#1461,.T.);
#3651=EDGE_CURVE('',#2895,#2893,#1462,.T.);
#3652=EDGE_CURVE('',#2896,#2894,#1018,.T.);
#3653=EDGE_CURVE('',#2896,#2897,#1463,.T.);
#3654=EDGE_CURVE('',#2897,#2895,#1019,.T.);
#3655=EDGE_CURVE('',#2898,#2896,#1464,.T.);
#3656=EDGE_CURVE('',#2898,#2899,#1465,.T.);
#3657=EDGE_CURVE('',#2899,#2897,#1466,.T.);
#3658=EDGE_CURVE('',#2885,#2898,#1020,.T.);
#3659=EDGE_CURVE('',#2887,#2899,#1021,.T.);
#3660=EDGE_CURVE('',#2900,#2901,#1467,.T.);
#3661=EDGE_CURVE('',#2902,#2900,#1468,.T.);
#3662=EDGE_CURVE('',#2902,#2903,#1469,.T.);
#3663=EDGE_CURVE('',#2903,#2901,#1470,.T.);
#3664=EDGE_CURVE('',#2904,#2905,#1471,.T.);
#3665=EDGE_CURVE('',#2904,#2906,#1022,.T.);
#3666=EDGE_CURVE('',#2907,#2906,#1472,.T.);
#3667=EDGE_CURVE('',#2905,#2907,#1023,.T.);
#3668=EDGE_CURVE('',#2908,#2909,#1473,.T.);
#3669=EDGE_CURVE('',#2909,#2910,#1474,.T.);
#3670=EDGE_CURVE('',#2910,#2911,#1475,.T.);
#3671=EDGE_CURVE('',#2911,#2912,#1476,.T.);
#3672=EDGE_CURVE('',#2912,#2913,#1477,.T.);
#3673=EDGE_CURVE('',#2913,#2914,#1478,.T.);
#3674=EDGE_CURVE('',#2914,#2908,#1479,.T.);
#3675=EDGE_CURVE('',#2915,#2915,#1024,.T.);
#3676=EDGE_CURVE('',#2915,#2916,#1480,.T.);
#3677=EDGE_CURVE('',#2916,#2916,#1025,.T.);
#3678=EDGE_CURVE('',#2917,#2918,#1481,.T.);
#3679=EDGE_CURVE('',#2918,#2919,#1482,.F.);
#3680=EDGE_CURVE('',#2919,#2920,#1483,.F.);
#3681=EDGE_CURVE('',#2920,#2921,#1484,.T.);
#3682=EDGE_CURVE('',#2921,#2922,#1485,.T.);
#3683=EDGE_CURVE('',#2922,#2923,#1486,.T.);
#3684=EDGE_CURVE('',#2924,#2923,#1487,.T.);
#3685=EDGE_CURVE('',#2917,#2924,#1488,.T.);
#3686=EDGE_CURVE('',#2925,#2926,#1489,.T.);
#3687=EDGE_CURVE('',#2925,#2927,#1490,.T.);
#3688=EDGE_CURVE('',#2927,#2928,#1491,.T.);
#3689=EDGE_CURVE('',#2928,#2929,#1492,.T.);
#3690=EDGE_CURVE('',#2929,#2930,#1493,.T.);
#3691=EDGE_CURVE('',#2931,#2930,#1494,.T.);
#3692=EDGE_CURVE('',#2907,#2931,#1495,.T.);
#3693=EDGE_CURVE('',#2906,#2932,#1496,.T.);
#3694=EDGE_CURVE('',#2932,#2933,#1497,.T.);
#3695=EDGE_CURVE('',#2933,#2934,#1498,.T.);
#3696=EDGE_CURVE('',#2934,#2926,#1499,.F.);
#3697=EDGE_CURVE('',#2934,#2920,#1500,.T.);
#3698=EDGE_CURVE('',#2935,#2933,#1501,.T.);
#3699=EDGE_CURVE('',#2936,#2935,#1502,.T.);
#3700=EDGE_CURVE('',#2921,#2936,#1503,.T.);
#3701=EDGE_CURVE('',#2937,#2917,#1026,.T.);
#3702=EDGE_CURVE('',#2938,#2937,#1504,.T.);
#3703=EDGE_CURVE('',#2939,#2938,#1027,.T.);
#3704=EDGE_CURVE('',#2940,#2939,#1505,.T.);
#3705=EDGE_CURVE('',#2903,#2940,#1028,.T.);
#3706=EDGE_CURVE('',#2922,#2902,#1029,.T.);
#3707=EDGE_CURVE('',#2936,#2941,#1506,.T.);
#3708=EDGE_CURVE('',#2941,#2918,#1507,.T.);
#3709=EDGE_CURVE('',#2942,#2943,#1508,.T.);
#3710=EDGE_CURVE('',#2944,#2942,#1509,.T.);
#3711=EDGE_CURVE('',#2945,#2944,#1510,.T.);
#3712=EDGE_CURVE('',#2946,#2945,#1511,.T.);
#3713=EDGE_CURVE('',#2947,#2946,#1512,.T.);
#3714=EDGE_CURVE('',#2948,#2947,#1513,.T.);
#3715=EDGE_CURVE('',#2943,#2948,#1514,.T.);
#3716=EDGE_CURVE('',#2949,#2950,#1515,.T.);
#3717=EDGE_CURVE('',#2951,#2949,#1516,.T.);
#3718=EDGE_CURVE('',#2952,#2951,#1517,.T.);
#3719=EDGE_CURVE('',#2953,#2952,#1518,.T.);
#3720=EDGE_CURVE('',#2954,#2953,#1519,.T.);
#3721=EDGE_CURVE('',#2955,#2954,#1520,.T.);
#3722=EDGE_CURVE('',#2950,#2955,#1521,.T.);
#3723=EDGE_CURVE('',#2956,#2957,#1522,.T.);
#3724=EDGE_CURVE('',#2958,#2956,#1523,.T.);
#3725=EDGE_CURVE('',#2959,#2958,#1524,.T.);
#3726=EDGE_CURVE('',#2960,#2959,#1525,.T.);
#3727=EDGE_CURVE('',#2961,#2960,#1526,.T.);
#3728=EDGE_CURVE('',#2962,#2961,#1527,.T.);
#3729=EDGE_CURVE('',#2957,#2962,#1528,.T.);
#3730=EDGE_CURVE('',#2963,#2964,#1529,.T.);
#3731=EDGE_CURVE('',#2965,#2963,#1530,.T.);
#3732=EDGE_CURVE('',#2966,#2965,#1531,.T.);
#3733=EDGE_CURVE('',#2967,#2966,#1532,.T.);
#3734=EDGE_CURVE('',#2968,#2967,#1533,.T.);
#3735=EDGE_CURVE('',#2969,#2968,#1534,.T.);
#3736=EDGE_CURVE('',#2964,#2969,#1535,.T.);
#3737=EDGE_CURVE('',#2970,#2970,#1030,.T.);
#3738=EDGE_CURVE('',#2971,#2971,#1031,.T.);
#3739=EDGE_CURVE('',#2972,#2972,#1032,.T.);
#3740=EDGE_CURVE('',#2973,#2974,#1536,.T.);
#3741=EDGE_CURVE('',#2974,#2975,#1537,.T.);
#3742=EDGE_CURVE('',#2975,#2976,#1538,.T.);
#3743=EDGE_CURVE('',#2976,#2977,#1539,.T.);
#3744=EDGE_CURVE('',#2977,#2978,#1540,.T.);
#3745=EDGE_CURVE('',#2978,#2979,#1541,.T.);
#3746=EDGE_CURVE('',#2979,#2973,#1542,.T.);
#3747=EDGE_CURVE('',#2980,#2981,#1543,.T.);
#3748=EDGE_CURVE('',#2981,#2982,#1544,.T.);
#3749=EDGE_CURVE('',#2982,#2983,#1545,.T.);
#3750=EDGE_CURVE('',#2983,#2984,#1546,.T.);
#3751=EDGE_CURVE('',#2984,#2985,#1547,.T.);
#3752=EDGE_CURVE('',#2985,#2986,#1548,.T.);
#3753=EDGE_CURVE('',#2986,#2980,#1549,.T.);
#3754=EDGE_CURVE('',#2987,#2988,#1550,.T.);
#3755=EDGE_CURVE('',#2988,#2989,#1551,.T.);
#3756=EDGE_CURVE('',#2989,#2990,#1552,.T.);
#3757=EDGE_CURVE('',#2990,#2991,#1553,.T.);
#3758=EDGE_CURVE('',#2991,#2992,#1554,.T.);
#3759=EDGE_CURVE('',#2992,#2993,#1555,.T.);
#3760=EDGE_CURVE('',#2993,#2987,#1556,.T.);
#3761=EDGE_CURVE('',#2994,#2995,#1557,.T.);
#3762=EDGE_CURVE('',#2995,#2996,#1558,.T.);
#3763=EDGE_CURVE('',#2996,#2997,#1559,.T.);
#3764=EDGE_CURVE('',#2997,#2998,#1560,.T.);
#3765=EDGE_CURVE('',#2998,#2999,#1561,.T.);
#3766=EDGE_CURVE('',#2999,#3000,#1562,.T.);
#3767=EDGE_CURVE('',#3000,#2994,#1563,.T.);
#3768=EDGE_CURVE('',#3001,#3001,#1033,.T.);
#3769=EDGE_CURVE('',#3002,#2935,#1564,.T.);
#3770=EDGE_CURVE('',#3003,#2932,#1034,.T.);
#3771=EDGE_CURVE('',#3004,#3003,#1565,.T.);
#3772=EDGE_CURVE('',#3005,#3004,#1035,.T.);
#3773=EDGE_CURVE('',#3006,#3005,#1566,.T.);
#3774=EDGE_CURVE('',#3007,#3006,#1036,.T.);
#3775=EDGE_CURVE('',#3008,#3007,#1567,.T.);
#3776=EDGE_CURVE('',#3009,#3008,#1037,.T.);
#3777=EDGE_CURVE('',#3010,#3009,#1568,.T.);
#3778=EDGE_CURVE('',#3011,#3010,#1038,.T.);
#3779=EDGE_CURVE('',#3012,#3011,#1569,.T.);
#3780=EDGE_CURVE('',#2927,#3012,#1039,.T.);
#3781=EDGE_CURVE('',#2925,#3002,#1570,.F.);
#3782=EDGE_CURVE('',#3013,#3013,#1040,.T.);
#3783=EDGE_CURVE('',#3014,#3014,#1041,.T.);
#3784=EDGE_CURVE('',#3015,#3015,#1042,.T.);
#3785=EDGE_CURVE('',#3016,#3017,#1571,.T.);
#3786=EDGE_CURVE('',#3017,#3018,#1572,.T.);
#3787=EDGE_CURVE('',#3018,#3019,#1573,.T.);
#3788=EDGE_CURVE('',#3019,#3020,#1574,.T.);
#3789=EDGE_CURVE('',#3020,#3021,#1575,.T.);
#3790=EDGE_CURVE('',#3021,#3022,#1576,.T.);
#3791=EDGE_CURVE('',#3022,#3016,#1577,.T.);
#3792=EDGE_CURVE('',#3023,#3024,#1578,.T.);
#3793=EDGE_CURVE('',#3024,#3025,#1579,.T.);
#3794=EDGE_CURVE('',#3025,#3026,#1580,.T.);
#3795=EDGE_CURVE('',#3026,#3027,#1581,.T.);
#3796=EDGE_CURVE('',#3027,#3028,#1582,.T.);
#3797=EDGE_CURVE('',#3028,#3029,#1583,.T.);
#3798=EDGE_CURVE('',#3029,#3023,#1584,.T.);
#3799=EDGE_CURVE('',#3030,#3031,#1585,.T.);
#3800=EDGE_CURVE('',#3031,#3032,#1586,.T.);
#3801=EDGE_CURVE('',#3032,#3033,#1587,.T.);
#3802=EDGE_CURVE('',#3033,#3034,#1588,.T.);
#3803=EDGE_CURVE('',#3034,#3035,#1589,.T.);
#3804=EDGE_CURVE('',#3035,#3036,#1590,.T.);
#3805=EDGE_CURVE('',#3036,#3030,#1591,.T.);
#3806=EDGE_CURVE('',#3037,#3038,#1592,.T.);
#3807=EDGE_CURVE('',#3038,#3039,#1593,.T.);
#3808=EDGE_CURVE('',#3039,#3040,#1594,.T.);
#3809=EDGE_CURVE('',#3040,#3041,#1595,.T.);
#3810=EDGE_CURVE('',#3041,#3042,#1596,.T.);
#3811=EDGE_CURVE('',#3042,#3043,#1597,.T.);
#3812=EDGE_CURVE('',#3043,#3037,#1598,.T.);
#3813=EDGE_CURVE('',#3044,#3044,#1043,.T.);
#3814=EDGE_CURVE('',#3003,#2904,#1599,.T.);
#3815=EDGE_CURVE('',#3001,#3044,#1600,.T.);
#3816=EDGE_CURVE('',#2998,#3041,#1601,.T.);
#3817=EDGE_CURVE('',#2997,#3042,#1602,.T.);
#3818=EDGE_CURVE('',#2996,#3043,#1603,.T.);
#3819=EDGE_CURVE('',#2995,#3037,#1604,.T.);
#3820=EDGE_CURVE('',#2994,#3038,#1605,.T.);
#3821=EDGE_CURVE('',#3000,#3039,#1606,.T.);
#3822=EDGE_CURVE('',#2999,#3040,#1607,.T.);
#3823=EDGE_CURVE('',#2991,#3034,#1608,.T.);
#3824=EDGE_CURVE('',#2990,#3035,#1609,.T.);
#3825=EDGE_CURVE('',#2989,#3036,#1610,.T.);
#3826=EDGE_CURVE('',#2988,#3030,#1611,.T.);
#3827=EDGE_CURVE('',#2987,#3031,#1612,.T.);
#3828=EDGE_CURVE('',#2993,#3032,#1613,.T.);
#3829=EDGE_CURVE('',#2992,#3033,#1614,.T.);
#3830=EDGE_CURVE('',#2984,#3027,#1615,.T.);
#3831=EDGE_CURVE('',#2983,#3028,#1616,.T.);
#3832=EDGE_CURVE('',#2982,#3029,#1617,.T.);
#3833=EDGE_CURVE('',#2981,#3023,#1618,.T.);
#3834=EDGE_CURVE('',#2980,#3024,#1619,.T.);
#3835=EDGE_CURVE('',#2986,#3025,#1620,.T.);
#3836=EDGE_CURVE('',#2985,#3026,#1621,.T.);
#3837=EDGE_CURVE('',#2977,#3020,#1622,.T.);
#3838=EDGE_CURVE('',#2976,#3021,#1623,.T.);
#3839=EDGE_CURVE('',#2975,#3022,#1624,.T.);
#3840=EDGE_CURVE('',#2974,#3016,#1625,.T.);
#3841=EDGE_CURVE('',#2973,#3017,#1626,.T.);
#3842=EDGE_CURVE('',#2979,#3018,#1627,.T.);
#3843=EDGE_CURVE('',#2978,#3019,#1628,.T.);
#3844=EDGE_CURVE('',#2972,#3015,#1629,.T.);
#3845=EDGE_CURVE('',#2971,#3014,#1630,.T.);
#3846=EDGE_CURVE('',#2970,#3013,#1631,.T.);
#3847=EDGE_CURVE('',#2930,#3045,#1044,.T.);
#3848=EDGE_CURVE('',#3045,#3046,#1632,.T.);
#3849=EDGE_CURVE('',#3046,#3047,#1045,.T.);
#3850=EDGE_CURVE('',#3047,#3048,#1633,.T.);
#3851=EDGE_CURVE('',#3048,#3049,#1046,.T.);
#3852=EDGE_CURVE('',#3049,#3050,#1634,.T.);
#3853=EDGE_CURVE('',#3050,#2924,#1047,.T.);
#3854=EDGE_CURVE('',#2923,#2900,#1048,.T.);
#3855=EDGE_CURVE('',#2901,#3051,#1049,.T.);
#3856=EDGE_CURVE('',#3051,#3052,#1635,.T.);
#3857=EDGE_CURVE('',#3052,#3053,#1050,.T.);
#3858=EDGE_CURVE('',#3053,#3054,#1636,.T.);
#3859=EDGE_CURVE('',#3054,#2931,#1051,.T.);
#3860=EDGE_CURVE('',#2941,#3002,#1637,.F.);
#3861=EDGE_CURVE('',#2953,#2912,#1638,.T.);
#3862=EDGE_CURVE('',#2954,#2911,#1639,.T.);
#3863=EDGE_CURVE('',#2952,#2913,#1640,.T.);
#3864=EDGE_CURVE('',#2951,#2914,#1641,.T.);
#3865=EDGE_CURVE('',#2959,#3055,#1642,.T.);
#3866=EDGE_CURVE('',#3056,#3055,#1643,.T.);
#3867=EDGE_CURVE('',#2960,#3056,#1644,.T.);
#3868=EDGE_CURVE('',#2958,#3057,#1645,.T.);
#3869=EDGE_CURVE('',#3055,#3057,#1646,.T.);
#3870=EDGE_CURVE('',#2956,#3058,#1647,.T.);
#3871=EDGE_CURVE('',#3057,#3058,#1648,.T.);
#3872=EDGE_CURVE('',#2957,#3059,#1649,.T.);
#3873=EDGE_CURVE('',#3058,#3059,#1650,.T.);
#3874=EDGE_CURVE('',#2966,#3060,#1651,.T.);
#3875=EDGE_CURVE('',#3061,#3060,#1652,.T.);
#3876=EDGE_CURVE('',#2967,#3061,#1653,.T.);
#3877=EDGE_CURVE('',#2965,#3062,#1654,.T.);
#3878=EDGE_CURVE('',#3060,#3062,#1655,.T.);
#3879=EDGE_CURVE('',#2963,#3063,#1656,.T.);
#3880=EDGE_CURVE('',#3062,#3063,#1657,.T.);
#3881=EDGE_CURVE('',#2964,#3064,#1658,.T.);
#3882=EDGE_CURVE('',#3063,#3064,#1659,.T.);
#3883=EDGE_CURVE('',#2946,#3065,#1660,.T.);
#3884=EDGE_CURVE('',#3066,#3065,#1661,.T.);
#3885=EDGE_CURVE('',#2947,#3066,#1662,.T.);
#3886=EDGE_CURVE('',#2945,#3067,#1663,.T.);
#3887=EDGE_CURVE('',#3065,#3067,#1664,.T.);
#3888=EDGE_CURVE('',#2944,#3068,#1665,.T.);
#3889=EDGE_CURVE('',#3067,#3068,#1666,.T.);
#3890=EDGE_CURVE('',#3009,#3046,#1667,.T.);
#3891=EDGE_CURVE('',#3069,#3045,#1668,.T.);
#3892=EDGE_CURVE('',#3069,#3070,#1669,.T.);
#3893=EDGE_CURVE('',#3070,#3012,#1670,.T.);
#3894=EDGE_CURVE('',#3011,#3071,#1671,.T.);
#3895=EDGE_CURVE('',#3071,#3072,#1672,.T.);
#3896=EDGE_CURVE('',#3072,#3010,#1673,.T.);
#3897=EDGE_CURVE('',#3008,#3073,#1674,.T.);
#3898=EDGE_CURVE('',#3073,#3074,#1052,.T.);
#3899=EDGE_CURVE('',#3074,#3047,#1675,.T.);
#3900=EDGE_CURVE('',#2937,#3050,#1676,.T.);
#3901=EDGE_CURVE('',#3007,#3075,#1677,.T.);
#3902=EDGE_CURVE('',#3075,#3073,#1678,.T.);
#3903=EDGE_CURVE('',#2926,#2919,#1679,.T.);
#3904=EDGE_CURVE('',#3006,#3053,#1680,.T.);
#3905=EDGE_CURVE('',#3052,#3076,#1681,.T.);
#3906=EDGE_CURVE('',#3076,#3075,#1053,.T.);
#3907=EDGE_CURVE('',#3077,#3004,#1682,.T.);
#3908=EDGE_CURVE('',#3078,#3077,#1054,.T.);
#3909=EDGE_CURVE('',#3005,#3078,#1683,.T.);
#3910=EDGE_CURVE('',#2905,#3054,#1684,.T.);
#3911=EDGE_CURVE('',#3078,#3077,#1685,.T.);
#3912=EDGE_CURVE('',#3074,#3079,#1686,.T.);
#3913=EDGE_CURVE('',#3048,#3079,#1687,.T.);
#3914=EDGE_CURVE('',#3080,#3051,#1688,.T.);
#3915=EDGE_CURVE('',#3080,#3076,#1689,.T.);
#3916=EDGE_CURVE('',#3081,#3082,#1690,.T.);
#3917=EDGE_CURVE('',#3079,#3081,#1055,.T.);
#3918=EDGE_CURVE('',#3082,#3080,#1056,.T.);
#3919=EDGE_CURVE('',#2938,#3049,#1691,.T.);
#3920=EDGE_CURVE('',#2939,#3081,#1692,.T.);
#3921=EDGE_CURVE('',#2940,#3082,#1693,.T.);
#3922=EDGE_CURVE('',#3083,#3061,#1694,.T.);
#3923=EDGE_CURVE('',#2968,#3083,#1695,.T.);
#3924=EDGE_CURVE('',#3084,#3083,#1696,.T.);
#3925=EDGE_CURVE('',#2969,#3084,#1697,.T.);
#3926=EDGE_CURVE('',#3064,#3084,#1698,.T.);
#3927=EDGE_CURVE('',#3071,#3072,#1057,.T.);
#3928=EDGE_CURVE('',#2929,#3069,#1058,.T.);
#3929=EDGE_CURVE('',#2928,#3070,#1059,.T.);
#3930=EDGE_CURVE('',#3059,#3085,#1699,.T.);
#3931=EDGE_CURVE('',#3085,#3086,#1700,.T.);
#3932=EDGE_CURVE('',#3086,#3056,#1701,.T.);
#3933=EDGE_CURVE('',#2961,#3086,#1702,.T.);
#3934=EDGE_CURVE('',#2962,#3085,#1703,.T.);
#3935=EDGE_CURVE('',#2942,#3087,#1704,.T.);
#3936=EDGE_CURVE('',#3068,#3087,#1705,.T.);
#3937=EDGE_CURVE('',#3088,#3066,#1706,.T.);
#3938=EDGE_CURVE('',#2948,#3088,#1707,.T.);
#3939=EDGE_CURVE('',#3089,#3088,#1708,.T.);
#3940=EDGE_CURVE('',#2943,#3089,#1709,.T.);
#3941=EDGE_CURVE('',#3087,#3089,#1710,.T.);
#3942=EDGE_CURVE('',#2949,#2908,#1711,.T.);
#3943=EDGE_CURVE('',#2955,#2910,#1712,.T.);
#3944=EDGE_CURVE('',#2950,#2909,#1713,.T.);
#3945=EDGE_CURVE('',#3090,#3091,#1714,.T.);
#3946=EDGE_CURVE('',#3092,#3091,#1715,.T.);
#3947=EDGE_CURVE('',#3093,#3092,#1716,.T.);
#3948=EDGE_CURVE('',#3093,#3090,#1717,.T.);
#3949=EDGE_CURVE('',#3094,#3095,#1718,.T.);
#3950=EDGE_CURVE('',#3095,#3096,#1719,.T.);
#3951=EDGE_CURVE('',#3097,#3096,#1720,.T.);
#3952=EDGE_CURVE('',#3098,#3097,#1721,.T.);
#3953=EDGE_CURVE('',#3099,#3098,#1722,.T.);
#3954=EDGE_CURVE('',#3099,#3094,#1723,.T.);
#3955=EDGE_CURVE('',#3091,#3100,#1724,.T.);
#3956=EDGE_CURVE('',#3090,#3101,#1725,.T.);
#3957=EDGE_CURVE('',#3100,#3101,#1726,.T.);
#3958=EDGE_CURVE('',#3096,#3102,#1727,.T.);
#3959=EDGE_CURVE('',#3095,#3103,#1728,.T.);
#3960=EDGE_CURVE('',#3102,#3103,#1729,.T.);
#3961=EDGE_CURVE('',#3101,#3104,#1730,.T.);
#3962=EDGE_CURVE('',#3105,#3104,#1731,.T.);
#3963=EDGE_CURVE('',#3106,#3105,#1732,.T.);
#3964=EDGE_CURVE('',#3106,#3107,#1733,.T.);
#3965=EDGE_CURVE('',#3100,#3107,#1734,.T.);
#3966=EDGE_CURVE('',#3104,#3108,#1735,.T.);
#3967=EDGE_CURVE('',#3109,#3108,#1736,.T.);
#3968=EDGE_CURVE('',#3105,#3109,#1737,.T.);
#3969=EDGE_CURVE('',#3103,#3110,#1738,.T.);
#3970=EDGE_CURVE('',#3110,#3111,#1739,.T.);
#3971=EDGE_CURVE('',#3102,#3111,#1740,.T.);
#3972=EDGE_CURVE('',#3112,#3094,#1741,.T.);
#3973=EDGE_CURVE('',#3113,#3099,#1742,.T.);
#3974=EDGE_CURVE('',#3113,#3112,#1743,.T.);
#3975=EDGE_CURVE('',#3114,#3114,#1060,.T.);
#3976=EDGE_CURVE('',#3114,#3115,#1744,.T.);
#3977=EDGE_CURVE('',#3115,#3115,#1061,.T.);
#3978=EDGE_CURVE('',#3116,#3116,#1062,.T.);
#3979=EDGE_CURVE('',#3116,#3117,#1745,.T.);
#3980=EDGE_CURVE('',#3117,#3117,#1063,.T.);
#3981=EDGE_CURVE('',#3118,#3118,#1064,.T.);
#3982=EDGE_CURVE('',#3118,#3119,#1746,.T.);
#3983=EDGE_CURVE('',#3119,#3119,#1065,.T.);
#3984=EDGE_CURVE('',#3120,#3120,#1066,.T.);
#3985=EDGE_CURVE('',#3120,#3121,#1747,.T.);
#3986=EDGE_CURVE('',#3121,#3121,#1067,.T.);
#3987=EDGE_CURVE('',#3122,#3122,#1068,.T.);
#3988=EDGE_CURVE('',#3122,#3123,#1748,.T.);
#3989=EDGE_CURVE('',#3123,#3123,#1069,.T.);
#3990=EDGE_CURVE('',#3124,#3124,#1070,.T.);
#3991=EDGE_CURVE('',#3124,#3125,#1749,.T.);
#3992=EDGE_CURVE('',#3125,#3125,#1071,.T.);
#3993=EDGE_CURVE('',#3126,#3126,#1072,.T.);
#3994=EDGE_CURVE('',#3126,#3127,#1750,.T.);
#3995=EDGE_CURVE('',#3127,#3127,#1073,.T.);
#3996=EDGE_CURVE('',#3128,#3128,#1074,.T.);
#3997=EDGE_CURVE('',#3128,#3129,#1751,.T.);
#3998=EDGE_CURVE('',#3129,#3129,#1075,.T.);
#3999=EDGE_CURVE('',#3109,#3130,#1752,.T.);
#4000=EDGE_CURVE('',#3131,#3108,#1753,.T.);
#4001=EDGE_CURVE('',#3130,#3131,#1754,.T.);
#4002=EDGE_CURVE('',#3130,#3132,#1076,.T.);
#4003=EDGE_CURVE('',#3133,#3131,#1077,.T.);
#4004=EDGE_CURVE('',#3132,#3133,#1755,.T.);
#4005=EDGE_CURVE('',#3132,#3134,#1756,.T.);
#4006=EDGE_CURVE('',#3135,#3133,#1757,.T.);
#4007=EDGE_CURVE('',#3134,#3135,#1758,.T.);
#4008=EDGE_CURVE('',#3134,#3136,#1759,.T.);
#4009=EDGE_CURVE('',#3137,#3135,#1760,.T.);
#4010=EDGE_CURVE('',#3136,#3137,#1761,.T.);
#4011=EDGE_CURVE('',#3136,#3138,#1762,.T.);
#4012=EDGE_CURVE('',#3139,#3137,#1763,.T.);
#4013=EDGE_CURVE('',#3138,#3139,#1764,.T.);
#4014=EDGE_CURVE('',#3138,#3140,#1765,.T.);
#4015=EDGE_CURVE('',#3141,#3139,#1766,.T.);
#4016=EDGE_CURVE('',#3140,#3141,#1767,.T.);
#4017=EDGE_CURVE('',#3140,#3142,#1078,.T.);
#4018=EDGE_CURVE('',#3143,#3141,#1079,.T.);
#4019=EDGE_CURVE('',#3142,#3143,#1768,.T.);
#4020=EDGE_CURVE('',#3144,#3142,#1769,.T.);
#4021=EDGE_CURVE('',#3145,#3143,#1770,.T.);
#4022=EDGE_CURVE('',#3144,#3145,#1771,.T.);
#4023=EDGE_CURVE('',#3146,#3144,#1772,.T.);
#4024=EDGE_CURVE('',#3147,#3145,#1773,.T.);
#4025=EDGE_CURVE('',#3146,#3147,#1774,.T.);
#4026=EDGE_CURVE('',#3148,#3146,#1775,.T.);
#4027=EDGE_CURVE('',#3149,#3147,#1776,.T.);
#4028=EDGE_CURVE('',#3148,#3149,#1777,.T.);
#4029=EDGE_CURVE('',#3150,#3148,#1778,.T.);
#4030=EDGE_CURVE('',#3151,#3149,#1779,.T.);
#4031=EDGE_CURVE('',#3150,#3151,#1780,.T.);
#4032=EDGE_CURVE('',#3152,#3150,#1080,.T.);
#4033=EDGE_CURVE('',#3153,#3151,#1081,.T.);
#4034=EDGE_CURVE('',#3152,#3153,#1781,.T.);
#4035=EDGE_CURVE('',#3113,#3152,#1782,.T.);
#4036=EDGE_CURVE('',#3112,#3153,#1783,.T.);
#4037=EDGE_CURVE('',#3154,#3093,#1082,.T.);
#4038=EDGE_CURVE('',#3155,#3154,#1784,.T.);
#4039=EDGE_CURVE('',#3156,#3155,#1083,.T.);
#4040=EDGE_CURVE('',#3157,#3156,#1785,.T.);
#4041=EDGE_CURVE('',#3158,#3157,#1084,.T.);
#4042=EDGE_CURVE('',#3159,#3158,#1786,.T.);
#4043=EDGE_CURVE('',#3110,#3159,#1085,.T.);
#4044=EDGE_CURVE('',#3158,#3160,#1787,.T.);
#4045=EDGE_CURVE('',#3161,#3160,#1788,.T.);
#4046=EDGE_CURVE('',#3159,#3161,#1789,.T.);
#4047=EDGE_CURVE('',#3157,#3162,#1790,.T.);
#4048=EDGE_CURVE('',#3160,#3162,#1086,.T.);
#4049=EDGE_CURVE('',#3156,#3163,#1791,.T.);
#4050=EDGE_CURVE('',#3162,#3163,#1792,.T.);
#4051=EDGE_CURVE('',#3155,#3164,#1793,.T.);
#4052=EDGE_CURVE('',#3163,#3164,#1087,.T.);
#4053=EDGE_CURVE('',#3154,#3165,#1794,.T.);
#4054=EDGE_CURVE('',#3164,#3165,#1795,.T.);
#4055=EDGE_CURVE('',#3165,#3092,#1088,.T.);
#4056=EDGE_CURVE('',#3166,#3167,#1796,.T.);
#4057=EDGE_CURVE('',#3107,#3167,#1089,.T.);
#4058=EDGE_CURVE('',#3106,#3166,#1090,.T.);
#4059=EDGE_CURVE('',#3168,#3097,#1091,.T.);
#4060=EDGE_CURVE('',#3169,#3168,#1797,.T.);
#4061=EDGE_CURVE('',#3169,#3098,#1092,.T.);
#4062=EDGE_CURVE('',#3170,#3168,#1798,.T.);
#4063=EDGE_CURVE('',#3171,#3170,#1799,.T.);
#4064=EDGE_CURVE('',#3169,#3171,#1800,.T.);
#4065=EDGE_CURVE('',#3172,#3170,#1093,.T.);
#4066=EDGE_CURVE('',#3173,#3172,#1801,.T.);
#4067=EDGE_CURVE('',#3173,#3171,#1094,.T.);
#4068=EDGE_CURVE('',#3174,#3172,#1802,.T.);
#4069=EDGE_CURVE('',#3175,#3174,#1803,.T.);
#4070=EDGE_CURVE('',#3173,#3175,#1804,.T.);
#4071=EDGE_CURVE('',#3176,#3174,#1095,.T.);
#4072=EDGE_CURVE('',#3177,#3176,#1805,.T.);
#4073=EDGE_CURVE('',#3177,#3175,#1096,.T.);
#4074=EDGE_CURVE('',#3167,#3176,#1806,.T.);
#4075=EDGE_CURVE('',#3177,#3166,#1807,.T.);
#4076=EDGE_CURVE('',#3111,#3161,#1097,.T.);
#4077=EDGE_CURVE('',#3178,#3179,#1808,.T.);
#4078=EDGE_CURVE('',#3180,#3179,#1809,.T.);
#4079=EDGE_CURVE('',#3181,#3180,#1810,.T.);
#4080=EDGE_CURVE('',#3178,#3181,#1811,.T.);
#4081=EDGE_CURVE('',#3181,#3182,#1812,.T.);
#4082=EDGE_CURVE('',#3182,#3183,#1813,.F.);
#4083=EDGE_CURVE('',#3184,#3183,#1814,.T.);
#4084=EDGE_CURVE('',#3185,#3184,#1815,.T.);
#4085=EDGE_CURVE('',#3185,#3186,#1816,.F.);
#4086=EDGE_CURVE('',#3187,#3186,#1817,.T.);
#4087=EDGE_CURVE('',#3178,#3187,#1818,.F.);
#4088=EDGE_CURVE('',#3188,#3189,#1819,.T.);
#4089=EDGE_CURVE('',#3189,#3190,#1098,.T.);
#4090=EDGE_CURVE('',#3190,#3191,#1820,.T.);
#4091=EDGE_CURVE('',#3191,#3192,#1099,.T.);
#4092=EDGE_CURVE('',#3192,#3193,#1821,.T.);
#4093=EDGE_CURVE('',#3193,#3194,#1100,.T.);
#4094=EDGE_CURVE('',#3194,#3195,#1822,.T.);
#4095=EDGE_CURVE('',#3195,#3196,#1101,.T.);
#4096=EDGE_CURVE('',#3196,#3182,#1823,.T.);
#4097=EDGE_CURVE('',#3188,#3180,#1824,.T.);
#4098=EDGE_CURVE('',#3197,#3197,#1102,.T.);
#4099=EDGE_CURVE('',#3198,#3198,#1103,.T.);
#4100=EDGE_CURVE('',#3199,#3199,#1104,.T.);
#4101=EDGE_CURVE('',#3200,#3200,#1105,.T.);
#4102=EDGE_CURVE('',#3201,#3201,#1106,.T.);
#4103=EDGE_CURVE('',#3202,#3202,#1107,.T.);
#4104=EDGE_CURVE('',#3203,#3203,#1108,.T.);
#4105=EDGE_CURVE('',#3204,#3204,#1109,.T.);
#4106=EDGE_CURVE('',#3187,#3205,#1825,.T.);
#4107=EDGE_CURVE('',#3206,#3205,#1110,.T.);
#4108=EDGE_CURVE('',#3206,#3207,#1826,.T.);
#4109=EDGE_CURVE('',#3208,#3207,#1111,.T.);
#4110=EDGE_CURVE('',#3208,#3209,#1827,.T.);
#4111=EDGE_CURVE('',#3210,#3209,#1112,.T.);
#4112=EDGE_CURVE('',#3210,#3211,#1828,.T.);
#4113=EDGE_CURVE('',#3212,#3211,#1113,.T.);
#4114=EDGE_CURVE('',#3212,#3213,#1829,.T.);
#4115=EDGE_CURVE('',#3213,#3179,#1830,.T.);
#4116=EDGE_CURVE('',#3214,#3214,#1114,.T.);
#4117=EDGE_CURVE('',#3215,#3215,#1115,.T.);
#4118=EDGE_CURVE('',#3216,#3216,#1116,.T.);
#4119=EDGE_CURVE('',#3217,#3217,#1117,.T.);
#4120=EDGE_CURVE('',#3218,#3218,#1118,.T.);
#4121=EDGE_CURVE('',#3219,#3219,#1119,.T.);
#4122=EDGE_CURVE('',#3220,#3220,#1120,.T.);
#4123=EDGE_CURVE('',#3221,#3221,#1121,.T.);
#4124=EDGE_CURVE('',#3222,#3213,#1831,.F.);
#4125=EDGE_CURVE('',#3222,#3223,#1832,.T.);
#4126=EDGE_CURVE('',#3223,#3224,#1833,.T.);
#4127=EDGE_CURVE('',#3225,#3224,#1834,.F.);
#4128=EDGE_CURVE('',#3188,#3225,#1835,.F.);
#4129=EDGE_CURVE('',#3226,#3226,#1122,.T.);
#4130=EDGE_CURVE('',#3227,#3227,#1123,.T.);
#4131=EDGE_CURVE('',#3228,#3228,#1124,.T.);
#4132=EDGE_CURVE('',#3229,#3229,#1125,.T.);
#4133=EDGE_CURVE('',#3230,#3230,#1126,.T.);
#4134=EDGE_CURVE('',#3231,#3231,#1127,.T.);
#4135=EDGE_CURVE('',#3232,#3232,#1128,.T.);
#4136=EDGE_CURVE('',#3233,#3233,#1129,.T.);
#4137=EDGE_CURVE('',#3223,#3234,#1836,.T.);
#4138=EDGE_CURVE('',#3234,#3235,#1837,.T.);
#4139=EDGE_CURVE('',#3224,#3235,#1838,.T.);
#4140=EDGE_CURVE('',#3234,#3236,#1130,.T.);
#4141=EDGE_CURVE('',#3236,#3237,#1839,.T.);
#4142=EDGE_CURVE('',#3235,#3237,#1131,.T.);
#4143=EDGE_CURVE('',#3236,#3238,#1840,.T.);
#4144=EDGE_CURVE('',#3238,#3239,#1841,.T.);
#4145=EDGE_CURVE('',#3237,#3239,#1842,.T.);
#4146=EDGE_CURVE('',#3238,#3240,#1132,.T.);
#4147=EDGE_CURVE('',#3240,#3241,#1843,.T.);
#4148=EDGE_CURVE('',#3239,#3241,#1133,.T.);
#4149=EDGE_CURVE('',#3240,#3242,#1844,.T.);
#4150=EDGE_CURVE('',#3242,#3243,#1845,.T.);
#4151=EDGE_CURVE('',#3241,#3243,#1846,.T.);
#4152=EDGE_CURVE('',#3242,#3244,#1134,.T.);
#4153=EDGE_CURVE('',#3244,#3245,#1847,.T.);
#4154=EDGE_CURVE('',#3243,#3245,#1135,.T.);
#4155=EDGE_CURVE('',#3244,#3246,#1848,.T.);
#4156=EDGE_CURVE('',#3246,#3247,#1849,.T.);
#4157=EDGE_CURVE('',#3245,#3247,#1850,.T.);
#4158=EDGE_CURVE('',#3246,#3248,#1136,.T.);
#4159=EDGE_CURVE('',#3248,#3249,#1851,.T.);
#4160=EDGE_CURVE('',#3247,#3249,#1137,.T.);
#4161=EDGE_CURVE('',#3189,#3250,#1852,.T.);
#4162=EDGE_CURVE('',#3251,#3250,#1138,.T.);
#4163=EDGE_CURVE('',#3190,#3251,#1853,.T.);
#4164=EDGE_CURVE('',#3252,#3251,#1854,.T.);
#4165=EDGE_CURVE('',#3191,#3252,#1855,.T.);
#4166=EDGE_CURVE('',#3253,#3252,#1139,.T.);
#4167=EDGE_CURVE('',#3192,#3253,#1856,.T.);
#4168=EDGE_CURVE('',#3254,#3253,#1857,.T.);
#4169=EDGE_CURVE('',#3193,#3254,#1858,.T.);
#4170=EDGE_CURVE('',#3255,#3254,#1140,.T.);
#4171=EDGE_CURVE('',#3194,#3255,#1859,.T.);
#4172=EDGE_CURVE('',#3256,#3255,#1860,.T.);
#4173=EDGE_CURVE('',#3195,#3256,#1861,.T.);
#4174=EDGE_CURVE('',#3257,#3256,#1141,.T.);
#4175=EDGE_CURVE('',#3196,#3257,#1862,.T.);
#4176=EDGE_CURVE('',#3183,#3257,#1863,.T.);
#4177=EDGE_CURVE('',#3248,#3185,#1864,.T.);
#4178=EDGE_CURVE('',#3249,#3184,#1865,.T.);
#4179=EDGE_CURVE('',#3250,#3225,#1866,.T.);
#4180=EDGE_CURVE('',#3258,#3222,#1867,.T.);
#4181=EDGE_CURVE('',#3259,#3258,#1142,.T.);
#4182=EDGE_CURVE('',#3260,#3259,#1868,.T.);
#4183=EDGE_CURVE('',#3261,#3260,#1143,.T.);
#4184=EDGE_CURVE('',#3262,#3261,#1869,.T.);
#4185=EDGE_CURVE('',#3263,#3262,#1144,.T.);
#4186=EDGE_CURVE('',#3264,#3263,#1870,.T.);
#4187=EDGE_CURVE('',#3265,#3264,#1145,.T.);
#4188=EDGE_CURVE('',#3186,#3265,#1871,.T.);
#4189=EDGE_CURVE('',#3205,#3265,#1872,.T.);
#4190=EDGE_CURVE('',#3206,#3264,#1873,.T.);
#4191=EDGE_CURVE('',#3207,#3263,#1874,.T.);
#4192=EDGE_CURVE('',#3208,#3262,#1875,.T.);
#4193=EDGE_CURVE('',#3209,#3261,#1876,.T.);
#4194=EDGE_CURVE('',#3210,#3260,#1877,.T.);
#4195=EDGE_CURVE('',#3211,#3259,#1878,.T.);
#4196=EDGE_CURVE('',#3212,#3258,#1879,.T.);
#4197=EDGE_CURVE('',#3228,#3204,#1880,.T.);
#4198=EDGE_CURVE('',#3232,#3197,#1881,.T.);
#4199=EDGE_CURVE('',#3230,#3203,#1882,.T.);
#4200=EDGE_CURVE('',#3226,#3198,#1883,.T.);
#4201=EDGE_CURVE('',#3214,#3233,#1884,.T.);
#4202=EDGE_CURVE('',#3215,#3227,#1885,.T.);
#4203=EDGE_CURVE('',#3216,#3229,#1886,.T.);
#4204=EDGE_CURVE('',#3217,#3231,#1887,.T.);
#4205=EDGE_CURVE('',#3199,#3218,#1888,.T.);
#4206=EDGE_CURVE('',#3200,#3219,#1889,.T.);
#4207=EDGE_CURVE('',#3201,#3220,#1890,.T.);
#4208=EDGE_CURVE('',#3202,#3221,#1891,.T.);
#4209=ORIENTED_EDGE('',*,*,#3266,.F.);
#4210=ORIENTED_EDGE('',*,*,#3267,.F.);
#4211=ORIENTED_EDGE('',*,*,#3268,.F.);
#4212=ORIENTED_EDGE('',*,*,#3269,.F.);
#4213=ORIENTED_EDGE('',*,*,#3270,.F.);
#4214=ORIENTED_EDGE('',*,*,#3268,.T.);
#4215=ORIENTED_EDGE('',*,*,#3271,.F.);
#4216=ORIENTED_EDGE('',*,*,#3272,.T.);
#4217=ORIENTED_EDGE('',*,*,#3273,.T.);
#4218=ORIENTED_EDGE('',*,*,#3274,.F.);
#4219=ORIENTED_EDGE('',*,*,#3275,.T.);
#4220=ORIENTED_EDGE('',*,*,#3267,.T.);
#4221=ORIENTED_EDGE('',*,*,#3276,.T.);
#4222=ORIENTED_EDGE('',*,*,#3277,.T.);
#4223=ORIENTED_EDGE('',*,*,#3278,.F.);
#4224=ORIENTED_EDGE('',*,*,#3279,.T.);
#4225=ORIENTED_EDGE('',*,*,#3271,.T.);
#4226=ORIENTED_EDGE('',*,*,#3266,.T.);
#4227=ORIENTED_EDGE('',*,*,#3280,.F.);
#4228=ORIENTED_EDGE('',*,*,#3281,.T.);
#4229=ORIENTED_EDGE('',*,*,#3276,.F.);
#4230=ORIENTED_EDGE('',*,*,#3282,.F.);
#4231=ORIENTED_EDGE('',*,*,#3283,.F.);
#4232=ORIENTED_EDGE('',*,*,#3277,.F.);
#4233=ORIENTED_EDGE('',*,*,#3281,.F.);
#4234=ORIENTED_EDGE('',*,*,#3284,.F.);
#4235=ORIENTED_EDGE('',*,*,#3283,.T.);
#4236=ORIENTED_EDGE('',*,*,#3285,.F.);
#4237=ORIENTED_EDGE('',*,*,#3286,.F.);
#4238=ORIENTED_EDGE('',*,*,#3287,.F.);
#4239=ORIENTED_EDGE('',*,*,#3288,.T.);
#4240=ORIENTED_EDGE('',*,*,#3278,.T.);
#4241=ORIENTED_EDGE('',*,*,#3282,.T.);
#4242=ORIENTED_EDGE('',*,*,#3289,.F.);
#4243=ORIENTED_EDGE('',*,*,#3290,.F.);
#4244=ORIENTED_EDGE('',*,*,#3285,.T.);
#4245=ORIENTED_EDGE('',*,*,#3291,.F.);
#4246=ORIENTED_EDGE('',*,*,#3292,.F.);
#4247=ORIENTED_EDGE('',*,*,#3293,.F.);
#4248=ORIENTED_EDGE('',*,*,#3294,.T.);
#4249=ORIENTED_EDGE('',*,*,#3295,.F.);
#4250=ORIENTED_EDGE('',*,*,#3294,.F.);
#4251=ORIENTED_EDGE('',*,*,#3296,.F.);
#4252=ORIENTED_EDGE('',*,*,#3297,.T.);
#4253=ORIENTED_EDGE('',*,*,#3298,.F.);
#4254=ORIENTED_EDGE('',*,*,#3297,.F.);
#4255=ORIENTED_EDGE('',*,*,#3299,.F.);
#4256=ORIENTED_EDGE('',*,*,#3300,.T.);
#4257=ORIENTED_EDGE('',*,*,#3301,.F.);
#4258=ORIENTED_EDGE('',*,*,#3300,.F.);
#4259=ORIENTED_EDGE('',*,*,#3302,.F.);
#4260=ORIENTED_EDGE('',*,*,#3292,.T.);
#4261=ORIENTED_EDGE('',*,*,#3303,.F.);
#4262=ORIENTED_EDGE('',*,*,#3304,.F.);
#4263=ORIENTED_EDGE('',*,*,#3305,.F.);
#4264=ORIENTED_EDGE('',*,*,#3306,.T.);
#4265=ORIENTED_EDGE('',*,*,#3307,.F.);
#4266=ORIENTED_EDGE('',*,*,#3306,.F.);
#4267=ORIENTED_EDGE('',*,*,#3308,.F.);
#4268=ORIENTED_EDGE('',*,*,#3309,.T.);
#4269=ORIENTED_EDGE('',*,*,#3310,.F.);
#4270=ORIENTED_EDGE('',*,*,#3309,.F.);
#4271=ORIENTED_EDGE('',*,*,#3311,.F.);
#4272=ORIENTED_EDGE('',*,*,#3312,.T.);
#4273=ORIENTED_EDGE('',*,*,#3313,.F.);
#4274=ORIENTED_EDGE('',*,*,#3312,.F.);
#4275=ORIENTED_EDGE('',*,*,#3314,.F.);
#4276=ORIENTED_EDGE('',*,*,#3304,.T.);
#4277=ORIENTED_EDGE('',*,*,#3315,.F.);
#4278=ORIENTED_EDGE('',*,*,#3316,.F.);
#4279=ORIENTED_EDGE('',*,*,#3317,.F.);
#4280=ORIENTED_EDGE('',*,*,#3318,.T.);
#4281=ORIENTED_EDGE('',*,*,#3319,.F.);
#4282=ORIENTED_EDGE('',*,*,#3318,.F.);
#4283=ORIENTED_EDGE('',*,*,#3320,.F.);
#4284=ORIENTED_EDGE('',*,*,#3321,.T.);
#4285=ORIENTED_EDGE('',*,*,#3322,.F.);
#4286=ORIENTED_EDGE('',*,*,#3321,.F.);
#4287=ORIENTED_EDGE('',*,*,#3323,.F.);
#4288=ORIENTED_EDGE('',*,*,#3324,.T.);
#4289=ORIENTED_EDGE('',*,*,#3325,.F.);
#4290=ORIENTED_EDGE('',*,*,#3324,.F.);
#4291=ORIENTED_EDGE('',*,*,#3326,.F.);
#4292=ORIENTED_EDGE('',*,*,#3316,.T.);
#4293=ORIENTED_EDGE('',*,*,#3272,.F.);
#4294=ORIENTED_EDGE('',*,*,#3279,.F.);
#4295=ORIENTED_EDGE('',*,*,#3288,.F.);
#4296=ORIENTED_EDGE('',*,*,#3327,.F.);
#4297=ORIENTED_EDGE('',*,*,#3328,.F.);
#4298=ORIENTED_EDGE('',*,*,#3329,.F.);
#4299=ORIENTED_EDGE('',*,*,#3330,.F.);
#4300=ORIENTED_EDGE('',*,*,#3331,.F.);
#4301=ORIENTED_EDGE('',*,*,#3332,.F.);
#4302=ORIENTED_EDGE('',*,*,#3333,.F.);
#4303=ORIENTED_EDGE('',*,*,#3334,.F.);
#4304=ORIENTED_EDGE('',*,*,#3335,.F.);
#4305=ORIENTED_EDGE('',*,*,#3336,.F.);
#4306=ORIENTED_EDGE('',*,*,#3337,.F.);
#4307=ORIENTED_EDGE('',*,*,#3338,.F.);
#4308=ORIENTED_EDGE('',*,*,#3339,.F.);
#4309=ORIENTED_EDGE('',*,*,#3340,.F.);
#4310=ORIENTED_EDGE('',*,*,#3341,.F.);
#4311=ORIENTED_EDGE('',*,*,#3342,.F.);
#4312=ORIENTED_EDGE('',*,*,#3343,.F.);
#4313=ORIENTED_EDGE('',*,*,#3344,.F.);
#4314=ORIENTED_EDGE('',*,*,#3345,.F.);
#4315=ORIENTED_EDGE('',*,*,#3346,.F.);
#4316=ORIENTED_EDGE('',*,*,#3347,.F.);
#4317=ORIENTED_EDGE('',*,*,#3348,.F.);
#4318=ORIENTED_EDGE('',*,*,#3349,.F.);
#4319=ORIENTED_EDGE('',*,*,#3350,.F.);
#4320=ORIENTED_EDGE('',*,*,#3351,.F.);
#4321=ORIENTED_EDGE('',*,*,#3352,.F.);
#4322=ORIENTED_EDGE('',*,*,#3353,.F.);
#4323=ORIENTED_EDGE('',*,*,#3354,.F.);
#4324=ORIENTED_EDGE('',*,*,#3355,.F.);
#4325=ORIENTED_EDGE('',*,*,#3356,.F.);
#4326=ORIENTED_EDGE('',*,*,#3357,.F.);
#4327=ORIENTED_EDGE('',*,*,#3358,.F.);
#4328=ORIENTED_EDGE('',*,*,#3359,.F.);
#4329=ORIENTED_EDGE('',*,*,#3360,.F.);
#4330=ORIENTED_EDGE('',*,*,#3361,.F.);
#4331=ORIENTED_EDGE('',*,*,#3362,.F.);
#4332=ORIENTED_EDGE('',*,*,#3363,.F.);
#4333=ORIENTED_EDGE('',*,*,#3364,.F.);
#4334=ORIENTED_EDGE('',*,*,#3365,.F.);
#4335=ORIENTED_EDGE('',*,*,#3366,.F.);
#4336=ORIENTED_EDGE('',*,*,#3367,.F.);
#4337=ORIENTED_EDGE('',*,*,#3368,.F.);
#4338=ORIENTED_EDGE('',*,*,#3369,.F.);
#4339=ORIENTED_EDGE('',*,*,#3370,.F.);
#4340=ORIENTED_EDGE('',*,*,#3371,.F.);
#4341=ORIENTED_EDGE('',*,*,#3372,.F.);
#4342=ORIENTED_EDGE('',*,*,#3373,.F.);
#4343=ORIENTED_EDGE('',*,*,#3374,.F.);
#4344=ORIENTED_EDGE('',*,*,#3375,.F.);
#4345=ORIENTED_EDGE('',*,*,#3323,.T.);
#4346=ORIENTED_EDGE('',*,*,#3320,.T.);
#4347=ORIENTED_EDGE('',*,*,#3317,.T.);
#4348=ORIENTED_EDGE('',*,*,#3326,.T.);
#4349=ORIENTED_EDGE('',*,*,#3311,.T.);
#4350=ORIENTED_EDGE('',*,*,#3308,.T.);
#4351=ORIENTED_EDGE('',*,*,#3305,.T.);
#4352=ORIENTED_EDGE('',*,*,#3314,.T.);
#4353=ORIENTED_EDGE('',*,*,#3299,.T.);
#4354=ORIENTED_EDGE('',*,*,#3296,.T.);
#4355=ORIENTED_EDGE('',*,*,#3293,.T.);
#4356=ORIENTED_EDGE('',*,*,#3302,.T.);
#4357=ORIENTED_EDGE('',*,*,#3335,.T.);
#4358=ORIENTED_EDGE('',*,*,#3376,.T.);
#4359=ORIENTED_EDGE('',*,*,#3377,.F.);
#4360=ORIENTED_EDGE('',*,*,#3378,.F.);
#4361=ORIENTED_EDGE('',*,*,#3334,.T.);
#4362=ORIENTED_EDGE('',*,*,#3379,.T.);
#4363=ORIENTED_EDGE('',*,*,#3380,.F.);
#4364=ORIENTED_EDGE('',*,*,#3376,.F.);
#4365=ORIENTED_EDGE('',*,*,#3333,.T.);
#4366=ORIENTED_EDGE('',*,*,#3381,.T.);
#4367=ORIENTED_EDGE('',*,*,#3382,.F.);
#4368=ORIENTED_EDGE('',*,*,#3379,.F.);
#4369=ORIENTED_EDGE('',*,*,#3332,.T.);
#4370=ORIENTED_EDGE('',*,*,#3383,.T.);
#4371=ORIENTED_EDGE('',*,*,#3384,.F.);
#4372=ORIENTED_EDGE('',*,*,#3381,.F.);
#4373=ORIENTED_EDGE('',*,*,#3343,.T.);
#4374=ORIENTED_EDGE('',*,*,#3385,.T.);
#4375=ORIENTED_EDGE('',*,*,#3386,.F.);
#4376=ORIENTED_EDGE('',*,*,#3387,.F.);
#4377=ORIENTED_EDGE('',*,*,#3342,.T.);
#4378=ORIENTED_EDGE('',*,*,#3388,.T.);
#4379=ORIENTED_EDGE('',*,*,#3389,.F.);
#4380=ORIENTED_EDGE('',*,*,#3385,.F.);
#4381=ORIENTED_EDGE('',*,*,#3341,.T.);
#4382=ORIENTED_EDGE('',*,*,#3390,.T.);
#4383=ORIENTED_EDGE('',*,*,#3391,.F.);
#4384=ORIENTED_EDGE('',*,*,#3388,.F.);
#4385=ORIENTED_EDGE('',*,*,#3350,.T.);
#4386=ORIENTED_EDGE('',*,*,#3392,.T.);
#4387=ORIENTED_EDGE('',*,*,#3393,.F.);
#4388=ORIENTED_EDGE('',*,*,#3394,.F.);
#4389=ORIENTED_EDGE('',*,*,#3349,.T.);
#4390=ORIENTED_EDGE('',*,*,#3395,.T.);
#4391=ORIENTED_EDGE('',*,*,#3396,.F.);
#4392=ORIENTED_EDGE('',*,*,#3392,.F.);
#4393=ORIENTED_EDGE('',*,*,#3348,.T.);
#4394=ORIENTED_EDGE('',*,*,#3397,.T.);
#4395=ORIENTED_EDGE('',*,*,#3398,.F.);
#4396=ORIENTED_EDGE('',*,*,#3395,.F.);
#4397=ORIENTED_EDGE('',*,*,#3355,.T.);
#4398=ORIENTED_EDGE('',*,*,#3399,.T.);
#4399=ORIENTED_EDGE('',*,*,#3400,.F.);
#4400=ORIENTED_EDGE('',*,*,#3401,.F.);
#4401=ORIENTED_EDGE('',*,*,#3358,.T.);
#4402=ORIENTED_EDGE('',*,*,#3402,.T.);
#4403=ORIENTED_EDGE('',*,*,#3403,.F.);
#4404=ORIENTED_EDGE('',*,*,#3404,.F.);
#4405=ORIENTED_EDGE('',*,*,#3361,.T.);
#4406=ORIENTED_EDGE('',*,*,#3405,.T.);
#4407=ORIENTED_EDGE('',*,*,#3406,.F.);
#4408=ORIENTED_EDGE('',*,*,#3407,.F.);
#4409=ORIENTED_EDGE('',*,*,#3365,.T.);
#4410=ORIENTED_EDGE('',*,*,#3408,.T.);
#4411=ORIENTED_EDGE('',*,*,#3409,.F.);
#4412=ORIENTED_EDGE('',*,*,#3410,.F.);
#4413=ORIENTED_EDGE('',*,*,#3364,.T.);
#4414=ORIENTED_EDGE('',*,*,#3411,.T.);
#4415=ORIENTED_EDGE('',*,*,#3412,.F.);
#4416=ORIENTED_EDGE('',*,*,#3408,.F.);
#4417=ORIENTED_EDGE('',*,*,#3368,.T.);
#4418=ORIENTED_EDGE('',*,*,#3413,.T.);
#4419=ORIENTED_EDGE('',*,*,#3414,.F.);
#4420=ORIENTED_EDGE('',*,*,#3415,.F.);
#4421=ORIENTED_EDGE('',*,*,#3373,.T.);
#4422=ORIENTED_EDGE('',*,*,#3416,.T.);
#4423=ORIENTED_EDGE('',*,*,#3417,.F.);
#4424=ORIENTED_EDGE('',*,*,#3418,.F.);
#4425=ORIENTED_EDGE('',*,*,#3372,.T.);
#4426=ORIENTED_EDGE('',*,*,#3419,.T.);
#4427=ORIENTED_EDGE('',*,*,#3420,.F.);
#4428=ORIENTED_EDGE('',*,*,#3416,.F.);
#4429=ORIENTED_EDGE('',*,*,#3371,.T.);
#4430=ORIENTED_EDGE('',*,*,#3421,.T.);
#4431=ORIENTED_EDGE('',*,*,#3422,.F.);
#4432=ORIENTED_EDGE('',*,*,#3419,.F.);
#4433=ORIENTED_EDGE('',*,*,#3329,.T.);
#4434=ORIENTED_EDGE('',*,*,#3423,.T.);
#4435=ORIENTED_EDGE('',*,*,#3424,.F.);
#4436=ORIENTED_EDGE('',*,*,#3425,.F.);
#4437=ORIENTED_EDGE('',*,*,#3328,.T.);
#4438=ORIENTED_EDGE('',*,*,#3426,.T.);
#4439=ORIENTED_EDGE('',*,*,#3427,.F.);
#4440=ORIENTED_EDGE('',*,*,#3423,.F.);
#4441=ORIENTED_EDGE('',*,*,#3327,.T.);
#4442=ORIENTED_EDGE('',*,*,#3287,.T.);
#4443=ORIENTED_EDGE('',*,*,#3428,.F.);
#4444=ORIENTED_EDGE('',*,*,#3426,.F.);
#4445=ORIENTED_EDGE('',*,*,#3338,.T.);
#4446=ORIENTED_EDGE('',*,*,#3429,.T.);
#4447=ORIENTED_EDGE('',*,*,#3430,.F.);
#4448=ORIENTED_EDGE('',*,*,#3383,.F.);
#4449=ORIENTED_EDGE('',*,*,#3337,.T.);
#4450=ORIENTED_EDGE('',*,*,#3431,.T.);
#4451=ORIENTED_EDGE('',*,*,#3432,.F.);
#4452=ORIENTED_EDGE('',*,*,#3429,.F.);
#4453=ORIENTED_EDGE('',*,*,#3336,.T.);
#4454=ORIENTED_EDGE('',*,*,#3378,.T.);
#4455=ORIENTED_EDGE('',*,*,#3433,.F.);
#4456=ORIENTED_EDGE('',*,*,#3431,.F.);
#4457=ORIENTED_EDGE('',*,*,#3434,.F.);
#4458=ORIENTED_EDGE('',*,*,#3435,.F.);
#4459=ORIENTED_EDGE('',*,*,#3436,.F.);
#4460=ORIENTED_EDGE('',*,*,#3437,.F.);
#4461=ORIENTED_EDGE('',*,*,#3438,.F.);
#4462=ORIENTED_EDGE('',*,*,#3439,.F.);
#4463=ORIENTED_EDGE('',*,*,#3440,.T.);
#4464=ORIENTED_EDGE('',*,*,#3441,.T.);
#4465=ORIENTED_EDGE('',*,*,#3439,.T.);
#4466=ORIENTED_EDGE('',*,*,#3442,.T.);
#4467=ORIENTED_EDGE('',*,*,#3443,.T.);
#4468=ORIENTED_EDGE('',*,*,#3274,.T.);
#4469=ORIENTED_EDGE('',*,*,#3444,.T.);
#4470=ORIENTED_EDGE('',*,*,#3445,.T.);
#4471=ORIENTED_EDGE('',*,*,#3424,.T.);
#4472=ORIENTED_EDGE('',*,*,#3427,.T.);
#4473=ORIENTED_EDGE('',*,*,#3428,.T.);
#4474=ORIENTED_EDGE('',*,*,#3286,.T.);
#4475=ORIENTED_EDGE('',*,*,#3290,.T.);
#4476=ORIENTED_EDGE('',*,*,#3446,.T.);
#4477=ORIENTED_EDGE('',*,*,#3437,.T.);
#4478=ORIENTED_EDGE('',*,*,#3447,.T.);
#4479=ORIENTED_EDGE('',*,*,#3448,.T.);
#4480=ORIENTED_EDGE('',*,*,#3449,.T.);
#4481=ORIENTED_EDGE('',*,*,#3450,.T.);
#4482=ORIENTED_EDGE('',*,*,#3451,.T.);
#4483=ORIENTED_EDGE('',*,*,#3452,.T.);
#4484=ORIENTED_EDGE('',*,*,#3453,.T.);
#4485=ORIENTED_EDGE('',*,*,#3270,.T.);
#4486=ORIENTED_EDGE('',*,*,#3454,.T.);
#4487=ORIENTED_EDGE('',*,*,#3442,.F.);
#4488=ORIENTED_EDGE('',*,*,#3438,.T.);
#4489=ORIENTED_EDGE('',*,*,#3455,.T.);
#4490=ORIENTED_EDGE('',*,*,#3434,.T.);
#4491=ORIENTED_EDGE('',*,*,#3446,.F.);
#4492=ORIENTED_EDGE('',*,*,#3289,.T.);
#4493=ORIENTED_EDGE('',*,*,#3284,.T.);
#4494=ORIENTED_EDGE('',*,*,#3280,.T.);
#4495=ORIENTED_EDGE('',*,*,#3269,.T.);
#4496=ORIENTED_EDGE('',*,*,#3275,.F.);
#4497=ORIENTED_EDGE('',*,*,#3443,.F.);
#4498=ORIENTED_EDGE('',*,*,#3454,.F.);
#4499=ORIENTED_EDGE('',*,*,#3456,.F.);
#4500=ORIENTED_EDGE('',*,*,#3457,.F.);
#4501=ORIENTED_EDGE('',*,*,#3458,.F.);
#4502=ORIENTED_EDGE('',*,*,#3459,.F.);
#4503=ORIENTED_EDGE('',*,*,#3450,.F.);
#4504=ORIENTED_EDGE('',*,*,#3460,.T.);
#4505=ORIENTED_EDGE('',*,*,#3461,.F.);
#4506=ORIENTED_EDGE('',*,*,#3462,.F.);
#4507=ORIENTED_EDGE('',*,*,#3463,.T.);
#4508=ORIENTED_EDGE('',*,*,#3461,.T.);
#4509=ORIENTED_EDGE('',*,*,#3464,.T.);
#4510=ORIENTED_EDGE('',*,*,#3465,.F.);
#4511=ORIENTED_EDGE('',*,*,#3458,.T.);
#4512=ORIENTED_EDGE('',*,*,#3466,.F.);
#4513=ORIENTED_EDGE('',*,*,#3466,.T.);
#4514=ORIENTED_EDGE('',*,*,#3457,.T.);
#4515=ORIENTED_EDGE('',*,*,#3467,.F.);
#4516=ORIENTED_EDGE('',*,*,#3468,.T.);
#4517=ORIENTED_EDGE('',*,*,#3469,.T.);
#4518=ORIENTED_EDGE('',*,*,#3470,.T.);
#4519=ORIENTED_EDGE('',*,*,#3471,.F.);
#4520=ORIENTED_EDGE('',*,*,#3472,.F.);
#4521=ORIENTED_EDGE('',*,*,#3456,.T.);
#4522=ORIENTED_EDGE('',*,*,#3473,.T.);
#4523=ORIENTED_EDGE('',*,*,#3474,.T.);
#4524=ORIENTED_EDGE('',*,*,#3475,.T.);
#4525=ORIENTED_EDGE('',*,*,#3476,.T.);
#4526=ORIENTED_EDGE('',*,*,#3477,.T.);
#4527=ORIENTED_EDGE('',*,*,#3478,.T.);
#4528=ORIENTED_EDGE('',*,*,#3479,.T.);
#4529=ORIENTED_EDGE('',*,*,#3480,.T.);
#4530=ORIENTED_EDGE('',*,*,#3481,.T.);
#4531=ORIENTED_EDGE('',*,*,#3482,.T.);
#4532=ORIENTED_EDGE('',*,*,#3467,.T.);
#4533=ORIENTED_EDGE('',*,*,#3483,.T.);
#4534=ORIENTED_EDGE('',*,*,#3414,.T.);
#4535=ORIENTED_EDGE('',*,*,#3484,.T.);
#4536=ORIENTED_EDGE('',*,*,#3485,.T.);
#4537=ORIENTED_EDGE('',*,*,#3409,.T.);
#4538=ORIENTED_EDGE('',*,*,#3412,.T.);
#4539=ORIENTED_EDGE('',*,*,#3486,.T.);
#4540=ORIENTED_EDGE('',*,*,#3487,.T.);
#4541=ORIENTED_EDGE('',*,*,#3406,.T.);
#4542=ORIENTED_EDGE('',*,*,#3488,.T.);
#4543=ORIENTED_EDGE('',*,*,#3489,.T.);
#4544=ORIENTED_EDGE('',*,*,#3403,.T.);
#4545=ORIENTED_EDGE('',*,*,#3490,.T.);
#4546=ORIENTED_EDGE('',*,*,#3491,.T.);
#4547=ORIENTED_EDGE('',*,*,#3400,.T.);
#4548=ORIENTED_EDGE('',*,*,#3492,.T.);
#4549=ORIENTED_EDGE('',*,*,#3322,.T.);
#4550=ORIENTED_EDGE('',*,*,#3325,.T.);
#4551=ORIENTED_EDGE('',*,*,#3315,.T.);
#4552=ORIENTED_EDGE('',*,*,#3319,.T.);
#4553=ORIENTED_EDGE('',*,*,#3310,.T.);
#4554=ORIENTED_EDGE('',*,*,#3313,.T.);
#4555=ORIENTED_EDGE('',*,*,#3303,.T.);
#4556=ORIENTED_EDGE('',*,*,#3307,.T.);
#4557=ORIENTED_EDGE('',*,*,#3298,.T.);
#4558=ORIENTED_EDGE('',*,*,#3301,.T.);
#4559=ORIENTED_EDGE('',*,*,#3291,.T.);
#4560=ORIENTED_EDGE('',*,*,#3295,.T.);
#4561=ORIENTED_EDGE('',*,*,#3447,.F.);
#4562=ORIENTED_EDGE('',*,*,#3436,.T.);
#4563=ORIENTED_EDGE('',*,*,#3493,.F.);
#4564=ORIENTED_EDGE('',*,*,#3494,.F.);
#4565=ORIENTED_EDGE('',*,*,#3453,.F.);
#4566=ORIENTED_EDGE('',*,*,#3495,.T.);
#4567=ORIENTED_EDGE('',*,*,#3496,.F.);
#4568=ORIENTED_EDGE('',*,*,#3440,.F.);
#4569=ORIENTED_EDGE('',*,*,#3452,.F.);
#4570=ORIENTED_EDGE('',*,*,#3497,.T.);
#4571=ORIENTED_EDGE('',*,*,#3498,.F.);
#4572=ORIENTED_EDGE('',*,*,#3499,.F.);
#4573=ORIENTED_EDGE('',*,*,#3495,.F.);
#4574=ORIENTED_EDGE('',*,*,#3476,.F.);
#4575=ORIENTED_EDGE('',*,*,#3500,.F.);
#4576=ORIENTED_EDGE('',*,*,#3501,.F.);
#4577=ORIENTED_EDGE('',*,*,#3502,.F.);
#4578=ORIENTED_EDGE('',*,*,#3477,.F.);
#4579=ORIENTED_EDGE('',*,*,#3502,.T.);
#4580=ORIENTED_EDGE('',*,*,#3503,.F.);
#4581=ORIENTED_EDGE('',*,*,#3504,.F.);
#4582=ORIENTED_EDGE('',*,*,#3478,.F.);
#4583=ORIENTED_EDGE('',*,*,#3504,.T.);
#4584=ORIENTED_EDGE('',*,*,#3505,.F.);
#4585=ORIENTED_EDGE('',*,*,#3506,.F.);
#4586=ORIENTED_EDGE('',*,*,#3479,.F.);
#4587=ORIENTED_EDGE('',*,*,#3506,.T.);
#4588=ORIENTED_EDGE('',*,*,#3507,.F.);
#4589=ORIENTED_EDGE('',*,*,#3508,.F.);
#4590=ORIENTED_EDGE('',*,*,#3480,.F.);
#4591=ORIENTED_EDGE('',*,*,#3508,.T.);
#4592=ORIENTED_EDGE('',*,*,#3509,.F.);
#4593=ORIENTED_EDGE('',*,*,#3510,.F.);
#4594=ORIENTED_EDGE('',*,*,#3511,.T.);
#4595=ORIENTED_EDGE('',*,*,#3493,.T.);
#4596=ORIENTED_EDGE('',*,*,#3435,.T.);
#4597=ORIENTED_EDGE('',*,*,#3455,.F.);
#4598=ORIENTED_EDGE('',*,*,#3441,.F.);
#4599=ORIENTED_EDGE('',*,*,#3496,.T.);
#4600=ORIENTED_EDGE('',*,*,#3499,.T.);
#4601=ORIENTED_EDGE('',*,*,#3512,.F.);
#4602=ORIENTED_EDGE('',*,*,#3509,.T.);
#4603=ORIENTED_EDGE('',*,*,#3507,.T.);
#4604=ORIENTED_EDGE('',*,*,#3505,.T.);
#4605=ORIENTED_EDGE('',*,*,#3503,.T.);
#4606=ORIENTED_EDGE('',*,*,#3501,.T.);
#4607=ORIENTED_EDGE('',*,*,#3513,.F.);
#4608=ORIENTED_EDGE('',*,*,#3482,.F.);
#4609=ORIENTED_EDGE('',*,*,#3514,.F.);
#4610=ORIENTED_EDGE('',*,*,#3515,.F.);
#4611=ORIENTED_EDGE('',*,*,#3468,.F.);
#4612=ORIENTED_EDGE('',*,*,#3498,.T.);
#4613=ORIENTED_EDGE('',*,*,#3516,.T.);
#4614=ORIENTED_EDGE('',*,*,#3469,.F.);
#4615=ORIENTED_EDGE('',*,*,#3515,.T.);
#4616=ORIENTED_EDGE('',*,*,#3517,.F.);
#4617=ORIENTED_EDGE('',*,*,#3513,.T.);
#4618=ORIENTED_EDGE('',*,*,#3500,.T.);
#4619=ORIENTED_EDGE('',*,*,#3475,.F.);
#4620=ORIENTED_EDGE('',*,*,#3518,.T.);
#4621=ORIENTED_EDGE('',*,*,#3519,.T.);
#4622=ORIENTED_EDGE('',*,*,#3520,.T.);
#4623=ORIENTED_EDGE('',*,*,#3521,.F.);
#4624=ORIENTED_EDGE('',*,*,#3522,.F.);
#4625=ORIENTED_EDGE('',*,*,#3523,.F.);
#4626=ORIENTED_EDGE('',*,*,#3524,.T.);
#4627=ORIENTED_EDGE('',*,*,#3514,.T.);
#4628=ORIENTED_EDGE('',*,*,#3481,.F.);
#4629=ORIENTED_EDGE('',*,*,#3510,.T.);
#4630=ORIENTED_EDGE('',*,*,#3512,.T.);
#4631=ORIENTED_EDGE('',*,*,#3517,.T.);
#4632=ORIENTED_EDGE('',*,*,#3524,.F.);
#4633=ORIENTED_EDGE('',*,*,#3474,.F.);
#4634=ORIENTED_EDGE('',*,*,#3525,.F.);
#4635=ORIENTED_EDGE('',*,*,#3526,.F.);
#4636=ORIENTED_EDGE('',*,*,#3518,.F.);
#4637=ORIENTED_EDGE('',*,*,#3527,.T.);
#4638=ORIENTED_EDGE('',*,*,#3519,.F.);
#4639=ORIENTED_EDGE('',*,*,#3526,.T.);
#4640=ORIENTED_EDGE('',*,*,#3528,.F.);
#4641=ORIENTED_EDGE('',*,*,#3465,.T.);
#4642=ORIENTED_EDGE('',*,*,#3529,.T.);
#4643=ORIENTED_EDGE('',*,*,#3530,.F.);
#4644=ORIENTED_EDGE('',*,*,#3531,.F.);
#4645=ORIENTED_EDGE('',*,*,#3528,.T.);
#4646=ORIENTED_EDGE('',*,*,#3525,.T.);
#4647=ORIENTED_EDGE('',*,*,#3473,.F.);
#4648=ORIENTED_EDGE('',*,*,#3459,.T.);
#4649=ORIENTED_EDGE('',*,*,#3451,.F.);
#4650=ORIENTED_EDGE('',*,*,#3462,.T.);
#4651=ORIENTED_EDGE('',*,*,#3463,.F.);
#4652=ORIENTED_EDGE('',*,*,#3472,.T.);
#4653=ORIENTED_EDGE('',*,*,#3532,.F.);
#4654=ORIENTED_EDGE('',*,*,#3470,.F.);
#4655=ORIENTED_EDGE('',*,*,#3516,.F.);
#4656=ORIENTED_EDGE('',*,*,#3497,.F.);
#4657=ORIENTED_EDGE('',*,*,#3471,.T.);
#4658=ORIENTED_EDGE('',*,*,#3532,.T.);
#4659=ORIENTED_EDGE('',*,*,#3533,.T.);
#4660=ORIENTED_EDGE('',*,*,#3534,.T.);
#4661=ORIENTED_EDGE('',*,*,#3535,.T.);
#4662=ORIENTED_EDGE('',*,*,#3386,.T.);
#4663=ORIENTED_EDGE('',*,*,#3389,.T.);
#4664=ORIENTED_EDGE('',*,*,#3391,.T.);
#4665=ORIENTED_EDGE('',*,*,#3536,.T.);
#4666=ORIENTED_EDGE('',*,*,#3523,.T.);
#4667=ORIENTED_EDGE('',*,*,#3384,.T.);
#4668=ORIENTED_EDGE('',*,*,#3430,.T.);
#4669=ORIENTED_EDGE('',*,*,#3432,.T.);
#4670=ORIENTED_EDGE('',*,*,#3433,.T.);
#4671=ORIENTED_EDGE('',*,*,#3377,.T.);
#4672=ORIENTED_EDGE('',*,*,#3380,.T.);
#4673=ORIENTED_EDGE('',*,*,#3382,.T.);
#4674=ORIENTED_EDGE('',*,*,#3521,.T.);
#4675=ORIENTED_EDGE('',*,*,#3537,.T.);
#4676=ORIENTED_EDGE('',*,*,#3538,.T.);
#4677=ORIENTED_EDGE('',*,*,#3539,.T.);
#4678=ORIENTED_EDGE('',*,*,#3540,.T.);
#4679=ORIENTED_EDGE('',*,*,#3393,.T.);
#4680=ORIENTED_EDGE('',*,*,#3396,.T.);
#4681=ORIENTED_EDGE('',*,*,#3398,.T.);
#4682=ORIENTED_EDGE('',*,*,#3541,.T.);
#4683=ORIENTED_EDGE('',*,*,#3449,.F.);
#4684=ORIENTED_EDGE('',*,*,#3542,.T.);
#4685=ORIENTED_EDGE('',*,*,#3543,.F.);
#4686=ORIENTED_EDGE('',*,*,#3529,.F.);
#4687=ORIENTED_EDGE('',*,*,#3464,.F.);
#4688=ORIENTED_EDGE('',*,*,#3460,.F.);
#4689=ORIENTED_EDGE('',*,*,#3448,.F.);
#4690=ORIENTED_EDGE('',*,*,#3494,.T.);
#4691=ORIENTED_EDGE('',*,*,#3511,.F.);
#4692=ORIENTED_EDGE('',*,*,#3522,.T.);
#4693=ORIENTED_EDGE('',*,*,#3537,.F.);
#4694=ORIENTED_EDGE('',*,*,#3520,.F.);
#4695=ORIENTED_EDGE('',*,*,#3527,.F.);
#4696=ORIENTED_EDGE('',*,*,#3531,.T.);
#4697=ORIENTED_EDGE('',*,*,#3544,.F.);
#4698=ORIENTED_EDGE('',*,*,#3542,.F.);
#4699=ORIENTED_EDGE('',*,*,#3530,.T.);
#4700=ORIENTED_EDGE('',*,*,#3543,.T.);
#4701=ORIENTED_EDGE('',*,*,#3544,.T.);
#4702=ORIENTED_EDGE('',*,*,#3545,.T.);
#4703=ORIENTED_EDGE('',*,*,#3546,.T.);
#4704=ORIENTED_EDGE('',*,*,#3547,.T.);
#4705=ORIENTED_EDGE('',*,*,#3417,.T.);
#4706=ORIENTED_EDGE('',*,*,#3420,.T.);
#4707=ORIENTED_EDGE('',*,*,#3422,.T.);
#4708=ORIENTED_EDGE('',*,*,#3548,.T.);
#4709=ORIENTED_EDGE('',*,*,#3370,.T.);
#4710=ORIENTED_EDGE('',*,*,#3549,.T.);
#4711=ORIENTED_EDGE('',*,*,#3548,.F.);
#4712=ORIENTED_EDGE('',*,*,#3421,.F.);
#4713=ORIENTED_EDGE('',*,*,#3374,.T.);
#4714=ORIENTED_EDGE('',*,*,#3418,.T.);
#4715=ORIENTED_EDGE('',*,*,#3547,.F.);
#4716=ORIENTED_EDGE('',*,*,#3550,.F.);
#4717=ORIENTED_EDGE('',*,*,#3375,.T.);
#4718=ORIENTED_EDGE('',*,*,#3550,.T.);
#4719=ORIENTED_EDGE('',*,*,#3546,.F.);
#4720=ORIENTED_EDGE('',*,*,#3551,.F.);
#4721=ORIENTED_EDGE('',*,*,#3369,.T.);
#4722=ORIENTED_EDGE('',*,*,#3551,.T.);
#4723=ORIENTED_EDGE('',*,*,#3545,.F.);
#4724=ORIENTED_EDGE('',*,*,#3549,.F.);
#4725=ORIENTED_EDGE('',*,*,#3367,.T.);
#4726=ORIENTED_EDGE('',*,*,#3552,.T.);
#4727=ORIENTED_EDGE('',*,*,#3484,.F.);
#4728=ORIENTED_EDGE('',*,*,#3413,.F.);
#4729=ORIENTED_EDGE('',*,*,#3366,.T.);
#4730=ORIENTED_EDGE('',*,*,#3415,.T.);
#4731=ORIENTED_EDGE('',*,*,#3483,.F.);
#4732=ORIENTED_EDGE('',*,*,#3552,.F.);
#4733=ORIENTED_EDGE('',*,*,#3363,.T.);
#4734=ORIENTED_EDGE('',*,*,#3553,.T.);
#4735=ORIENTED_EDGE('',*,*,#3486,.F.);
#4736=ORIENTED_EDGE('',*,*,#3411,.F.);
#4737=ORIENTED_EDGE('',*,*,#3362,.T.);
#4738=ORIENTED_EDGE('',*,*,#3410,.T.);
#4739=ORIENTED_EDGE('',*,*,#3485,.F.);
#4740=ORIENTED_EDGE('',*,*,#3553,.F.);
#4741=ORIENTED_EDGE('',*,*,#3360,.T.);
#4742=ORIENTED_EDGE('',*,*,#3554,.T.);
#4743=ORIENTED_EDGE('',*,*,#3488,.F.);
#4744=ORIENTED_EDGE('',*,*,#3405,.F.);
#4745=ORIENTED_EDGE('',*,*,#3359,.T.);
#4746=ORIENTED_EDGE('',*,*,#3407,.T.);
#4747=ORIENTED_EDGE('',*,*,#3487,.F.);
#4748=ORIENTED_EDGE('',*,*,#3554,.F.);
#4749=ORIENTED_EDGE('',*,*,#3340,.T.);
#4750=ORIENTED_EDGE('',*,*,#3555,.T.);
#4751=ORIENTED_EDGE('',*,*,#3536,.F.);
#4752=ORIENTED_EDGE('',*,*,#3390,.F.);
#4753=ORIENTED_EDGE('',*,*,#3344,.T.);
#4754=ORIENTED_EDGE('',*,*,#3387,.T.);
#4755=ORIENTED_EDGE('',*,*,#3535,.F.);
#4756=ORIENTED_EDGE('',*,*,#3556,.F.);
#4757=ORIENTED_EDGE('',*,*,#3345,.T.);
#4758=ORIENTED_EDGE('',*,*,#3556,.T.);
#4759=ORIENTED_EDGE('',*,*,#3534,.F.);
#4760=ORIENTED_EDGE('',*,*,#3557,.F.);
#4761=ORIENTED_EDGE('',*,*,#3339,.T.);
#4762=ORIENTED_EDGE('',*,*,#3557,.T.);
#4763=ORIENTED_EDGE('',*,*,#3533,.F.);
#4764=ORIENTED_EDGE('',*,*,#3555,.F.);
#4765=ORIENTED_EDGE('',*,*,#3357,.T.);
#4766=ORIENTED_EDGE('',*,*,#3558,.T.);
#4767=ORIENTED_EDGE('',*,*,#3490,.F.);
#4768=ORIENTED_EDGE('',*,*,#3402,.F.);
#4769=ORIENTED_EDGE('',*,*,#3356,.T.);
#4770=ORIENTED_EDGE('',*,*,#3404,.T.);
#4771=ORIENTED_EDGE('',*,*,#3489,.F.);
#4772=ORIENTED_EDGE('',*,*,#3558,.F.);
#4773=ORIENTED_EDGE('',*,*,#3354,.T.);
#4774=ORIENTED_EDGE('',*,*,#3559,.T.);
#4775=ORIENTED_EDGE('',*,*,#3492,.F.);
#4776=ORIENTED_EDGE('',*,*,#3399,.F.);
#4777=ORIENTED_EDGE('',*,*,#3353,.T.);
#4778=ORIENTED_EDGE('',*,*,#3401,.T.);
#4779=ORIENTED_EDGE('',*,*,#3491,.F.);
#4780=ORIENTED_EDGE('',*,*,#3559,.F.);
#4781=ORIENTED_EDGE('',*,*,#3347,.T.);
#4782=ORIENTED_EDGE('',*,*,#3560,.T.);
#4783=ORIENTED_EDGE('',*,*,#3541,.F.);
#4784=ORIENTED_EDGE('',*,*,#3397,.F.);
#4785=ORIENTED_EDGE('',*,*,#3351,.T.);
#4786=ORIENTED_EDGE('',*,*,#3394,.T.);
#4787=ORIENTED_EDGE('',*,*,#3540,.F.);
#4788=ORIENTED_EDGE('',*,*,#3561,.F.);
#4789=ORIENTED_EDGE('',*,*,#3352,.T.);
#4790=ORIENTED_EDGE('',*,*,#3561,.T.);
#4791=ORIENTED_EDGE('',*,*,#3539,.F.);
#4792=ORIENTED_EDGE('',*,*,#3562,.F.);
#4793=ORIENTED_EDGE('',*,*,#3346,.T.);
#4794=ORIENTED_EDGE('',*,*,#3562,.T.);
#4795=ORIENTED_EDGE('',*,*,#3538,.F.);
#4796=ORIENTED_EDGE('',*,*,#3560,.F.);
#4797=ORIENTED_EDGE('',*,*,#3330,.T.);
#4798=ORIENTED_EDGE('',*,*,#3425,.T.);
#4799=ORIENTED_EDGE('',*,*,#3445,.F.);
#4800=ORIENTED_EDGE('',*,*,#3563,.F.);
#4801=ORIENTED_EDGE('',*,*,#3331,.T.);
#4802=ORIENTED_EDGE('',*,*,#3563,.T.);
#4803=ORIENTED_EDGE('',*,*,#3444,.F.);
#4804=ORIENTED_EDGE('',*,*,#3273,.F.);
#4805=ORIENTED_EDGE('',*,*,#3564,.F.);
#4806=ORIENTED_EDGE('',*,*,#3565,.F.);
#4807=ORIENTED_EDGE('',*,*,#3566,.T.);
#4808=ORIENTED_EDGE('',*,*,#3567,.T.);
#4809=ORIENTED_EDGE('',*,*,#3568,.F.);
#4810=ORIENTED_EDGE('',*,*,#3567,.F.);
#4811=ORIENTED_EDGE('',*,*,#3569,.T.);
#4812=ORIENTED_EDGE('',*,*,#3570,.T.);
#4813=ORIENTED_EDGE('',*,*,#3571,.F.);
#4814=ORIENTED_EDGE('',*,*,#3570,.F.);
#4815=ORIENTED_EDGE('',*,*,#3572,.T.);
#4816=ORIENTED_EDGE('',*,*,#3573,.T.);
#4817=ORIENTED_EDGE('',*,*,#3574,.F.);
#4818=ORIENTED_EDGE('',*,*,#3573,.F.);
#4819=ORIENTED_EDGE('',*,*,#3575,.T.);
#4820=ORIENTED_EDGE('',*,*,#3576,.T.);
#4821=ORIENTED_EDGE('',*,*,#3577,.F.);
#4822=ORIENTED_EDGE('',*,*,#3576,.F.);
#4823=ORIENTED_EDGE('',*,*,#3578,.T.);
#4824=ORIENTED_EDGE('',*,*,#3579,.T.);
#4825=ORIENTED_EDGE('',*,*,#3580,.F.);
#4826=ORIENTED_EDGE('',*,*,#3579,.F.);
#4827=ORIENTED_EDGE('',*,*,#3581,.T.);
#4828=ORIENTED_EDGE('',*,*,#3582,.T.);
#4829=ORIENTED_EDGE('',*,*,#3583,.F.);
#4830=ORIENTED_EDGE('',*,*,#3582,.F.);
#4831=ORIENTED_EDGE('',*,*,#3584,.T.);
#4832=ORIENTED_EDGE('',*,*,#3585,.T.);
#4833=ORIENTED_EDGE('',*,*,#3586,.F.);
#4834=ORIENTED_EDGE('',*,*,#3585,.F.);
#4835=ORIENTED_EDGE('',*,*,#3587,.T.);
#4836=ORIENTED_EDGE('',*,*,#3565,.T.);
#4837=ORIENTED_EDGE('',*,*,#3588,.F.);
#4838=ORIENTED_EDGE('',*,*,#3589,.F.);
#4839=ORIENTED_EDGE('',*,*,#3590,.T.);
#4840=ORIENTED_EDGE('',*,*,#3591,.T.);
#4841=ORIENTED_EDGE('',*,*,#3592,.F.);
#4842=ORIENTED_EDGE('',*,*,#3591,.F.);
#4843=ORIENTED_EDGE('',*,*,#3593,.T.);
#4844=ORIENTED_EDGE('',*,*,#3594,.T.);
#4845=ORIENTED_EDGE('',*,*,#3595,.F.);
#4846=ORIENTED_EDGE('',*,*,#3594,.F.);
#4847=ORIENTED_EDGE('',*,*,#3596,.T.);
#4848=ORIENTED_EDGE('',*,*,#3597,.T.);
#4849=ORIENTED_EDGE('',*,*,#3598,.F.);
#4850=ORIENTED_EDGE('',*,*,#3597,.F.);
#4851=ORIENTED_EDGE('',*,*,#3599,.T.);
#4852=ORIENTED_EDGE('',*,*,#3600,.T.);
#4853=ORIENTED_EDGE('',*,*,#3601,.F.);
#4854=ORIENTED_EDGE('',*,*,#3600,.F.);
#4855=ORIENTED_EDGE('',*,*,#3602,.T.);
#4856=ORIENTED_EDGE('',*,*,#3603,.T.);
#4857=ORIENTED_EDGE('',*,*,#3604,.F.);
#4858=ORIENTED_EDGE('',*,*,#3603,.F.);
#4859=ORIENTED_EDGE('',*,*,#3605,.T.);
#4860=ORIENTED_EDGE('',*,*,#3606,.T.);
#4861=ORIENTED_EDGE('',*,*,#3607,.F.);
#4862=ORIENTED_EDGE('',*,*,#3606,.F.);
#4863=ORIENTED_EDGE('',*,*,#3608,.T.);
#4864=ORIENTED_EDGE('',*,*,#3609,.T.);
#4865=ORIENTED_EDGE('',*,*,#3610,.F.);
#4866=ORIENTED_EDGE('',*,*,#3609,.F.);
#4867=ORIENTED_EDGE('',*,*,#3611,.T.);
#4868=ORIENTED_EDGE('',*,*,#3589,.T.);
#4869=ORIENTED_EDGE('',*,*,#3612,.F.);
#4870=ORIENTED_EDGE('',*,*,#3613,.F.);
#4871=ORIENTED_EDGE('',*,*,#3614,.T.);
#4872=ORIENTED_EDGE('',*,*,#3615,.T.);
#4873=ORIENTED_EDGE('',*,*,#3616,.F.);
#4874=ORIENTED_EDGE('',*,*,#3615,.F.);
#4875=ORIENTED_EDGE('',*,*,#3617,.T.);
#4876=ORIENTED_EDGE('',*,*,#3618,.T.);
#4877=ORIENTED_EDGE('',*,*,#3619,.F.);
#4878=ORIENTED_EDGE('',*,*,#3618,.F.);
#4879=ORIENTED_EDGE('',*,*,#3620,.T.);
#4880=ORIENTED_EDGE('',*,*,#3621,.T.);
#4881=ORIENTED_EDGE('',*,*,#3622,.F.);
#4882=ORIENTED_EDGE('',*,*,#3621,.F.);
#4883=ORIENTED_EDGE('',*,*,#3623,.T.);
#4884=ORIENTED_EDGE('',*,*,#3624,.T.);
#4885=ORIENTED_EDGE('',*,*,#3625,.F.);
#4886=ORIENTED_EDGE('',*,*,#3624,.F.);
#4887=ORIENTED_EDGE('',*,*,#3626,.T.);
#4888=ORIENTED_EDGE('',*,*,#3627,.T.);
#4889=ORIENTED_EDGE('',*,*,#3628,.F.);
#4890=ORIENTED_EDGE('',*,*,#3627,.F.);
#4891=ORIENTED_EDGE('',*,*,#3629,.T.);
#4892=ORIENTED_EDGE('',*,*,#3630,.T.);
#4893=ORIENTED_EDGE('',*,*,#3631,.F.);
#4894=ORIENTED_EDGE('',*,*,#3630,.F.);
#4895=ORIENTED_EDGE('',*,*,#3632,.T.);
#4896=ORIENTED_EDGE('',*,*,#3633,.T.);
#4897=ORIENTED_EDGE('',*,*,#3634,.F.);
#4898=ORIENTED_EDGE('',*,*,#3633,.F.);
#4899=ORIENTED_EDGE('',*,*,#3635,.T.);
#4900=ORIENTED_EDGE('',*,*,#3613,.T.);
#4901=ORIENTED_EDGE('',*,*,#3636,.F.);
#4902=ORIENTED_EDGE('',*,*,#3637,.T.);
#4903=ORIENTED_EDGE('',*,*,#3638,.T.);
#4904=ORIENTED_EDGE('',*,*,#3639,.F.);
#4905=ORIENTED_EDGE('',*,*,#3640,.F.);
#4906=ORIENTED_EDGE('',*,*,#3641,.T.);
#4907=ORIENTED_EDGE('',*,*,#3642,.T.);
#4908=ORIENTED_EDGE('',*,*,#3637,.F.);
#4909=ORIENTED_EDGE('',*,*,#3643,.F.);
#4910=ORIENTED_EDGE('',*,*,#3644,.T.);
#4911=ORIENTED_EDGE('',*,*,#3645,.T.);
#4912=ORIENTED_EDGE('',*,*,#3641,.F.);
#4913=ORIENTED_EDGE('',*,*,#3646,.F.);
#4914=ORIENTED_EDGE('',*,*,#3647,.T.);
#4915=ORIENTED_EDGE('',*,*,#3648,.T.);
#4916=ORIENTED_EDGE('',*,*,#3644,.F.);
#4917=ORIENTED_EDGE('',*,*,#3649,.F.);
#4918=ORIENTED_EDGE('',*,*,#3650,.T.);
#4919=ORIENTED_EDGE('',*,*,#3651,.T.);
#4920=ORIENTED_EDGE('',*,*,#3647,.F.);
#4921=ORIENTED_EDGE('',*,*,#3652,.F.);
#4922=ORIENTED_EDGE('',*,*,#3653,.T.);
#4923=ORIENTED_EDGE('',*,*,#3654,.T.);
#4924=ORIENTED_EDGE('',*,*,#3650,.F.);
#4925=ORIENTED_EDGE('',*,*,#3655,.F.);
#4926=ORIENTED_EDGE('',*,*,#3656,.T.);
#4927=ORIENTED_EDGE('',*,*,#3657,.T.);
#4928=ORIENTED_EDGE('',*,*,#3653,.F.);
#4929=ORIENTED_EDGE('',*,*,#3658,.F.);
#4930=ORIENTED_EDGE('',*,*,#3639,.T.);
#4931=ORIENTED_EDGE('',*,*,#3659,.T.);
#4932=ORIENTED_EDGE('',*,*,#3656,.F.);
#4933=ORIENTED_EDGE('',*,*,#3659,.F.);
#4934=ORIENTED_EDGE('',*,*,#3638,.F.);
#4935=ORIENTED_EDGE('',*,*,#3642,.F.);
#4936=ORIENTED_EDGE('',*,*,#3645,.F.);
#4937=ORIENTED_EDGE('',*,*,#3648,.F.);
#4938=ORIENTED_EDGE('',*,*,#3651,.F.);
#4939=ORIENTED_EDGE('',*,*,#3654,.F.);
#4940=ORIENTED_EDGE('',*,*,#3657,.F.);
#4941=ORIENTED_EDGE('',*,*,#3623,.F.);
#4942=ORIENTED_EDGE('',*,*,#3620,.F.);
#4943=ORIENTED_EDGE('',*,*,#3617,.F.);
#4944=ORIENTED_EDGE('',*,*,#3614,.F.);
#4945=ORIENTED_EDGE('',*,*,#3635,.F.);
#4946=ORIENTED_EDGE('',*,*,#3632,.F.);
#4947=ORIENTED_EDGE('',*,*,#3629,.F.);
#4948=ORIENTED_EDGE('',*,*,#3626,.F.);
#4949=ORIENTED_EDGE('',*,*,#3599,.F.);
#4950=ORIENTED_EDGE('',*,*,#3596,.F.);
#4951=ORIENTED_EDGE('',*,*,#3593,.F.);
#4952=ORIENTED_EDGE('',*,*,#3590,.F.);
#4953=ORIENTED_EDGE('',*,*,#3611,.F.);
#4954=ORIENTED_EDGE('',*,*,#3608,.F.);
#4955=ORIENTED_EDGE('',*,*,#3605,.F.);
#4956=ORIENTED_EDGE('',*,*,#3602,.F.);
#4957=ORIENTED_EDGE('',*,*,#3575,.F.);
#4958=ORIENTED_EDGE('',*,*,#3572,.F.);
#4959=ORIENTED_EDGE('',*,*,#3569,.F.);
#4960=ORIENTED_EDGE('',*,*,#3566,.F.);
#4961=ORIENTED_EDGE('',*,*,#3587,.F.);
#4962=ORIENTED_EDGE('',*,*,#3584,.F.);
#4963=ORIENTED_EDGE('',*,*,#3581,.F.);
#4964=ORIENTED_EDGE('',*,*,#3578,.F.);
#4965=ORIENTED_EDGE('',*,*,#3660,.F.);
#4966=ORIENTED_EDGE('',*,*,#3661,.F.);
#4967=ORIENTED_EDGE('',*,*,#3662,.T.);
#4968=ORIENTED_EDGE('',*,*,#3663,.T.);
#4969=ORIENTED_EDGE('',*,*,#3636,.T.);
#4970=ORIENTED_EDGE('',*,*,#3658,.T.);
#4971=ORIENTED_EDGE('',*,*,#3655,.T.);
#4972=ORIENTED_EDGE('',*,*,#3652,.T.);
#4973=ORIENTED_EDGE('',*,*,#3649,.T.);
#4974=ORIENTED_EDGE('',*,*,#3646,.T.);
#4975=ORIENTED_EDGE('',*,*,#3643,.T.);
#4976=ORIENTED_EDGE('',*,*,#3640,.T.);
#4977=ORIENTED_EDGE('',*,*,#3664,.F.);
#4978=ORIENTED_EDGE('',*,*,#3665,.T.);
#4979=ORIENTED_EDGE('',*,*,#3666,.F.);
#4980=ORIENTED_EDGE('',*,*,#3667,.F.);
#4981=ORIENTED_EDGE('',*,*,#3668,.T.);
#4982=ORIENTED_EDGE('',*,*,#3669,.T.);
#4983=ORIENTED_EDGE('',*,*,#3670,.T.);
#4984=ORIENTED_EDGE('',*,*,#3671,.T.);
#4985=ORIENTED_EDGE('',*,*,#3672,.T.);
#4986=ORIENTED_EDGE('',*,*,#3673,.T.);
#4987=ORIENTED_EDGE('',*,*,#3674,.T.);
#4988=ORIENTED_EDGE('',*,*,#3675,.F.);
#4989=ORIENTED_EDGE('',*,*,#3676,.T.);
#4990=ORIENTED_EDGE('',*,*,#3677,.F.);
#4991=ORIENTED_EDGE('',*,*,#3676,.F.);
#4992=ORIENTED_EDGE('',*,*,#3678,.T.);
#4993=ORIENTED_EDGE('',*,*,#3679,.T.);
#4994=ORIENTED_EDGE('',*,*,#3680,.T.);
#4995=ORIENTED_EDGE('',*,*,#3681,.T.);
#4996=ORIENTED_EDGE('',*,*,#3682,.T.);
#4997=ORIENTED_EDGE('',*,*,#3683,.T.);
#4998=ORIENTED_EDGE('',*,*,#3684,.F.);
#4999=ORIENTED_EDGE('',*,*,#3685,.F.);
#5000=ORIENTED_EDGE('',*,*,#3675,.T.);
#5001=ORIENTED_EDGE('',*,*,#3686,.F.);
#5002=ORIENTED_EDGE('',*,*,#3687,.T.);
#5003=ORIENTED_EDGE('',*,*,#3688,.T.);
#5004=ORIENTED_EDGE('',*,*,#3689,.T.);
#5005=ORIENTED_EDGE('',*,*,#3690,.T.);
#5006=ORIENTED_EDGE('',*,*,#3691,.F.);
#5007=ORIENTED_EDGE('',*,*,#3692,.F.);
#5008=ORIENTED_EDGE('',*,*,#3666,.T.);
#5009=ORIENTED_EDGE('',*,*,#3693,.T.);
#5010=ORIENTED_EDGE('',*,*,#3694,.T.);
#5011=ORIENTED_EDGE('',*,*,#3695,.T.);
#5012=ORIENTED_EDGE('',*,*,#3696,.T.);
#5013=ORIENTED_EDGE('',*,*,#3677,.T.);
#5014=ORIENTED_EDGE('',*,*,#3697,.F.);
#5015=ORIENTED_EDGE('',*,*,#3695,.F.);
#5016=ORIENTED_EDGE('',*,*,#3698,.F.);
#5017=ORIENTED_EDGE('',*,*,#3699,.F.);
#5018=ORIENTED_EDGE('',*,*,#3700,.F.);
#5019=ORIENTED_EDGE('',*,*,#3681,.F.);
#5020=ORIENTED_EDGE('',*,*,#3678,.F.);
#5021=ORIENTED_EDGE('',*,*,#3701,.F.);
#5022=ORIENTED_EDGE('',*,*,#3702,.F.);
#5023=ORIENTED_EDGE('',*,*,#3703,.F.);
#5024=ORIENTED_EDGE('',*,*,#3704,.F.);
#5025=ORIENTED_EDGE('',*,*,#3705,.F.);
#5026=ORIENTED_EDGE('',*,*,#3662,.F.);
#5027=ORIENTED_EDGE('',*,*,#3706,.F.);
#5028=ORIENTED_EDGE('',*,*,#3682,.F.);
#5029=ORIENTED_EDGE('',*,*,#3700,.T.);
#5030=ORIENTED_EDGE('',*,*,#3707,.T.);
#5031=ORIENTED_EDGE('',*,*,#3708,.T.);
#5032=ORIENTED_EDGE('',*,*,#3709,.F.);
#5033=ORIENTED_EDGE('',*,*,#3710,.F.);
#5034=ORIENTED_EDGE('',*,*,#3711,.F.);
#5035=ORIENTED_EDGE('',*,*,#3712,.F.);
#5036=ORIENTED_EDGE('',*,*,#3713,.F.);
#5037=ORIENTED_EDGE('',*,*,#3714,.F.);
#5038=ORIENTED_EDGE('',*,*,#3715,.F.);
#5039=ORIENTED_EDGE('',*,*,#3716,.F.);
#5040=ORIENTED_EDGE('',*,*,#3717,.F.);
#5041=ORIENTED_EDGE('',*,*,#3718,.F.);
#5042=ORIENTED_EDGE('',*,*,#3719,.F.);
#5043=ORIENTED_EDGE('',*,*,#3720,.F.);
#5044=ORIENTED_EDGE('',*,*,#3721,.F.);
#5045=ORIENTED_EDGE('',*,*,#3722,.F.);
#5046=ORIENTED_EDGE('',*,*,#3723,.F.);
#5047=ORIENTED_EDGE('',*,*,#3724,.F.);
#5048=ORIENTED_EDGE('',*,*,#3725,.F.);
#5049=ORIENTED_EDGE('',*,*,#3726,.F.);
#5050=ORIENTED_EDGE('',*,*,#3727,.F.);
#5051=ORIENTED_EDGE('',*,*,#3728,.F.);
#5052=ORIENTED_EDGE('',*,*,#3729,.F.);
#5053=ORIENTED_EDGE('',*,*,#3730,.F.);
#5054=ORIENTED_EDGE('',*,*,#3731,.F.);
#5055=ORIENTED_EDGE('',*,*,#3732,.F.);
#5056=ORIENTED_EDGE('',*,*,#3733,.F.);
#5057=ORIENTED_EDGE('',*,*,#3734,.F.);
#5058=ORIENTED_EDGE('',*,*,#3735,.F.);
#5059=ORIENTED_EDGE('',*,*,#3736,.F.);
#5060=ORIENTED_EDGE('',*,*,#3737,.T.);
#5061=ORIENTED_EDGE('',*,*,#3738,.T.);
#5062=ORIENTED_EDGE('',*,*,#3739,.T.);
#5063=ORIENTED_EDGE('',*,*,#3740,.T.);
#5064=ORIENTED_EDGE('',*,*,#3741,.T.);
#5065=ORIENTED_EDGE('',*,*,#3742,.T.);
#5066=ORIENTED_EDGE('',*,*,#3743,.T.);
#5067=ORIENTED_EDGE('',*,*,#3744,.T.);
#5068=ORIENTED_EDGE('',*,*,#3745,.T.);
#5069=ORIENTED_EDGE('',*,*,#3746,.T.);
#5070=ORIENTED_EDGE('',*,*,#3747,.T.);
#5071=ORIENTED_EDGE('',*,*,#3748,.T.);
#5072=ORIENTED_EDGE('',*,*,#3749,.T.);
#5073=ORIENTED_EDGE('',*,*,#3750,.T.);
#5074=ORIENTED_EDGE('',*,*,#3751,.T.);
#5075=ORIENTED_EDGE('',*,*,#3752,.T.);
#5076=ORIENTED_EDGE('',*,*,#3753,.T.);
#5077=ORIENTED_EDGE('',*,*,#3754,.T.);
#5078=ORIENTED_EDGE('',*,*,#3755,.T.);
#5079=ORIENTED_EDGE('',*,*,#3756,.T.);
#5080=ORIENTED_EDGE('',*,*,#3757,.T.);
#5081=ORIENTED_EDGE('',*,*,#3758,.T.);
#5082=ORIENTED_EDGE('',*,*,#3759,.T.);
#5083=ORIENTED_EDGE('',*,*,#3760,.T.);
#5084=ORIENTED_EDGE('',*,*,#3761,.T.);
#5085=ORIENTED_EDGE('',*,*,#3762,.T.);
#5086=ORIENTED_EDGE('',*,*,#3763,.T.);
#5087=ORIENTED_EDGE('',*,*,#3764,.T.);
#5088=ORIENTED_EDGE('',*,*,#3765,.T.);
#5089=ORIENTED_EDGE('',*,*,#3766,.T.);
#5090=ORIENTED_EDGE('',*,*,#3767,.T.);
#5091=ORIENTED_EDGE('',*,*,#3768,.T.);
#5092=ORIENTED_EDGE('',*,*,#3769,.T.);
#5093=ORIENTED_EDGE('',*,*,#3698,.T.);
#5094=ORIENTED_EDGE('',*,*,#3694,.F.);
#5095=ORIENTED_EDGE('',*,*,#3770,.F.);
#5096=ORIENTED_EDGE('',*,*,#3771,.F.);
#5097=ORIENTED_EDGE('',*,*,#3772,.F.);
#5098=ORIENTED_EDGE('',*,*,#3773,.F.);
#5099=ORIENTED_EDGE('',*,*,#3774,.F.);
#5100=ORIENTED_EDGE('',*,*,#3775,.F.);
#5101=ORIENTED_EDGE('',*,*,#3776,.F.);
#5102=ORIENTED_EDGE('',*,*,#3777,.F.);
#5103=ORIENTED_EDGE('',*,*,#3778,.F.);
#5104=ORIENTED_EDGE('',*,*,#3779,.F.);
#5105=ORIENTED_EDGE('',*,*,#3780,.F.);
#5106=ORIENTED_EDGE('',*,*,#3687,.F.);
#5107=ORIENTED_EDGE('',*,*,#3781,.T.);
#5108=ORIENTED_EDGE('',*,*,#3782,.T.);
#5109=ORIENTED_EDGE('',*,*,#3783,.T.);
#5110=ORIENTED_EDGE('',*,*,#3784,.T.);
#5111=ORIENTED_EDGE('',*,*,#3785,.T.);
#5112=ORIENTED_EDGE('',*,*,#3786,.T.);
#5113=ORIENTED_EDGE('',*,*,#3787,.T.);
#5114=ORIENTED_EDGE('',*,*,#3788,.T.);
#5115=ORIENTED_EDGE('',*,*,#3789,.T.);
#5116=ORIENTED_EDGE('',*,*,#3790,.T.);
#5117=ORIENTED_EDGE('',*,*,#3791,.T.);
#5118=ORIENTED_EDGE('',*,*,#3792,.T.);
#5119=ORIENTED_EDGE('',*,*,#3793,.T.);
#5120=ORIENTED_EDGE('',*,*,#3794,.T.);
#5121=ORIENTED_EDGE('',*,*,#3795,.T.);
#5122=ORIENTED_EDGE('',*,*,#3796,.T.);
#5123=ORIENTED_EDGE('',*,*,#3797,.T.);
#5124=ORIENTED_EDGE('',*,*,#3798,.T.);
#5125=ORIENTED_EDGE('',*,*,#3799,.T.);
#5126=ORIENTED_EDGE('',*,*,#3800,.T.);
#5127=ORIENTED_EDGE('',*,*,#3801,.T.);
#5128=ORIENTED_EDGE('',*,*,#3802,.T.);
#5129=ORIENTED_EDGE('',*,*,#3803,.T.);
#5130=ORIENTED_EDGE('',*,*,#3804,.T.);
#5131=ORIENTED_EDGE('',*,*,#3805,.T.);
#5132=ORIENTED_EDGE('',*,*,#3806,.T.);
#5133=ORIENTED_EDGE('',*,*,#3807,.T.);
#5134=ORIENTED_EDGE('',*,*,#3808,.T.);
#5135=ORIENTED_EDGE('',*,*,#3809,.T.);
#5136=ORIENTED_EDGE('',*,*,#3810,.T.);
#5137=ORIENTED_EDGE('',*,*,#3811,.T.);
#5138=ORIENTED_EDGE('',*,*,#3812,.T.);
#5139=ORIENTED_EDGE('',*,*,#3813,.T.);
#5140=ORIENTED_EDGE('',*,*,#3770,.T.);
#5141=ORIENTED_EDGE('',*,*,#3693,.F.);
#5142=ORIENTED_EDGE('',*,*,#3665,.F.);
#5143=ORIENTED_EDGE('',*,*,#3814,.F.);
#5144=ORIENTED_EDGE('',*,*,#3768,.F.);
#5145=ORIENTED_EDGE('',*,*,#3815,.T.);
#5146=ORIENTED_EDGE('',*,*,#3813,.F.);
#5147=ORIENTED_EDGE('',*,*,#3815,.F.);
#5148=ORIENTED_EDGE('',*,*,#3810,.F.);
#5149=ORIENTED_EDGE('',*,*,#3816,.F.);
#5150=ORIENTED_EDGE('',*,*,#3764,.F.);
#5151=ORIENTED_EDGE('',*,*,#3817,.T.);
#5152=ORIENTED_EDGE('',*,*,#3811,.F.);
#5153=ORIENTED_EDGE('',*,*,#3817,.F.);
#5154=ORIENTED_EDGE('',*,*,#3763,.F.);
#5155=ORIENTED_EDGE('',*,*,#3818,.T.);
#5156=ORIENTED_EDGE('',*,*,#3812,.F.);
#5157=ORIENTED_EDGE('',*,*,#3818,.F.);
#5158=ORIENTED_EDGE('',*,*,#3762,.F.);
#5159=ORIENTED_EDGE('',*,*,#3819,.T.);
#5160=ORIENTED_EDGE('',*,*,#3806,.F.);
#5161=ORIENTED_EDGE('',*,*,#3819,.F.);
#5162=ORIENTED_EDGE('',*,*,#3761,.F.);
#5163=ORIENTED_EDGE('',*,*,#3820,.T.);
#5164=ORIENTED_EDGE('',*,*,#3807,.F.);
#5165=ORIENTED_EDGE('',*,*,#3820,.F.);
#5166=ORIENTED_EDGE('',*,*,#3767,.F.);
#5167=ORIENTED_EDGE('',*,*,#3821,.T.);
#5168=ORIENTED_EDGE('',*,*,#3808,.F.);
#5169=ORIENTED_EDGE('',*,*,#3821,.F.);
#5170=ORIENTED_EDGE('',*,*,#3766,.F.);
#5171=ORIENTED_EDGE('',*,*,#3822,.T.);
#5172=ORIENTED_EDGE('',*,*,#3809,.F.);
#5173=ORIENTED_EDGE('',*,*,#3822,.F.);
#5174=ORIENTED_EDGE('',*,*,#3765,.F.);
#5175=ORIENTED_EDGE('',*,*,#3816,.T.);
#5176=ORIENTED_EDGE('',*,*,#3803,.F.);
#5177=ORIENTED_EDGE('',*,*,#3823,.F.);
#5178=ORIENTED_EDGE('',*,*,#3757,.F.);
#5179=ORIENTED_EDGE('',*,*,#3824,.T.);
#5180=ORIENTED_EDGE('',*,*,#3804,.F.);
#5181=ORIENTED_EDGE('',*,*,#3824,.F.);
#5182=ORIENTED_EDGE('',*,*,#3756,.F.);
#5183=ORIENTED_EDGE('',*,*,#3825,.T.);
#5184=ORIENTED_EDGE('',*,*,#3805,.F.);
#5185=ORIENTED_EDGE('',*,*,#3825,.F.);
#5186=ORIENTED_EDGE('',*,*,#3755,.F.);
#5187=ORIENTED_EDGE('',*,*,#3826,.T.);
#5188=ORIENTED_EDGE('',*,*,#3799,.F.);
#5189=ORIENTED_EDGE('',*,*,#3826,.F.);
#5190=ORIENTED_EDGE('',*,*,#3754,.F.);
#5191=ORIENTED_EDGE('',*,*,#3827,.T.);
#5192=ORIENTED_EDGE('',*,*,#3800,.F.);
#5193=ORIENTED_EDGE('',*,*,#3827,.F.);
#5194=ORIENTED_EDGE('',*,*,#3760,.F.);
#5195=ORIENTED_EDGE('',*,*,#3828,.T.);
#5196=ORIENTED_EDGE('',*,*,#3801,.F.);
#5197=ORIENTED_EDGE('',*,*,#3828,.F.);
#5198=ORIENTED_EDGE('',*,*,#3759,.F.);
#5199=ORIENTED_EDGE('',*,*,#3829,.T.);
#5200=ORIENTED_EDGE('',*,*,#3802,.F.);
#5201=ORIENTED_EDGE('',*,*,#3829,.F.);
#5202=ORIENTED_EDGE('',*,*,#3758,.F.);
#5203=ORIENTED_EDGE('',*,*,#3823,.T.);
#5204=ORIENTED_EDGE('',*,*,#3796,.F.);
#5205=ORIENTED_EDGE('',*,*,#3830,.F.);
#5206=ORIENTED_EDGE('',*,*,#3750,.F.);
#5207=ORIENTED_EDGE('',*,*,#3831,.T.);
#5208=ORIENTED_EDGE('',*,*,#3797,.F.);
#5209=ORIENTED_EDGE('',*,*,#3831,.F.);
#5210=ORIENTED_EDGE('',*,*,#3749,.F.);
#5211=ORIENTED_EDGE('',*,*,#3832,.T.);
#5212=ORIENTED_EDGE('',*,*,#3798,.F.);
#5213=ORIENTED_EDGE('',*,*,#3832,.F.);
#5214=ORIENTED_EDGE('',*,*,#3748,.F.);
#5215=ORIENTED_EDGE('',*,*,#3833,.T.);
#5216=ORIENTED_EDGE('',*,*,#3792,.F.);
#5217=ORIENTED_EDGE('',*,*,#3833,.F.);
#5218=ORIENTED_EDGE('',*,*,#3747,.F.);
#5219=ORIENTED_EDGE('',*,*,#3834,.T.);
#5220=ORIENTED_EDGE('',*,*,#3793,.F.);
#5221=ORIENTED_EDGE('',*,*,#3834,.F.);
#5222=ORIENTED_EDGE('',*,*,#3753,.F.);
#5223=ORIENTED_EDGE('',*,*,#3835,.T.);
#5224=ORIENTED_EDGE('',*,*,#3794,.F.);
#5225=ORIENTED_EDGE('',*,*,#3835,.F.);
#5226=ORIENTED_EDGE('',*,*,#3752,.F.);
#5227=ORIENTED_EDGE('',*,*,#3836,.T.);
#5228=ORIENTED_EDGE('',*,*,#3795,.F.);
#5229=ORIENTED_EDGE('',*,*,#3836,.F.);
#5230=ORIENTED_EDGE('',*,*,#3751,.F.);
#5231=ORIENTED_EDGE('',*,*,#3830,.T.);
#5232=ORIENTED_EDGE('',*,*,#3789,.F.);
#5233=ORIENTED_EDGE('',*,*,#3837,.F.);
#5234=ORIENTED_EDGE('',*,*,#3743,.F.);
#5235=ORIENTED_EDGE('',*,*,#3838,.T.);
#5236=ORIENTED_EDGE('',*,*,#3790,.F.);
#5237=ORIENTED_EDGE('',*,*,#3838,.F.);
#5238=ORIENTED_EDGE('',*,*,#3742,.F.);
#5239=ORIENTED_EDGE('',*,*,#3839,.T.);
#5240=ORIENTED_EDGE('',*,*,#3791,.F.);
#5241=ORIENTED_EDGE('',*,*,#3839,.F.);
#5242=ORIENTED_EDGE('',*,*,#3741,.F.);
#5243=ORIENTED_EDGE('',*,*,#3840,.T.);
#5244=ORIENTED_EDGE('',*,*,#3785,.F.);
#5245=ORIENTED_EDGE('',*,*,#3840,.F.);
#5246=ORIENTED_EDGE('',*,*,#3740,.F.);
#5247=ORIENTED_EDGE('',*,*,#3841,.T.);
#5248=ORIENTED_EDGE('',*,*,#3786,.F.);
#5249=ORIENTED_EDGE('',*,*,#3841,.F.);
#5250=ORIENTED_EDGE('',*,*,#3746,.F.);
#5251=ORIENTED_EDGE('',*,*,#3842,.T.);
#5252=ORIENTED_EDGE('',*,*,#3787,.F.);
#5253=ORIENTED_EDGE('',*,*,#3842,.F.);
#5254=ORIENTED_EDGE('',*,*,#3745,.F.);
#5255=ORIENTED_EDGE('',*,*,#3843,.T.);
#5256=ORIENTED_EDGE('',*,*,#3788,.F.);
#5257=ORIENTED_EDGE('',*,*,#3843,.F.);
#5258=ORIENTED_EDGE('',*,*,#3744,.F.);
#5259=ORIENTED_EDGE('',*,*,#3837,.T.);
#5260=ORIENTED_EDGE('',*,*,#3739,.F.);
#5261=ORIENTED_EDGE('',*,*,#3844,.T.);
#5262=ORIENTED_EDGE('',*,*,#3784,.F.);
#5263=ORIENTED_EDGE('',*,*,#3844,.F.);
#5264=ORIENTED_EDGE('',*,*,#3738,.F.);
#5265=ORIENTED_EDGE('',*,*,#3845,.T.);
#5266=ORIENTED_EDGE('',*,*,#3783,.F.);
#5267=ORIENTED_EDGE('',*,*,#3845,.F.);
#5268=ORIENTED_EDGE('',*,*,#3737,.F.);
#5269=ORIENTED_EDGE('',*,*,#3846,.T.);
#5270=ORIENTED_EDGE('',*,*,#3782,.F.);
#5271=ORIENTED_EDGE('',*,*,#3846,.F.);
#5272=ORIENTED_EDGE('',*,*,#3691,.T.);
#5273=ORIENTED_EDGE('',*,*,#3847,.T.);
#5274=ORIENTED_EDGE('',*,*,#3848,.T.);
#5275=ORIENTED_EDGE('',*,*,#3849,.T.);
#5276=ORIENTED_EDGE('',*,*,#3850,.T.);
#5277=ORIENTED_EDGE('',*,*,#3851,.T.);
#5278=ORIENTED_EDGE('',*,*,#3852,.T.);
#5279=ORIENTED_EDGE('',*,*,#3853,.T.);
#5280=ORIENTED_EDGE('',*,*,#3684,.T.);
#5281=ORIENTED_EDGE('',*,*,#3854,.T.);
#5282=ORIENTED_EDGE('',*,*,#3660,.T.);
#5283=ORIENTED_EDGE('',*,*,#3855,.T.);
#5284=ORIENTED_EDGE('',*,*,#3856,.T.);
#5285=ORIENTED_EDGE('',*,*,#3857,.T.);
#5286=ORIENTED_EDGE('',*,*,#3858,.T.);
#5287=ORIENTED_EDGE('',*,*,#3859,.T.);
#5288=ORIENTED_EDGE('',*,*,#3707,.F.);
#5289=ORIENTED_EDGE('',*,*,#3699,.T.);
#5290=ORIENTED_EDGE('',*,*,#3769,.F.);
#5291=ORIENTED_EDGE('',*,*,#3860,.F.);
#5292=ORIENTED_EDGE('',*,*,#3861,.T.);
#5293=ORIENTED_EDGE('',*,*,#3671,.F.);
#5294=ORIENTED_EDGE('',*,*,#3862,.F.);
#5295=ORIENTED_EDGE('',*,*,#3720,.T.);
#5296=ORIENTED_EDGE('',*,*,#3863,.T.);
#5297=ORIENTED_EDGE('',*,*,#3672,.F.);
#5298=ORIENTED_EDGE('',*,*,#3861,.F.);
#5299=ORIENTED_EDGE('',*,*,#3719,.T.);
#5300=ORIENTED_EDGE('',*,*,#3864,.T.);
#5301=ORIENTED_EDGE('',*,*,#3673,.F.);
#5302=ORIENTED_EDGE('',*,*,#3863,.F.);
#5303=ORIENTED_EDGE('',*,*,#3718,.T.);
#5304=ORIENTED_EDGE('',*,*,#3865,.T.);
#5305=ORIENTED_EDGE('',*,*,#3866,.F.);
#5306=ORIENTED_EDGE('',*,*,#3867,.F.);
#5307=ORIENTED_EDGE('',*,*,#3726,.T.);
#5308=ORIENTED_EDGE('',*,*,#3868,.T.);
#5309=ORIENTED_EDGE('',*,*,#3869,.F.);
#5310=ORIENTED_EDGE('',*,*,#3865,.F.);
#5311=ORIENTED_EDGE('',*,*,#3725,.T.);
#5312=ORIENTED_EDGE('',*,*,#3870,.T.);
#5313=ORIENTED_EDGE('',*,*,#3871,.F.);
#5314=ORIENTED_EDGE('',*,*,#3868,.F.);
#5315=ORIENTED_EDGE('',*,*,#3724,.T.);
#5316=ORIENTED_EDGE('',*,*,#3872,.T.);
#5317=ORIENTED_EDGE('',*,*,#3873,.F.);
#5318=ORIENTED_EDGE('',*,*,#3870,.F.);
#5319=ORIENTED_EDGE('',*,*,#3723,.T.);
#5320=ORIENTED_EDGE('',*,*,#3874,.T.);
#5321=ORIENTED_EDGE('',*,*,#3875,.F.);
#5322=ORIENTED_EDGE('',*,*,#3876,.F.);
#5323=ORIENTED_EDGE('',*,*,#3733,.T.);
#5324=ORIENTED_EDGE('',*,*,#3877,.T.);
#5325=ORIENTED_EDGE('',*,*,#3878,.F.);
#5326=ORIENTED_EDGE('',*,*,#3874,.F.);
#5327=ORIENTED_EDGE('',*,*,#3732,.T.);
#5328=ORIENTED_EDGE('',*,*,#3879,.T.);
#5329=ORIENTED_EDGE('',*,*,#3880,.F.);
#5330=ORIENTED_EDGE('',*,*,#3877,.F.);
#5331=ORIENTED_EDGE('',*,*,#3731,.T.);
#5332=ORIENTED_EDGE('',*,*,#3881,.T.);
#5333=ORIENTED_EDGE('',*,*,#3882,.F.);
#5334=ORIENTED_EDGE('',*,*,#3879,.F.);
#5335=ORIENTED_EDGE('',*,*,#3730,.T.);
#5336=ORIENTED_EDGE('',*,*,#3883,.T.);
#5337=ORIENTED_EDGE('',*,*,#3884,.F.);
#5338=ORIENTED_EDGE('',*,*,#3885,.F.);
#5339=ORIENTED_EDGE('',*,*,#3713,.T.);
#5340=ORIENTED_EDGE('',*,*,#3886,.T.);
#5341=ORIENTED_EDGE('',*,*,#3887,.F.);
#5342=ORIENTED_EDGE('',*,*,#3883,.F.);
#5343=ORIENTED_EDGE('',*,*,#3712,.T.);
#5344=ORIENTED_EDGE('',*,*,#3888,.T.);
#5345=ORIENTED_EDGE('',*,*,#3889,.F.);
#5346=ORIENTED_EDGE('',*,*,#3886,.F.);
#5347=ORIENTED_EDGE('',*,*,#3711,.T.);
#5348=ORIENTED_EDGE('',*,*,#3777,.T.);
#5349=ORIENTED_EDGE('',*,*,#3890,.T.);
#5350=ORIENTED_EDGE('',*,*,#3848,.F.);
#5351=ORIENTED_EDGE('',*,*,#3891,.F.);
#5352=ORIENTED_EDGE('',*,*,#3892,.T.);
#5353=ORIENTED_EDGE('',*,*,#3893,.T.);
#5354=ORIENTED_EDGE('',*,*,#3779,.T.);
#5355=ORIENTED_EDGE('',*,*,#3894,.T.);
#5356=ORIENTED_EDGE('',*,*,#3895,.T.);
#5357=ORIENTED_EDGE('',*,*,#3896,.T.);
#5358=ORIENTED_EDGE('',*,*,#3776,.T.);
#5359=ORIENTED_EDGE('',*,*,#3897,.T.);
#5360=ORIENTED_EDGE('',*,*,#3898,.T.);
#5361=ORIENTED_EDGE('',*,*,#3899,.T.);
#5362=ORIENTED_EDGE('',*,*,#3849,.F.);
#5363=ORIENTED_EDGE('',*,*,#3890,.F.);
#5364=ORIENTED_EDGE('',*,*,#3685,.T.);
#5365=ORIENTED_EDGE('',*,*,#3853,.F.);
#5366=ORIENTED_EDGE('',*,*,#3900,.F.);
#5367=ORIENTED_EDGE('',*,*,#3701,.T.);
#5368=ORIENTED_EDGE('',*,*,#3775,.T.);
#5369=ORIENTED_EDGE('',*,*,#3901,.T.);
#5370=ORIENTED_EDGE('',*,*,#3902,.T.);
#5371=ORIENTED_EDGE('',*,*,#3897,.F.);
#5372=ORIENTED_EDGE('',*,*,#3903,.T.);
#5373=ORIENTED_EDGE('',*,*,#3679,.F.);
#5374=ORIENTED_EDGE('',*,*,#3708,.F.);
#5375=ORIENTED_EDGE('',*,*,#3860,.T.);
#5376=ORIENTED_EDGE('',*,*,#3781,.F.);
#5377=ORIENTED_EDGE('',*,*,#3686,.T.);
#5378=ORIENTED_EDGE('',*,*,#3774,.T.);
#5379=ORIENTED_EDGE('',*,*,#3904,.T.);
#5380=ORIENTED_EDGE('',*,*,#3857,.F.);
#5381=ORIENTED_EDGE('',*,*,#3905,.T.);
#5382=ORIENTED_EDGE('',*,*,#3906,.T.);
#5383=ORIENTED_EDGE('',*,*,#3901,.F.);
#5384=ORIENTED_EDGE('',*,*,#3772,.T.);
#5385=ORIENTED_EDGE('',*,*,#3907,.F.);
#5386=ORIENTED_EDGE('',*,*,#3908,.F.);
#5387=ORIENTED_EDGE('',*,*,#3909,.F.);
#5388=ORIENTED_EDGE('',*,*,#3664,.T.);
#5389=ORIENTED_EDGE('',*,*,#3910,.T.);
#5390=ORIENTED_EDGE('',*,*,#3858,.F.);
#5391=ORIENTED_EDGE('',*,*,#3904,.F.);
#5392=ORIENTED_EDGE('',*,*,#3773,.T.);
#5393=ORIENTED_EDGE('',*,*,#3909,.T.);
#5394=ORIENTED_EDGE('',*,*,#3911,.T.);
#5395=ORIENTED_EDGE('',*,*,#3907,.T.);
#5396=ORIENTED_EDGE('',*,*,#3771,.T.);
#5397=ORIENTED_EDGE('',*,*,#3814,.T.);
#5398=ORIENTED_EDGE('',*,*,#3577,.T.);
#5399=ORIENTED_EDGE('',*,*,#3580,.T.);
#5400=ORIENTED_EDGE('',*,*,#3583,.T.);
#5401=ORIENTED_EDGE('',*,*,#3586,.T.);
#5402=ORIENTED_EDGE('',*,*,#3564,.T.);
#5403=ORIENTED_EDGE('',*,*,#3568,.T.);
#5404=ORIENTED_EDGE('',*,*,#3571,.T.);
#5405=ORIENTED_EDGE('',*,*,#3574,.T.);
#5406=ORIENTED_EDGE('',*,*,#3601,.T.);
#5407=ORIENTED_EDGE('',*,*,#3604,.T.);
#5408=ORIENTED_EDGE('',*,*,#3607,.T.);
#5409=ORIENTED_EDGE('',*,*,#3610,.T.);
#5410=ORIENTED_EDGE('',*,*,#3588,.T.);
#5411=ORIENTED_EDGE('',*,*,#3592,.T.);
#5412=ORIENTED_EDGE('',*,*,#3595,.T.);
#5413=ORIENTED_EDGE('',*,*,#3598,.T.);
#5414=ORIENTED_EDGE('',*,*,#3625,.T.);
#5415=ORIENTED_EDGE('',*,*,#3628,.T.);
#5416=ORIENTED_EDGE('',*,*,#3631,.T.);
#5417=ORIENTED_EDGE('',*,*,#3634,.T.);
#5418=ORIENTED_EDGE('',*,*,#3612,.T.);
#5419=ORIENTED_EDGE('',*,*,#3616,.T.);
#5420=ORIENTED_EDGE('',*,*,#3619,.T.);
#5421=ORIENTED_EDGE('',*,*,#3622,.T.);
#5422=ORIENTED_EDGE('',*,*,#3850,.F.);
#5423=ORIENTED_EDGE('',*,*,#3899,.F.);
#5424=ORIENTED_EDGE('',*,*,#3912,.T.);
#5425=ORIENTED_EDGE('',*,*,#3913,.F.);
#5426=ORIENTED_EDGE('',*,*,#3856,.F.);
#5427=ORIENTED_EDGE('',*,*,#3914,.F.);
#5428=ORIENTED_EDGE('',*,*,#3915,.T.);
#5429=ORIENTED_EDGE('',*,*,#3905,.F.);
#5430=ORIENTED_EDGE('',*,*,#3916,.F.);
#5431=ORIENTED_EDGE('',*,*,#3917,.F.);
#5432=ORIENTED_EDGE('',*,*,#3912,.F.);
#5433=ORIENTED_EDGE('',*,*,#3898,.F.);
#5434=ORIENTED_EDGE('',*,*,#3902,.F.);
#5435=ORIENTED_EDGE('',*,*,#3906,.F.);
#5436=ORIENTED_EDGE('',*,*,#3915,.F.);
#5437=ORIENTED_EDGE('',*,*,#3918,.F.);
#5438=ORIENTED_EDGE('',*,*,#3919,.T.);
#5439=ORIENTED_EDGE('',*,*,#3851,.F.);
#5440=ORIENTED_EDGE('',*,*,#3913,.T.);
#5441=ORIENTED_EDGE('',*,*,#3917,.T.);
#5442=ORIENTED_EDGE('',*,*,#3920,.F.);
#5443=ORIENTED_EDGE('',*,*,#3703,.T.);
#5444=ORIENTED_EDGE('',*,*,#3920,.T.);
#5445=ORIENTED_EDGE('',*,*,#3916,.T.);
#5446=ORIENTED_EDGE('',*,*,#3921,.F.);
#5447=ORIENTED_EDGE('',*,*,#3704,.T.);
#5448=ORIENTED_EDGE('',*,*,#3876,.T.);
#5449=ORIENTED_EDGE('',*,*,#3922,.F.);
#5450=ORIENTED_EDGE('',*,*,#3923,.F.);
#5451=ORIENTED_EDGE('',*,*,#3734,.T.);
#5452=ORIENTED_EDGE('',*,*,#3923,.T.);
#5453=ORIENTED_EDGE('',*,*,#3924,.F.);
#5454=ORIENTED_EDGE('',*,*,#3925,.F.);
#5455=ORIENTED_EDGE('',*,*,#3735,.T.);
#5456=ORIENTED_EDGE('',*,*,#3925,.T.);
#5457=ORIENTED_EDGE('',*,*,#3926,.F.);
#5458=ORIENTED_EDGE('',*,*,#3881,.F.);
#5459=ORIENTED_EDGE('',*,*,#3736,.T.);
#5460=ORIENTED_EDGE('',*,*,#3778,.T.);
#5461=ORIENTED_EDGE('',*,*,#3896,.F.);
#5462=ORIENTED_EDGE('',*,*,#3927,.F.);
#5463=ORIENTED_EDGE('',*,*,#3894,.F.);
#5464=ORIENTED_EDGE('',*,*,#3895,.F.);
#5465=ORIENTED_EDGE('',*,*,#3927,.T.);
#5466=ORIENTED_EDGE('',*,*,#3882,.T.);
#5467=ORIENTED_EDGE('',*,*,#3926,.T.);
#5468=ORIENTED_EDGE('',*,*,#3924,.T.);
#5469=ORIENTED_EDGE('',*,*,#3922,.T.);
#5470=ORIENTED_EDGE('',*,*,#3875,.T.);
#5471=ORIENTED_EDGE('',*,*,#3878,.T.);
#5472=ORIENTED_EDGE('',*,*,#3880,.T.);
#5473=ORIENTED_EDGE('',*,*,#3892,.F.);
#5474=ORIENTED_EDGE('',*,*,#3928,.F.);
#5475=ORIENTED_EDGE('',*,*,#3689,.F.);
#5476=ORIENTED_EDGE('',*,*,#3929,.T.);
#5477=ORIENTED_EDGE('',*,*,#3873,.T.);
#5478=ORIENTED_EDGE('',*,*,#3930,.T.);
#5479=ORIENTED_EDGE('',*,*,#3931,.T.);
#5480=ORIENTED_EDGE('',*,*,#3932,.T.);
#5481=ORIENTED_EDGE('',*,*,#3866,.T.);
#5482=ORIENTED_EDGE('',*,*,#3869,.T.);
#5483=ORIENTED_EDGE('',*,*,#3871,.T.);
#5484=ORIENTED_EDGE('',*,*,#3867,.T.);
#5485=ORIENTED_EDGE('',*,*,#3932,.F.);
#5486=ORIENTED_EDGE('',*,*,#3933,.F.);
#5487=ORIENTED_EDGE('',*,*,#3727,.T.);
#5488=ORIENTED_EDGE('',*,*,#3933,.T.);
#5489=ORIENTED_EDGE('',*,*,#3931,.F.);
#5490=ORIENTED_EDGE('',*,*,#3934,.F.);
#5491=ORIENTED_EDGE('',*,*,#3728,.T.);
#5492=ORIENTED_EDGE('',*,*,#3934,.T.);
#5493=ORIENTED_EDGE('',*,*,#3930,.F.);
#5494=ORIENTED_EDGE('',*,*,#3872,.F.);
#5495=ORIENTED_EDGE('',*,*,#3729,.T.);
#5496=ORIENTED_EDGE('',*,*,#3780,.T.);
#5497=ORIENTED_EDGE('',*,*,#3893,.F.);
#5498=ORIENTED_EDGE('',*,*,#3929,.F.);
#5499=ORIENTED_EDGE('',*,*,#3688,.F.);
#5500=ORIENTED_EDGE('',*,*,#3935,.T.);
#5501=ORIENTED_EDGE('',*,*,#3936,.F.);
#5502=ORIENTED_EDGE('',*,*,#3888,.F.);
#5503=ORIENTED_EDGE('',*,*,#3710,.T.);
#5504=ORIENTED_EDGE('',*,*,#3885,.T.);
#5505=ORIENTED_EDGE('',*,*,#3937,.F.);
#5506=ORIENTED_EDGE('',*,*,#3938,.F.);
#5507=ORIENTED_EDGE('',*,*,#3714,.T.);
#5508=ORIENTED_EDGE('',*,*,#3938,.T.);
#5509=ORIENTED_EDGE('',*,*,#3939,.F.);
#5510=ORIENTED_EDGE('',*,*,#3940,.F.);
#5511=ORIENTED_EDGE('',*,*,#3715,.T.);
#5512=ORIENTED_EDGE('',*,*,#3940,.T.);
#5513=ORIENTED_EDGE('',*,*,#3941,.F.);
#5514=ORIENTED_EDGE('',*,*,#3935,.F.);
#5515=ORIENTED_EDGE('',*,*,#3709,.T.);
#5516=ORIENTED_EDGE('',*,*,#3911,.F.);
#5517=ORIENTED_EDGE('',*,*,#3908,.T.);
#5518=ORIENTED_EDGE('',*,*,#3941,.T.);
#5519=ORIENTED_EDGE('',*,*,#3939,.T.);
#5520=ORIENTED_EDGE('',*,*,#3937,.T.);
#5521=ORIENTED_EDGE('',*,*,#3884,.T.);
#5522=ORIENTED_EDGE('',*,*,#3887,.T.);
#5523=ORIENTED_EDGE('',*,*,#3889,.T.);
#5524=ORIENTED_EDGE('',*,*,#3936,.T.);
#5525=ORIENTED_EDGE('',*,*,#3942,.T.);
#5526=ORIENTED_EDGE('',*,*,#3674,.F.);
#5527=ORIENTED_EDGE('',*,*,#3864,.F.);
#5528=ORIENTED_EDGE('',*,*,#3717,.T.);
#5529=ORIENTED_EDGE('',*,*,#3862,.T.);
#5530=ORIENTED_EDGE('',*,*,#3670,.F.);
#5531=ORIENTED_EDGE('',*,*,#3943,.F.);
#5532=ORIENTED_EDGE('',*,*,#3721,.T.);
#5533=ORIENTED_EDGE('',*,*,#3943,.T.);
#5534=ORIENTED_EDGE('',*,*,#3669,.F.);
#5535=ORIENTED_EDGE('',*,*,#3944,.F.);
#5536=ORIENTED_EDGE('',*,*,#3722,.T.);
#5537=ORIENTED_EDGE('',*,*,#3944,.T.);
#5538=ORIENTED_EDGE('',*,*,#3668,.F.);
#5539=ORIENTED_EDGE('',*,*,#3942,.F.);
#5540=ORIENTED_EDGE('',*,*,#3716,.T.);
#5541=ORIENTED_EDGE('',*,*,#3667,.T.);
#5542=ORIENTED_EDGE('',*,*,#3692,.T.);
#5543=ORIENTED_EDGE('',*,*,#3859,.F.);
#5544=ORIENTED_EDGE('',*,*,#3910,.F.);
#5545=ORIENTED_EDGE('',*,*,#3696,.F.);
#5546=ORIENTED_EDGE('',*,*,#3697,.T.);
#5547=ORIENTED_EDGE('',*,*,#3680,.F.);
#5548=ORIENTED_EDGE('',*,*,#3903,.F.);
#5549=ORIENTED_EDGE('',*,*,#3928,.T.);
#5550=ORIENTED_EDGE('',*,*,#3891,.T.);
#5551=ORIENTED_EDGE('',*,*,#3847,.F.);
#5552=ORIENTED_EDGE('',*,*,#3690,.F.);
#5553=ORIENTED_EDGE('',*,*,#3900,.T.);
#5554=ORIENTED_EDGE('',*,*,#3852,.F.);
#5555=ORIENTED_EDGE('',*,*,#3919,.F.);
#5556=ORIENTED_EDGE('',*,*,#3702,.T.);
#5557=ORIENTED_EDGE('',*,*,#3921,.T.);
#5558=ORIENTED_EDGE('',*,*,#3918,.T.);
#5559=ORIENTED_EDGE('',*,*,#3914,.T.);
#5560=ORIENTED_EDGE('',*,*,#3855,.F.);
#5561=ORIENTED_EDGE('',*,*,#3663,.F.);
#5562=ORIENTED_EDGE('',*,*,#3705,.T.);
#5563=ORIENTED_EDGE('',*,*,#3661,.T.);
#5564=ORIENTED_EDGE('',*,*,#3854,.F.);
#5565=ORIENTED_EDGE('',*,*,#3683,.F.);
#5566=ORIENTED_EDGE('',*,*,#3706,.T.);
#5567=ORIENTED_EDGE('',*,*,#3945,.T.);
#5568=ORIENTED_EDGE('',*,*,#3946,.F.);
#5569=ORIENTED_EDGE('',*,*,#3947,.F.);
#5570=ORIENTED_EDGE('',*,*,#3948,.T.);
#5571=ORIENTED_EDGE('',*,*,#3949,.T.);
#5572=ORIENTED_EDGE('',*,*,#3950,.T.);
#5573=ORIENTED_EDGE('',*,*,#3951,.F.);
#5574=ORIENTED_EDGE('',*,*,#3952,.F.);
#5575=ORIENTED_EDGE('',*,*,#3953,.F.);
#5576=ORIENTED_EDGE('',*,*,#3954,.T.);
#5577=ORIENTED_EDGE('',*,*,#3955,.F.);
#5578=ORIENTED_EDGE('',*,*,#3945,.F.);
#5579=ORIENTED_EDGE('',*,*,#3956,.T.);
#5580=ORIENTED_EDGE('',*,*,#3957,.F.);
#5581=ORIENTED_EDGE('',*,*,#3958,.F.);
#5582=ORIENTED_EDGE('',*,*,#3950,.F.);
#5583=ORIENTED_EDGE('',*,*,#3959,.T.);
#5584=ORIENTED_EDGE('',*,*,#3960,.F.);
#5585=ORIENTED_EDGE('',*,*,#3961,.T.);
#5586=ORIENTED_EDGE('',*,*,#3962,.F.);
#5587=ORIENTED_EDGE('',*,*,#3963,.F.);
#5588=ORIENTED_EDGE('',*,*,#3964,.T.);
#5589=ORIENTED_EDGE('',*,*,#3965,.F.);
#5590=ORIENTED_EDGE('',*,*,#3957,.T.);
#5591=ORIENTED_EDGE('',*,*,#3966,.T.);
#5592=ORIENTED_EDGE('',*,*,#3967,.F.);
#5593=ORIENTED_EDGE('',*,*,#3968,.F.);
#5594=ORIENTED_EDGE('',*,*,#3962,.T.);
#5595=ORIENTED_EDGE('',*,*,#3960,.T.);
#5596=ORIENTED_EDGE('',*,*,#3969,.T.);
#5597=ORIENTED_EDGE('',*,*,#3970,.T.);
#5598=ORIENTED_EDGE('',*,*,#3971,.F.);
#5599=ORIENTED_EDGE('',*,*,#3972,.T.);
#5600=ORIENTED_EDGE('',*,*,#3954,.F.);
#5601=ORIENTED_EDGE('',*,*,#3973,.F.);
#5602=ORIENTED_EDGE('',*,*,#3974,.T.);
#5603=ORIENTED_EDGE('',*,*,#3975,.F.);
#5604=ORIENTED_EDGE('',*,*,#3976,.T.);
#5605=ORIENTED_EDGE('',*,*,#3977,.F.);
#5606=ORIENTED_EDGE('',*,*,#3976,.F.);
#5607=ORIENTED_EDGE('',*,*,#3978,.F.);
#5608=ORIENTED_EDGE('',*,*,#3979,.T.);
#5609=ORIENTED_EDGE('',*,*,#3980,.F.);
#5610=ORIENTED_EDGE('',*,*,#3979,.F.);
#5611=ORIENTED_EDGE('',*,*,#3981,.F.);
#5612=ORIENTED_EDGE('',*,*,#3982,.T.);
#5613=ORIENTED_EDGE('',*,*,#3983,.F.);
#5614=ORIENTED_EDGE('',*,*,#3982,.F.);
#5615=ORIENTED_EDGE('',*,*,#3984,.F.);
#5616=ORIENTED_EDGE('',*,*,#3985,.T.);
#5617=ORIENTED_EDGE('',*,*,#3986,.F.);
#5618=ORIENTED_EDGE('',*,*,#3985,.F.);
#5619=ORIENTED_EDGE('',*,*,#3987,.F.);
#5620=ORIENTED_EDGE('',*,*,#3988,.T.);
#5621=ORIENTED_EDGE('',*,*,#3989,.T.);
#5622=ORIENTED_EDGE('',*,*,#3988,.F.);
#5623=ORIENTED_EDGE('',*,*,#3990,.F.);
#5624=ORIENTED_EDGE('',*,*,#3991,.T.);
#5625=ORIENTED_EDGE('',*,*,#3992,.T.);
#5626=ORIENTED_EDGE('',*,*,#3991,.F.);
#5627=ORIENTED_EDGE('',*,*,#3993,.F.);
#5628=ORIENTED_EDGE('',*,*,#3994,.T.);
#5629=ORIENTED_EDGE('',*,*,#3995,.T.);
#5630=ORIENTED_EDGE('',*,*,#3994,.F.);
#5631=ORIENTED_EDGE('',*,*,#3996,.F.);
#5632=ORIENTED_EDGE('',*,*,#3997,.T.);
#5633=ORIENTED_EDGE('',*,*,#3998,.T.);
#5634=ORIENTED_EDGE('',*,*,#3997,.F.);
#5635=ORIENTED_EDGE('',*,*,#3999,.F.);
#5636=ORIENTED_EDGE('',*,*,#3967,.T.);
#5637=ORIENTED_EDGE('',*,*,#4000,.F.);
#5638=ORIENTED_EDGE('',*,*,#4001,.F.);
#5639=ORIENTED_EDGE('',*,*,#4002,.F.);
#5640=ORIENTED_EDGE('',*,*,#4001,.T.);
#5641=ORIENTED_EDGE('',*,*,#4003,.F.);
#5642=ORIENTED_EDGE('',*,*,#4004,.F.);
#5643=ORIENTED_EDGE('',*,*,#4005,.F.);
#5644=ORIENTED_EDGE('',*,*,#4004,.T.);
#5645=ORIENTED_EDGE('',*,*,#4006,.F.);
#5646=ORIENTED_EDGE('',*,*,#4007,.F.);
#5647=ORIENTED_EDGE('',*,*,#4008,.F.);
#5648=ORIENTED_EDGE('',*,*,#4007,.T.);
#5649=ORIENTED_EDGE('',*,*,#4009,.F.);
#5650=ORIENTED_EDGE('',*,*,#4010,.F.);
#5651=ORIENTED_EDGE('',*,*,#4011,.F.);
#5652=ORIENTED_EDGE('',*,*,#4010,.T.);
#5653=ORIENTED_EDGE('',*,*,#4012,.F.);
#5654=ORIENTED_EDGE('',*,*,#4013,.F.);
#5655=ORIENTED_EDGE('',*,*,#4014,.F.);
#5656=ORIENTED_EDGE('',*,*,#4013,.T.);
#5657=ORIENTED_EDGE('',*,*,#4015,.F.);
#5658=ORIENTED_EDGE('',*,*,#4016,.F.);
#5659=ORIENTED_EDGE('',*,*,#4017,.F.);
#5660=ORIENTED_EDGE('',*,*,#4016,.T.);
#5661=ORIENTED_EDGE('',*,*,#4018,.F.);
#5662=ORIENTED_EDGE('',*,*,#4019,.F.);
#5663=ORIENTED_EDGE('',*,*,#4020,.T.);
#5664=ORIENTED_EDGE('',*,*,#4019,.T.);
#5665=ORIENTED_EDGE('',*,*,#4021,.F.);
#5666=ORIENTED_EDGE('',*,*,#4022,.F.);
#5667=ORIENTED_EDGE('',*,*,#4023,.T.);
#5668=ORIENTED_EDGE('',*,*,#4022,.T.);
#5669=ORIENTED_EDGE('',*,*,#4024,.F.);
#5670=ORIENTED_EDGE('',*,*,#4025,.F.);
#5671=ORIENTED_EDGE('',*,*,#4026,.T.);
#5672=ORIENTED_EDGE('',*,*,#4025,.T.);
#5673=ORIENTED_EDGE('',*,*,#4027,.F.);
#5674=ORIENTED_EDGE('',*,*,#4028,.F.);
#5675=ORIENTED_EDGE('',*,*,#4029,.T.);
#5676=ORIENTED_EDGE('',*,*,#4028,.T.);
#5677=ORIENTED_EDGE('',*,*,#4030,.F.);
#5678=ORIENTED_EDGE('',*,*,#4031,.F.);
#5679=ORIENTED_EDGE('',*,*,#4032,.T.);
#5680=ORIENTED_EDGE('',*,*,#4031,.T.);
#5681=ORIENTED_EDGE('',*,*,#4033,.F.);
#5682=ORIENTED_EDGE('',*,*,#4034,.F.);
#5683=ORIENTED_EDGE('',*,*,#4035,.T.);
#5684=ORIENTED_EDGE('',*,*,#4034,.T.);
#5685=ORIENTED_EDGE('',*,*,#4036,.F.);
#5686=ORIENTED_EDGE('',*,*,#3974,.F.);
#5687=ORIENTED_EDGE('',*,*,#3972,.F.);
#5688=ORIENTED_EDGE('',*,*,#4036,.T.);
#5689=ORIENTED_EDGE('',*,*,#4033,.T.);
#5690=ORIENTED_EDGE('',*,*,#4030,.T.);
#5691=ORIENTED_EDGE('',*,*,#4027,.T.);
#5692=ORIENTED_EDGE('',*,*,#4024,.T.);
#5693=ORIENTED_EDGE('',*,*,#4021,.T.);
#5694=ORIENTED_EDGE('',*,*,#4018,.T.);
#5695=ORIENTED_EDGE('',*,*,#4015,.T.);
#5696=ORIENTED_EDGE('',*,*,#4012,.T.);
#5697=ORIENTED_EDGE('',*,*,#4009,.T.);
#5698=ORIENTED_EDGE('',*,*,#4006,.T.);
#5699=ORIENTED_EDGE('',*,*,#4003,.T.);
#5700=ORIENTED_EDGE('',*,*,#4000,.T.);
#5701=ORIENTED_EDGE('',*,*,#3966,.F.);
#5702=ORIENTED_EDGE('',*,*,#3961,.F.);
#5703=ORIENTED_EDGE('',*,*,#3956,.F.);
#5704=ORIENTED_EDGE('',*,*,#3948,.F.);
#5705=ORIENTED_EDGE('',*,*,#4037,.F.);
#5706=ORIENTED_EDGE('',*,*,#4038,.F.);
#5707=ORIENTED_EDGE('',*,*,#4039,.F.);
#5708=ORIENTED_EDGE('',*,*,#4040,.F.);
#5709=ORIENTED_EDGE('',*,*,#4041,.F.);
#5710=ORIENTED_EDGE('',*,*,#4042,.F.);
#5711=ORIENTED_EDGE('',*,*,#4043,.F.);
#5712=ORIENTED_EDGE('',*,*,#3969,.F.);
#5713=ORIENTED_EDGE('',*,*,#3959,.F.);
#5714=ORIENTED_EDGE('',*,*,#3949,.F.);
#5715=ORIENTED_EDGE('',*,*,#3987,.T.);
#5716=ORIENTED_EDGE('',*,*,#3990,.T.);
#5717=ORIENTED_EDGE('',*,*,#3993,.T.);
#5718=ORIENTED_EDGE('',*,*,#3996,.T.);
#5719=ORIENTED_EDGE('',*,*,#3986,.T.);
#5720=ORIENTED_EDGE('',*,*,#3983,.T.);
#5721=ORIENTED_EDGE('',*,*,#3980,.T.);
#5722=ORIENTED_EDGE('',*,*,#3977,.T.);
#5723=ORIENTED_EDGE('',*,*,#4042,.T.);
#5724=ORIENTED_EDGE('',*,*,#4044,.T.);
#5725=ORIENTED_EDGE('',*,*,#4045,.F.);
#5726=ORIENTED_EDGE('',*,*,#4046,.F.);
#5727=ORIENTED_EDGE('',*,*,#4041,.T.);
#5728=ORIENTED_EDGE('',*,*,#4047,.T.);
#5729=ORIENTED_EDGE('',*,*,#4048,.F.);
#5730=ORIENTED_EDGE('',*,*,#4044,.F.);
#5731=ORIENTED_EDGE('',*,*,#4040,.T.);
#5732=ORIENTED_EDGE('',*,*,#4049,.T.);
#5733=ORIENTED_EDGE('',*,*,#4050,.F.);
#5734=ORIENTED_EDGE('',*,*,#4047,.F.);
#5735=ORIENTED_EDGE('',*,*,#4039,.T.);
#5736=ORIENTED_EDGE('',*,*,#4051,.T.);
#5737=ORIENTED_EDGE('',*,*,#4052,.F.);
#5738=ORIENTED_EDGE('',*,*,#4049,.F.);
#5739=ORIENTED_EDGE('',*,*,#4038,.T.);
#5740=ORIENTED_EDGE('',*,*,#4053,.T.);
#5741=ORIENTED_EDGE('',*,*,#4054,.F.);
#5742=ORIENTED_EDGE('',*,*,#4051,.F.);
#5743=ORIENTED_EDGE('',*,*,#4037,.T.);
#5744=ORIENTED_EDGE('',*,*,#3947,.T.);
#5745=ORIENTED_EDGE('',*,*,#4055,.F.);
#5746=ORIENTED_EDGE('',*,*,#4053,.F.);
#5747=ORIENTED_EDGE('',*,*,#4056,.T.);
#5748=ORIENTED_EDGE('',*,*,#4057,.F.);
#5749=ORIENTED_EDGE('',*,*,#3964,.F.);
#5750=ORIENTED_EDGE('',*,*,#4058,.T.);
#5751=ORIENTED_EDGE('',*,*,#3952,.T.);
#5752=ORIENTED_EDGE('',*,*,#4059,.F.);
#5753=ORIENTED_EDGE('',*,*,#4060,.F.);
#5754=ORIENTED_EDGE('',*,*,#4061,.T.);
#5755=ORIENTED_EDGE('',*,*,#4060,.T.);
#5756=ORIENTED_EDGE('',*,*,#4062,.F.);
#5757=ORIENTED_EDGE('',*,*,#4063,.F.);
#5758=ORIENTED_EDGE('',*,*,#4064,.F.);
#5759=ORIENTED_EDGE('',*,*,#4063,.T.);
#5760=ORIENTED_EDGE('',*,*,#4065,.F.);
#5761=ORIENTED_EDGE('',*,*,#4066,.F.);
#5762=ORIENTED_EDGE('',*,*,#4067,.T.);
#5763=ORIENTED_EDGE('',*,*,#4066,.T.);
#5764=ORIENTED_EDGE('',*,*,#4068,.F.);
#5765=ORIENTED_EDGE('',*,*,#4069,.F.);
#5766=ORIENTED_EDGE('',*,*,#4070,.F.);
#5767=ORIENTED_EDGE('',*,*,#4069,.T.);
#5768=ORIENTED_EDGE('',*,*,#4071,.F.);
#5769=ORIENTED_EDGE('',*,*,#4072,.F.);
#5770=ORIENTED_EDGE('',*,*,#4073,.T.);
#5771=ORIENTED_EDGE('',*,*,#4072,.T.);
#5772=ORIENTED_EDGE('',*,*,#4074,.F.);
#5773=ORIENTED_EDGE('',*,*,#4056,.F.);
#5774=ORIENTED_EDGE('',*,*,#4075,.F.);
#5775=ORIENTED_EDGE('',*,*,#4043,.T.);
#5776=ORIENTED_EDGE('',*,*,#4046,.T.);
#5777=ORIENTED_EDGE('',*,*,#4076,.F.);
#5778=ORIENTED_EDGE('',*,*,#3970,.F.);
#5779=ORIENTED_EDGE('',*,*,#3955,.T.);
#5780=ORIENTED_EDGE('',*,*,#3965,.T.);
#5781=ORIENTED_EDGE('',*,*,#4057,.T.);
#5782=ORIENTED_EDGE('',*,*,#4074,.T.);
#5783=ORIENTED_EDGE('',*,*,#4071,.T.);
#5784=ORIENTED_EDGE('',*,*,#4068,.T.);
#5785=ORIENTED_EDGE('',*,*,#4065,.T.);
#5786=ORIENTED_EDGE('',*,*,#4062,.T.);
#5787=ORIENTED_EDGE('',*,*,#4059,.T.);
#5788=ORIENTED_EDGE('',*,*,#3951,.T.);
#5789=ORIENTED_EDGE('',*,*,#3958,.T.);
#5790=ORIENTED_EDGE('',*,*,#3971,.T.);
#5791=ORIENTED_EDGE('',*,*,#4076,.T.);
#5792=ORIENTED_EDGE('',*,*,#4045,.T.);
#5793=ORIENTED_EDGE('',*,*,#4048,.T.);
#5794=ORIENTED_EDGE('',*,*,#4050,.T.);
#5795=ORIENTED_EDGE('',*,*,#4052,.T.);
#5796=ORIENTED_EDGE('',*,*,#4054,.T.);
#5797=ORIENTED_EDGE('',*,*,#4055,.T.);
#5798=ORIENTED_EDGE('',*,*,#3946,.T.);
#5799=ORIENTED_EDGE('',*,*,#3973,.T.);
#5800=ORIENTED_EDGE('',*,*,#3953,.T.);
#5801=ORIENTED_EDGE('',*,*,#4061,.F.);
#5802=ORIENTED_EDGE('',*,*,#4064,.T.);
#5803=ORIENTED_EDGE('',*,*,#4067,.F.);
#5804=ORIENTED_EDGE('',*,*,#4070,.T.);
#5805=ORIENTED_EDGE('',*,*,#4073,.F.);
#5806=ORIENTED_EDGE('',*,*,#4075,.T.);
#5807=ORIENTED_EDGE('',*,*,#4058,.F.);
#5808=ORIENTED_EDGE('',*,*,#3963,.T.);
#5809=ORIENTED_EDGE('',*,*,#3968,.T.);
#5810=ORIENTED_EDGE('',*,*,#3999,.T.);
#5811=ORIENTED_EDGE('',*,*,#4002,.T.);
#5812=ORIENTED_EDGE('',*,*,#4005,.T.);
#5813=ORIENTED_EDGE('',*,*,#4008,.T.);
#5814=ORIENTED_EDGE('',*,*,#4011,.T.);
#5815=ORIENTED_EDGE('',*,*,#4014,.T.);
#5816=ORIENTED_EDGE('',*,*,#4017,.T.);
#5817=ORIENTED_EDGE('',*,*,#4020,.F.);
#5818=ORIENTED_EDGE('',*,*,#4023,.F.);
#5819=ORIENTED_EDGE('',*,*,#4026,.F.);
#5820=ORIENTED_EDGE('',*,*,#4029,.F.);
#5821=ORIENTED_EDGE('',*,*,#4032,.F.);
#5822=ORIENTED_EDGE('',*,*,#4035,.F.);
#5823=ORIENTED_EDGE('',*,*,#3989,.F.);
#5824=ORIENTED_EDGE('',*,*,#3992,.F.);
#5825=ORIENTED_EDGE('',*,*,#3995,.F.);
#5826=ORIENTED_EDGE('',*,*,#3998,.F.);
#5827=ORIENTED_EDGE('',*,*,#3984,.T.);
#5828=ORIENTED_EDGE('',*,*,#3981,.T.);
#5829=ORIENTED_EDGE('',*,*,#3978,.T.);
#5830=ORIENTED_EDGE('',*,*,#3975,.T.);
#5831=ORIENTED_EDGE('',*,*,#4077,.T.);
#5832=ORIENTED_EDGE('',*,*,#4078,.F.);
#5833=ORIENTED_EDGE('',*,*,#4079,.F.);
#5834=ORIENTED_EDGE('',*,*,#4080,.F.);
#5835=ORIENTED_EDGE('',*,*,#4080,.T.);
#5836=ORIENTED_EDGE('',*,*,#4081,.T.);
#5837=ORIENTED_EDGE('',*,*,#4082,.T.);
#5838=ORIENTED_EDGE('',*,*,#4083,.F.);
#5839=ORIENTED_EDGE('',*,*,#4084,.F.);
#5840=ORIENTED_EDGE('',*,*,#4085,.T.);
#5841=ORIENTED_EDGE('',*,*,#4086,.F.);
#5842=ORIENTED_EDGE('',*,*,#4087,.F.);
#5843=ORIENTED_EDGE('',*,*,#4088,.T.);
#5844=ORIENTED_EDGE('',*,*,#4089,.T.);
#5845=ORIENTED_EDGE('',*,*,#4090,.T.);
#5846=ORIENTED_EDGE('',*,*,#4091,.T.);
#5847=ORIENTED_EDGE('',*,*,#4092,.T.);
#5848=ORIENTED_EDGE('',*,*,#4093,.T.);
#5849=ORIENTED_EDGE('',*,*,#4094,.T.);
#5850=ORIENTED_EDGE('',*,*,#4095,.T.);
#5851=ORIENTED_EDGE('',*,*,#4096,.T.);
#5852=ORIENTED_EDGE('',*,*,#4081,.F.);
#5853=ORIENTED_EDGE('',*,*,#4079,.T.);
#5854=ORIENTED_EDGE('',*,*,#4097,.F.);
#5855=ORIENTED_EDGE('',*,*,#4098,.T.);
#5856=ORIENTED_EDGE('',*,*,#4099,.T.);
#5857=ORIENTED_EDGE('',*,*,#4100,.T.);
#5858=ORIENTED_EDGE('',*,*,#4101,.T.);
#5859=ORIENTED_EDGE('',*,*,#4102,.T.);
#5860=ORIENTED_EDGE('',*,*,#4103,.T.);
#5861=ORIENTED_EDGE('',*,*,#4104,.T.);
#5862=ORIENTED_EDGE('',*,*,#4105,.T.);
#5863=ORIENTED_EDGE('',*,*,#4087,.T.);
#5864=ORIENTED_EDGE('',*,*,#4106,.T.);
#5865=ORIENTED_EDGE('',*,*,#4107,.F.);
#5866=ORIENTED_EDGE('',*,*,#4108,.T.);
#5867=ORIENTED_EDGE('',*,*,#4109,.F.);
#5868=ORIENTED_EDGE('',*,*,#4110,.T.);
#5869=ORIENTED_EDGE('',*,*,#4111,.F.);
#5870=ORIENTED_EDGE('',*,*,#4112,.T.);
#5871=ORIENTED_EDGE('',*,*,#4113,.F.);
#5872=ORIENTED_EDGE('',*,*,#4114,.T.);
#5873=ORIENTED_EDGE('',*,*,#4115,.T.);
#5874=ORIENTED_EDGE('',*,*,#4077,.F.);
#5875=ORIENTED_EDGE('',*,*,#4116,.T.);
#5876=ORIENTED_EDGE('',*,*,#4117,.T.);
#5877=ORIENTED_EDGE('',*,*,#4118,.T.);
#5878=ORIENTED_EDGE('',*,*,#4119,.T.);
#5879=ORIENTED_EDGE('',*,*,#4120,.F.);
#5880=ORIENTED_EDGE('',*,*,#4121,.F.);
#5881=ORIENTED_EDGE('',*,*,#4122,.F.);
#5882=ORIENTED_EDGE('',*,*,#4123,.F.);
#5883=ORIENTED_EDGE('',*,*,#4078,.T.);
#5884=ORIENTED_EDGE('',*,*,#4115,.F.);
#5885=ORIENTED_EDGE('',*,*,#4124,.F.);
#5886=ORIENTED_EDGE('',*,*,#4125,.T.);
#5887=ORIENTED_EDGE('',*,*,#4126,.T.);
#5888=ORIENTED_EDGE('',*,*,#4127,.F.);
#5889=ORIENTED_EDGE('',*,*,#4128,.F.);
#5890=ORIENTED_EDGE('',*,*,#4097,.T.);
#5891=ORIENTED_EDGE('',*,*,#4129,.T.);
#5892=ORIENTED_EDGE('',*,*,#4130,.T.);
#5893=ORIENTED_EDGE('',*,*,#4131,.T.);
#5894=ORIENTED_EDGE('',*,*,#4132,.T.);
#5895=ORIENTED_EDGE('',*,*,#4133,.T.);
#5896=ORIENTED_EDGE('',*,*,#4134,.T.);
#5897=ORIENTED_EDGE('',*,*,#4135,.T.);
#5898=ORIENTED_EDGE('',*,*,#4136,.T.);
#5899=ORIENTED_EDGE('',*,*,#4126,.F.);
#5900=ORIENTED_EDGE('',*,*,#4137,.T.);
#5901=ORIENTED_EDGE('',*,*,#4138,.T.);
#5902=ORIENTED_EDGE('',*,*,#4139,.F.);
#5903=ORIENTED_EDGE('',*,*,#4140,.T.);
#5904=ORIENTED_EDGE('',*,*,#4141,.T.);
#5905=ORIENTED_EDGE('',*,*,#4142,.F.);
#5906=ORIENTED_EDGE('',*,*,#4138,.F.);
#5907=ORIENTED_EDGE('',*,*,#4143,.T.);
#5908=ORIENTED_EDGE('',*,*,#4144,.T.);
#5909=ORIENTED_EDGE('',*,*,#4145,.F.);
#5910=ORIENTED_EDGE('',*,*,#4141,.F.);
#5911=ORIENTED_EDGE('',*,*,#4146,.T.);
#5912=ORIENTED_EDGE('',*,*,#4147,.T.);
#5913=ORIENTED_EDGE('',*,*,#4148,.F.);
#5914=ORIENTED_EDGE('',*,*,#4144,.F.);
#5915=ORIENTED_EDGE('',*,*,#4149,.T.);
#5916=ORIENTED_EDGE('',*,*,#4150,.T.);
#5917=ORIENTED_EDGE('',*,*,#4151,.F.);
#5918=ORIENTED_EDGE('',*,*,#4147,.F.);
#5919=ORIENTED_EDGE('',*,*,#4152,.T.);
#5920=ORIENTED_EDGE('',*,*,#4153,.T.);
#5921=ORIENTED_EDGE('',*,*,#4154,.F.);
#5922=ORIENTED_EDGE('',*,*,#4150,.F.);
#5923=ORIENTED_EDGE('',*,*,#4155,.T.);
#5924=ORIENTED_EDGE('',*,*,#4156,.T.);
#5925=ORIENTED_EDGE('',*,*,#4157,.F.);
#5926=ORIENTED_EDGE('',*,*,#4153,.F.);
#5927=ORIENTED_EDGE('',*,*,#4158,.T.);
#5928=ORIENTED_EDGE('',*,*,#4159,.T.);
#5929=ORIENTED_EDGE('',*,*,#4160,.F.);
#5930=ORIENTED_EDGE('',*,*,#4156,.F.);
#5931=ORIENTED_EDGE('',*,*,#4089,.F.);
#5932=ORIENTED_EDGE('',*,*,#4161,.T.);
#5933=ORIENTED_EDGE('',*,*,#4162,.F.);
#5934=ORIENTED_EDGE('',*,*,#4163,.F.);
#5935=ORIENTED_EDGE('',*,*,#4090,.F.);
#5936=ORIENTED_EDGE('',*,*,#4163,.T.);
#5937=ORIENTED_EDGE('',*,*,#4164,.F.);
#5938=ORIENTED_EDGE('',*,*,#4165,.F.);
#5939=ORIENTED_EDGE('',*,*,#4091,.F.);
#5940=ORIENTED_EDGE('',*,*,#4165,.T.);
#5941=ORIENTED_EDGE('',*,*,#4166,.F.);
#5942=ORIENTED_EDGE('',*,*,#4167,.F.);
#5943=ORIENTED_EDGE('',*,*,#4092,.F.);
#5944=ORIENTED_EDGE('',*,*,#4167,.T.);
#5945=ORIENTED_EDGE('',*,*,#4168,.F.);
#5946=ORIENTED_EDGE('',*,*,#4169,.F.);
#5947=ORIENTED_EDGE('',*,*,#4093,.F.);
#5948=ORIENTED_EDGE('',*,*,#4169,.T.);
#5949=ORIENTED_EDGE('',*,*,#4170,.F.);
#5950=ORIENTED_EDGE('',*,*,#4171,.F.);
#5951=ORIENTED_EDGE('',*,*,#4094,.F.);
#5952=ORIENTED_EDGE('',*,*,#4171,.T.);
#5953=ORIENTED_EDGE('',*,*,#4172,.F.);
#5954=ORIENTED_EDGE('',*,*,#4173,.F.);
#5955=ORIENTED_EDGE('',*,*,#4095,.F.);
#5956=ORIENTED_EDGE('',*,*,#4173,.T.);
#5957=ORIENTED_EDGE('',*,*,#4174,.F.);
#5958=ORIENTED_EDGE('',*,*,#4175,.F.);
#5959=ORIENTED_EDGE('',*,*,#4096,.F.);
#5960=ORIENTED_EDGE('',*,*,#4175,.T.);
#5961=ORIENTED_EDGE('',*,*,#4176,.F.);
#5962=ORIENTED_EDGE('',*,*,#4082,.F.);
#5963=ORIENTED_EDGE('',*,*,#4177,.T.);
#5964=ORIENTED_EDGE('',*,*,#4084,.T.);
#5965=ORIENTED_EDGE('',*,*,#4178,.F.);
#5966=ORIENTED_EDGE('',*,*,#4159,.F.);
#5967=ORIENTED_EDGE('',*,*,#4088,.F.);
#5968=ORIENTED_EDGE('',*,*,#4128,.T.);
#5969=ORIENTED_EDGE('',*,*,#4179,.F.);
#5970=ORIENTED_EDGE('',*,*,#4161,.F.);
#5971=ORIENTED_EDGE('',*,*,#4179,.T.);
#5972=ORIENTED_EDGE('',*,*,#4127,.T.);
#5973=ORIENTED_EDGE('',*,*,#4139,.T.);
#5974=ORIENTED_EDGE('',*,*,#4142,.T.);
#5975=ORIENTED_EDGE('',*,*,#4145,.T.);
#5976=ORIENTED_EDGE('',*,*,#4148,.T.);
#5977=ORIENTED_EDGE('',*,*,#4151,.T.);
#5978=ORIENTED_EDGE('',*,*,#4154,.T.);
#5979=ORIENTED_EDGE('',*,*,#4157,.T.);
#5980=ORIENTED_EDGE('',*,*,#4160,.T.);
#5981=ORIENTED_EDGE('',*,*,#4178,.T.);
#5982=ORIENTED_EDGE('',*,*,#4083,.T.);
#5983=ORIENTED_EDGE('',*,*,#4176,.T.);
#5984=ORIENTED_EDGE('',*,*,#4174,.T.);
#5985=ORIENTED_EDGE('',*,*,#4172,.T.);
#5986=ORIENTED_EDGE('',*,*,#4170,.T.);
#5987=ORIENTED_EDGE('',*,*,#4168,.T.);
#5988=ORIENTED_EDGE('',*,*,#4166,.T.);
#5989=ORIENTED_EDGE('',*,*,#4164,.T.);
#5990=ORIENTED_EDGE('',*,*,#4162,.T.);
#5991=ORIENTED_EDGE('',*,*,#4137,.F.);
#5992=ORIENTED_EDGE('',*,*,#4125,.F.);
#5993=ORIENTED_EDGE('',*,*,#4180,.F.);
#5994=ORIENTED_EDGE('',*,*,#4181,.F.);
#5995=ORIENTED_EDGE('',*,*,#4182,.F.);
#5996=ORIENTED_EDGE('',*,*,#4183,.F.);
#5997=ORIENTED_EDGE('',*,*,#4184,.F.);
#5998=ORIENTED_EDGE('',*,*,#4185,.F.);
#5999=ORIENTED_EDGE('',*,*,#4186,.F.);
#6000=ORIENTED_EDGE('',*,*,#4187,.F.);
#6001=ORIENTED_EDGE('',*,*,#4188,.F.);
#6002=ORIENTED_EDGE('',*,*,#4085,.F.);
#6003=ORIENTED_EDGE('',*,*,#4177,.F.);
#6004=ORIENTED_EDGE('',*,*,#4158,.F.);
#6005=ORIENTED_EDGE('',*,*,#4155,.F.);
#6006=ORIENTED_EDGE('',*,*,#4152,.F.);
#6007=ORIENTED_EDGE('',*,*,#4149,.F.);
#6008=ORIENTED_EDGE('',*,*,#4146,.F.);
#6009=ORIENTED_EDGE('',*,*,#4143,.F.);
#6010=ORIENTED_EDGE('',*,*,#4140,.F.);
#6011=ORIENTED_EDGE('',*,*,#4086,.T.);
#6012=ORIENTED_EDGE('',*,*,#4188,.T.);
#6013=ORIENTED_EDGE('',*,*,#4189,.F.);
#6014=ORIENTED_EDGE('',*,*,#4106,.F.);
#6015=ORIENTED_EDGE('',*,*,#4187,.T.);
#6016=ORIENTED_EDGE('',*,*,#4190,.F.);
#6017=ORIENTED_EDGE('',*,*,#4107,.T.);
#6018=ORIENTED_EDGE('',*,*,#4189,.T.);
#6019=ORIENTED_EDGE('',*,*,#4186,.T.);
#6020=ORIENTED_EDGE('',*,*,#4191,.F.);
#6021=ORIENTED_EDGE('',*,*,#4108,.F.);
#6022=ORIENTED_EDGE('',*,*,#4190,.T.);
#6023=ORIENTED_EDGE('',*,*,#4185,.T.);
#6024=ORIENTED_EDGE('',*,*,#4192,.F.);
#6025=ORIENTED_EDGE('',*,*,#4109,.T.);
#6026=ORIENTED_EDGE('',*,*,#4191,.T.);
#6027=ORIENTED_EDGE('',*,*,#4184,.T.);
#6028=ORIENTED_EDGE('',*,*,#4193,.F.);
#6029=ORIENTED_EDGE('',*,*,#4110,.F.);
#6030=ORIENTED_EDGE('',*,*,#4192,.T.);
#6031=ORIENTED_EDGE('',*,*,#4183,.T.);
#6032=ORIENTED_EDGE('',*,*,#4194,.F.);
#6033=ORIENTED_EDGE('',*,*,#4111,.T.);
#6034=ORIENTED_EDGE('',*,*,#4193,.T.);
#6035=ORIENTED_EDGE('',*,*,#4182,.T.);
#6036=ORIENTED_EDGE('',*,*,#4195,.F.);
#6037=ORIENTED_EDGE('',*,*,#4112,.F.);
#6038=ORIENTED_EDGE('',*,*,#4194,.T.);
#6039=ORIENTED_EDGE('',*,*,#4181,.T.);
#6040=ORIENTED_EDGE('',*,*,#4196,.F.);
#6041=ORIENTED_EDGE('',*,*,#4113,.T.);
#6042=ORIENTED_EDGE('',*,*,#4195,.T.);
#6043=ORIENTED_EDGE('',*,*,#4124,.T.);
#6044=ORIENTED_EDGE('',*,*,#4114,.F.);
#6045=ORIENTED_EDGE('',*,*,#4196,.T.);
#6046=ORIENTED_EDGE('',*,*,#4180,.T.);
#6047=ORIENTED_EDGE('',*,*,#4131,.F.);
#6048=ORIENTED_EDGE('',*,*,#4197,.T.);
#6049=ORIENTED_EDGE('',*,*,#4105,.F.);
#6050=ORIENTED_EDGE('',*,*,#4197,.F.);
#6051=ORIENTED_EDGE('',*,*,#4135,.F.);
#6052=ORIENTED_EDGE('',*,*,#4198,.T.);
#6053=ORIENTED_EDGE('',*,*,#4098,.F.);
#6054=ORIENTED_EDGE('',*,*,#4198,.F.);
#6055=ORIENTED_EDGE('',*,*,#4133,.F.);
#6056=ORIENTED_EDGE('',*,*,#4199,.T.);
#6057=ORIENTED_EDGE('',*,*,#4104,.F.);
#6058=ORIENTED_EDGE('',*,*,#4199,.F.);
#6059=ORIENTED_EDGE('',*,*,#4129,.F.);
#6060=ORIENTED_EDGE('',*,*,#4200,.T.);
#6061=ORIENTED_EDGE('',*,*,#4099,.F.);
#6062=ORIENTED_EDGE('',*,*,#4200,.F.);
#6063=ORIENTED_EDGE('',*,*,#4116,.F.);
#6064=ORIENTED_EDGE('',*,*,#4201,.T.);
#6065=ORIENTED_EDGE('',*,*,#4136,.F.);
#6066=ORIENTED_EDGE('',*,*,#4201,.F.);
#6067=ORIENTED_EDGE('',*,*,#4117,.F.);
#6068=ORIENTED_EDGE('',*,*,#4202,.T.);
#6069=ORIENTED_EDGE('',*,*,#4130,.F.);
#6070=ORIENTED_EDGE('',*,*,#4202,.F.);
#6071=ORIENTED_EDGE('',*,*,#4118,.F.);
#6072=ORIENTED_EDGE('',*,*,#4203,.T.);
#6073=ORIENTED_EDGE('',*,*,#4132,.F.);
#6074=ORIENTED_EDGE('',*,*,#4203,.F.);
#6075=ORIENTED_EDGE('',*,*,#4119,.F.);
#6076=ORIENTED_EDGE('',*,*,#4204,.T.);
#6077=ORIENTED_EDGE('',*,*,#4134,.F.);
#6078=ORIENTED_EDGE('',*,*,#4204,.F.);
#6079=ORIENTED_EDGE('',*,*,#4100,.F.);
#6080=ORIENTED_EDGE('',*,*,#4205,.T.);
#6081=ORIENTED_EDGE('',*,*,#4120,.T.);
#6082=ORIENTED_EDGE('',*,*,#4205,.F.);
#6083=ORIENTED_EDGE('',*,*,#4101,.F.);
#6084=ORIENTED_EDGE('',*,*,#4206,.T.);
#6085=ORIENTED_EDGE('',*,*,#4121,.T.);
#6086=ORIENTED_EDGE('',*,*,#4206,.F.);
#6087=ORIENTED_EDGE('',*,*,#4102,.F.);
#6088=ORIENTED_EDGE('',*,*,#4207,.T.);
#6089=ORIENTED_EDGE('',*,*,#4122,.T.);
#6090=ORIENTED_EDGE('',*,*,#4207,.F.);
#6091=ORIENTED_EDGE('',*,*,#4103,.F.);
#6092=ORIENTED_EDGE('',*,*,#4208,.T.);
#6093=ORIENTED_EDGE('',*,*,#4123,.T.);
#6094=ORIENTED_EDGE('',*,*,#4208,.F.);
#6095=PLANE('',#6674);
#6096=PLANE('',#6679);
#6097=PLANE('',#6680);
#6098=PLANE('',#6681);
#6099=PLANE('',#6686);
#6100=PLANE('',#6687);
#6101=PLANE('',#6688);
#6102=PLANE('',#6689);
#6103=PLANE('',#6690);
#6104=PLANE('',#6691);
#6105=PLANE('',#6692);
#6106=PLANE('',#6693);
#6107=PLANE('',#6694);
#6108=PLANE('',#6695);
#6109=PLANE('',#6696);
#6110=PLANE('',#6697);
#6111=PLANE('',#6698);
#6112=PLANE('',#6699);
#6113=PLANE('',#6706);
#6114=PLANE('',#6707);
#6115=PLANE('',#6708);
#6116=PLANE('',#6709);
#6117=PLANE('',#6710);
#6118=PLANE('',#6711);
#6119=PLANE('',#6712);
#6120=PLANE('',#6713);
#6121=PLANE('',#6714);
#6122=PLANE('',#6715);
#6123=PLANE('',#6716);
#6124=PLANE('',#6717);
#6125=PLANE('',#6718);
#6126=PLANE('',#6719);
#6127=PLANE('',#6720);
#6128=PLANE('',#6721);
#6129=PLANE('',#6722);
#6130=PLANE('',#6723);
#6131=PLANE('',#6724);
#6132=PLANE('',#6725);
#6133=PLANE('',#6728);
#6134=PLANE('',#6729);
#6135=PLANE('',#6730);
#6136=PLANE('',#6731);
#6137=PLANE('',#6732);
#6138=PLANE('',#6733);
#6139=PLANE('',#6734);
#6140=PLANE('',#6740);
#6141=PLANE('',#6741);
#6142=PLANE('',#6742);
#6143=PLANE('',#6743);
#6144=PLANE('',#6744);
#6145=PLANE('',#6753);
#6146=PLANE('',#6767);
#6147=PLANE('',#6768);
#6148=PLANE('',#6771);
#6149=PLANE('',#6774);
#6150=PLANE('',#6775);
#6151=PLANE('',#6778);
#6152=PLANE('',#6779);
#6153=PLANE('',#6787);
#6154=PLANE('',#6788);
#6155=PLANE('',#6794);
#6156=PLANE('',#6795);
#6157=PLANE('',#6796);
#6158=PLANE('',#6799);
#6159=PLANE('',#6800);
#6160=PLANE('',#6801);
#6161=PLANE('',#6802);
#6162=PLANE('',#6803);
#6163=PLANE('',#6804);
#6164=PLANE('',#6806);
#6165=PLANE('',#6807);
#6166=PLANE('',#6808);
#6167=PLANE('',#6810);
#6168=PLANE('',#6811);
#6169=PLANE('',#6812);
#6170=PLANE('',#6813);
#6171=PLANE('',#6814);
#6172=PLANE('',#6816);
#6173=PLANE('',#6818);
#6174=PLANE('',#6819);
#6175=PLANE('',#6820);
#6176=PLANE('',#6821);
#6177=PLANE('',#6822);
#6178=PLANE('',#6824);
#6179=PLANE('',#6825);
#6180=PLANE('',#6829);
#6181=PLANE('',#6833);
#6182=PLANE('',#6837);
#6183=PLANE('',#6841);
#6184=PLANE('',#6842);
#6185=PLANE('',#6843);
#6186=PLANE('',#6847);
#6187=PLANE('',#6851);
#6188=PLANE('',#6852);
#6189=PLANE('',#6853);
#6190=PLANE('',#6854);
#6191=PLANE('',#6855);
#6192=PLANE('',#6859);
#6193=PLANE('',#6863);
#6194=PLANE('',#6864);
#6195=PLANE('',#6865);
#6196=PLANE('',#6869);
#6197=PLANE('',#6873);
#6198=PLANE('',#6877);
#6199=PLANE('',#6881);
#6200=PLANE('',#6882);
#6201=PLANE('',#6883);
#6202=PLANE('',#6889);
#6203=PLANE('',#6890);
#6204=PLANE('',#6891);
#6205=PLANE('',#6892);
#6206=PLANE('',#6901);
#6207=PLANE('',#6914);
#6208=PLANE('',#6915);
#6209=PLANE('',#6916);
#6210=PLANE('',#6917);
#6211=PLANE('',#6918);
#6212=PLANE('',#6919);
#6213=PLANE('',#6920);
#6214=PLANE('',#6921);
#6215=PLANE('',#6922);
#6216=PLANE('',#6923);
#6217=PLANE('',#6924);
#6218=PLANE('',#6925);
#6219=PLANE('',#6926);
#6220=PLANE('',#6927);
#6221=PLANE('',#6928);
#6222=PLANE('',#6929);
#6223=PLANE('',#6930);
#6224=PLANE('',#6931);
#6225=PLANE('',#6932);
#6226=PLANE('',#6933);
#6227=PLANE('',#6934);
#6228=PLANE('',#6935);
#6229=PLANE('',#6936);
#6230=PLANE('',#6937);
#6231=PLANE('',#6938);
#6232=PLANE('',#6939);
#6233=PLANE('',#6940);
#6234=PLANE('',#6941);
#6235=PLANE('',#6945);
#6236=PLANE('',#6954);
#6237=PLANE('',#6955);
#6238=PLANE('',#6956);
#6239=PLANE('',#6957);
#6240=PLANE('',#6958);
#6241=PLANE('',#6959);
#6242=PLANE('',#6960);
#6243=PLANE('',#6961);
#6244=PLANE('',#6962);
#6245=PLANE('',#6963);
#6246=PLANE('',#6964);
#6247=PLANE('',#6965);
#6248=PLANE('',#6966);
#6249=PLANE('',#6967);
#6250=PLANE('',#6968);
#6251=PLANE('',#6969);
#6252=PLANE('',#6973);
#6253=PLANE('',#6974);
#6254=PLANE('',#6979);
#6255=PLANE('',#6980);
#6256=PLANE('',#6981);
#6257=PLANE('',#6982);
#6258=PLANE('',#6986);
#6259=PLANE('',#6987);
#6260=PLANE('',#6988);
#6261=PLANE('',#6989);
#6262=PLANE('',#6992);
#6263=PLANE('',#6993);
#6264=PLANE('',#6996);
#6265=PLANE('',#6997);
#6266=PLANE('',#6998);
#6267=PLANE('',#7000);
#6268=PLANE('',#7001);
#6269=PLANE('',#7002);
#6270=PLANE('',#7003);
#6271=PLANE('',#7004);
#6272=PLANE('',#7005);
#6273=PLANE('',#7006);
#6274=PLANE('',#7007);
#6275=PLANE('',#7008);
#6276=PLANE('',#7010);
#6277=PLANE('',#7012);
#6278=PLANE('',#7015);
#6279=PLANE('',#7016);
#6280=PLANE('',#7017);
#6281=PLANE('',#7018);
#6282=PLANE('',#7019);
#6283=PLANE('',#7020);
#6284=PLANE('',#7021);
#6285=PLANE('',#7022);
#6286=PLANE('',#7047);
#6287=PLANE('',#7051);
#6288=PLANE('',#7052);
#6289=PLANE('',#7053);
#6290=PLANE('',#7054);
#6291=PLANE('',#7058);
#6292=PLANE('',#7059);
#6293=PLANE('',#7060);
#6294=PLANE('',#7061);
#6295=PLANE('',#7065);
#6296=PLANE('',#7066);
#6297=PLANE('',#7071);
#6298=PLANE('',#7074);
#6299=PLANE('',#7077);
#6300=PLANE('',#7086);
#6301=PLANE('',#7090);
#6302=PLANE('',#7094);
#6303=PLANE('',#7097);
#6304=PLANE('',#7098);
#6305=PLANE('',#7099);
#6306=PLANE('',#7100);
#6307=PLANE('',#7101);
#6308=PLANE('',#7114);
#6309=PLANE('',#7127);
#6310=PLANE('',#7128);
#6311=PLANE('',#7131);
#6312=PLANE('',#7134);
#6313=PLANE('',#7137);
#6314=PLANE('',#7140);
#6315=PLANE('',#7144);
#6316=PLANE('',#7148);
#6317=PLANE('',#7152);
#6318=PLANE('',#7158);
#6319=PLANE('',#7161);
#6320=PLANE('',#7164);
#6321=PLANE('',#7167);
#6322=PLANE('',#7168);
#6323=PLANE('',#7169);
#6324=PLANE('',#7170);
#6325=PLANE('',#7171);
#6326=PLANE('',#7176);
#6327=PLANE('',#7178);
#6328=PLANE('',#7180);
#6329=PLANE('',#7182);
#6330=PLANE('',#7184);
#6331=ADVANCED_FACE('',(#204),#6095,.T.);
#6332=ADVANCED_FACE('',(#205),#114,.T.);
#6333=ADVANCED_FACE('',(#206),#6096,.T.);
#6334=ADVANCED_FACE('',(#207),#6097,.F.);
#6335=ADVANCED_FACE('',(#208),#6098,.T.);
#6336=ADVANCED_FACE('',(#209),#115,.T.);
#6337=ADVANCED_FACE('',(#210),#6099,.T.);
#6338=ADVANCED_FACE('',(#211),#6100,.F.);
#6339=ADVANCED_FACE('',(#212),#6101,.F.);
#6340=ADVANCED_FACE('',(#213),#6102,.F.);
#6341=ADVANCED_FACE('',(#214),#6103,.F.);
#6342=ADVANCED_FACE('',(#215),#6104,.F.);
#6343=ADVANCED_FACE('',(#216),#6105,.F.);
#6344=ADVANCED_FACE('',(#217),#6106,.F.);
#6345=ADVANCED_FACE('',(#218),#6107,.F.);
#6346=ADVANCED_FACE('',(#219),#6108,.F.);
#6347=ADVANCED_FACE('',(#220),#6109,.F.);
#6348=ADVANCED_FACE('',(#221),#6110,.F.);
#6349=ADVANCED_FACE('',(#222),#6111,.F.);
#6350=ADVANCED_FACE('',(#223,#21,#22,#23,#24,#25,#26,#27,#28,#29,#30,#31,
#32),#6112,.F.);
#6351=ADVANCED_FACE('',(#224),#6113,.F.);
#6352=ADVANCED_FACE('',(#225),#6114,.F.);
#6353=ADVANCED_FACE('',(#226),#6115,.F.);
#6354=ADVANCED_FACE('',(#227),#6116,.F.);
#6355=ADVANCED_FACE('',(#228),#6117,.T.);
#6356=ADVANCED_FACE('',(#229),#6118,.T.);
#6357=ADVANCED_FACE('',(#230),#6119,.T.);
#6358=ADVANCED_FACE('',(#231),#6120,.T.);
#6359=ADVANCED_FACE('',(#232),#6121,.T.);
#6360=ADVANCED_FACE('',(#233),#6122,.T.);
#6361=ADVANCED_FACE('',(#234),#6123,.T.);
#6362=ADVANCED_FACE('',(#235),#6124,.T.);
#6363=ADVANCED_FACE('',(#236),#6125,.T.);
#6364=ADVANCED_FACE('',(#237),#6126,.T.);
#6365=ADVANCED_FACE('',(#238),#6127,.T.);
#6366=ADVANCED_FACE('',(#239),#6128,.T.);
#6367=ADVANCED_FACE('',(#240),#6129,.T.);
#6368=ADVANCED_FACE('',(#241),#6130,.T.);
#6369=ADVANCED_FACE('',(#242),#6131,.T.);
#6370=ADVANCED_FACE('',(#243),#6132,.T.);
#6371=ADVANCED_FACE('',(#244),#116,.T.);
#6372=ADVANCED_FACE('',(#245),#6133,.T.);
#6373=ADVANCED_FACE('',(#246),#6134,.F.);
#6374=ADVANCED_FACE('',(#247),#6135,.F.);
#6375=ADVANCED_FACE('',(#248),#6136,.F.);
#6376=ADVANCED_FACE('',(#249),#6137,.T.);
#6377=ADVANCED_FACE('',(#250),#6138,.T.);
#6378=ADVANCED_FACE('',(#251),#6139,.T.);
#6379=ADVANCED_FACE('',(#252),#6140,.T.);
#6380=ADVANCED_FACE('',(#253),#6141,.T.);
#6381=ADVANCED_FACE('',(#254),#6142,.T.);
#6382=ADVANCED_FACE('',(#255),#6143,.T.);
#6383=ADVANCED_FACE('',(#256),#6144,.T.);
#6384=ADVANCED_FACE('',(#257),#117,.T.);
#6385=ADVANCED_FACE('',(#258,#33,#34,#35,#36,#37,#38,#39,#40),#6145,.T.);
#6386=ADVANCED_FACE('',(#259),#118,.T.);
#6387=ADVANCED_FACE('',(#260),#119,.T.);
#6388=ADVANCED_FACE('',(#261),#6146,.T.);
#6389=ADVANCED_FACE('',(#262),#6147,.T.);
#6390=ADVANCED_FACE('',(#263),#120,.F.);
#6391=ADVANCED_FACE('',(#264),#6148,.T.);
#6392=ADVANCED_FACE('',(#265),#121,.F.);
#6393=ADVANCED_FACE('',(#266),#6149,.T.);
#6394=ADVANCED_FACE('',(#267),#6150,.T.);
#6395=ADVANCED_FACE('',(#268),#6151,.T.);
#6396=ADVANCED_FACE('',(#269),#6152,.T.);
#6397=ADVANCED_FACE('',(#270),#122,.T.);
#6398=ADVANCED_FACE('',(#271),#123,.T.);
#6399=ADVANCED_FACE('',(#272),#6153,.T.);
#6400=ADVANCED_FACE('',(#273),#6154,.T.);
#6401=ADVANCED_FACE('',(#274),#124,.T.);
#6402=ADVANCED_FACE('',(#275),#125,.T.);
#6403=ADVANCED_FACE('',(#276,#41),#6155,.T.);
#6404=ADVANCED_FACE('',(#277,#42),#6156,.T.);
#6405=ADVANCED_FACE('',(#278,#43),#6157,.T.);
#6406=ADVANCED_FACE('',(#279),#126,.T.);
#6407=ADVANCED_FACE('',(#280),#6158,.T.);
#6408=ADVANCED_FACE('',(#281,#44),#6159,.T.);
#6409=ADVANCED_FACE('',(#282),#6160,.T.);
#6410=ADVANCED_FACE('',(#283),#6161,.T.);
#6411=ADVANCED_FACE('',(#284),#6162,.T.);
#6412=ADVANCED_FACE('',(#285),#6163,.T.);
#6413=ADVANCED_FACE('',(#286),#127,.F.);
#6414=ADVANCED_FACE('',(#287),#6164,.T.);
#6415=ADVANCED_FACE('',(#288),#6165,.T.);
#6416=ADVANCED_FACE('',(#289),#6166,.T.);
#6417=ADVANCED_FACE('',(#290),#128,.F.);
#6418=ADVANCED_FACE('',(#291),#6167,.T.);
#6419=ADVANCED_FACE('',(#292),#6168,.T.);
#6420=ADVANCED_FACE('',(#293),#6169,.T.);
#6421=ADVANCED_FACE('',(#294),#6170,.T.);
#6422=ADVANCED_FACE('',(#295),#6171,.T.);
#6423=ADVANCED_FACE('',(#296),#129,.F.);
#6424=ADVANCED_FACE('',(#297),#6172,.T.);
#6425=ADVANCED_FACE('',(#298),#130,.F.);
#6426=ADVANCED_FACE('',(#299),#6173,.T.);
#6427=ADVANCED_FACE('',(#300),#6174,.T.);
#6428=ADVANCED_FACE('',(#301),#6175,.T.);
#6429=ADVANCED_FACE('',(#302),#6176,.T.);
#6430=ADVANCED_FACE('',(#303),#6177,.T.);
#6431=ADVANCED_FACE('',(#304),#131,.T.);
#6432=ADVANCED_FACE('',(#305),#6178,.T.);
#6433=ADVANCED_FACE('',(#306),#6179,.F.);
#6434=ADVANCED_FACE('',(#307),#132,.F.);
#6435=ADVANCED_FACE('',(#308),#6180,.F.);
#6436=ADVANCED_FACE('',(#309),#133,.F.);
#6437=ADVANCED_FACE('',(#310),#6181,.F.);
#6438=ADVANCED_FACE('',(#311),#134,.F.);
#6439=ADVANCED_FACE('',(#312),#6182,.F.);
#6440=ADVANCED_FACE('',(#313),#135,.F.);
#6441=ADVANCED_FACE('',(#314),#6183,.F.);
#6442=ADVANCED_FACE('',(#315),#6184,.F.);
#6443=ADVANCED_FACE('',(#316),#6185,.F.);
#6444=ADVANCED_FACE('',(#317),#136,.F.);
#6445=ADVANCED_FACE('',(#318),#6186,.F.);
#6446=ADVANCED_FACE('',(#319),#137,.F.);
#6447=ADVANCED_FACE('',(#320),#6187,.F.);
#6448=ADVANCED_FACE('',(#321),#6188,.F.);
#6449=ADVANCED_FACE('',(#322),#6189,.F.);
#6450=ADVANCED_FACE('',(#323),#6190,.F.);
#6451=ADVANCED_FACE('',(#324),#6191,.F.);
#6452=ADVANCED_FACE('',(#325),#138,.F.);
#6453=ADVANCED_FACE('',(#326),#6192,.F.);
#6454=ADVANCED_FACE('',(#327),#139,.F.);
#6455=ADVANCED_FACE('',(#328),#6193,.F.);
#6456=ADVANCED_FACE('',(#329),#6194,.F.);
#6457=ADVANCED_FACE('',(#330),#6195,.F.);
#6458=ADVANCED_FACE('',(#331),#140,.F.);
#6459=ADVANCED_FACE('',(#332),#6196,.F.);
#6460=ADVANCED_FACE('',(#333),#141,.F.);
#6461=ADVANCED_FACE('',(#334),#6197,.F.);
#6462=ADVANCED_FACE('',(#335),#142,.F.);
#6463=ADVANCED_FACE('',(#336),#6198,.F.);
#6464=ADVANCED_FACE('',(#337),#143,.F.);
#6465=ADVANCED_FACE('',(#338,#45,#46,#47),#6199,.T.);
#6466=ADVANCED_FACE('',(#339,#48),#6200,.T.);
#6467=ADVANCED_FACE('',(#340,#49),#6201,.T.);
#6468=ADVANCED_FACE('',(#341),#144,.F.);
#6469=ADVANCED_FACE('',(#342,#50),#6202,.T.);
#6470=ADVANCED_FACE('',(#343,#51),#6203,.T.);
#6471=ADVANCED_FACE('',(#344),#6204,.F.);
#6472=ADVANCED_FACE('',(#345,#52,#53,#54,#55,#56,#57,#58,#59,#60,#61,#62,
#63),#6205,.F.);
#6473=ADVANCED_FACE('',(#346,#64,#65,#66,#67,#68,#69,#70,#71),#6206,.T.);
#6474=ADVANCED_FACE('',(#347),#145,.T.);
#6475=ADVANCED_FACE('',(#348),#146,.F.);
#6476=ADVANCED_FACE('',(#349),#6207,.F.);
#6477=ADVANCED_FACE('',(#350),#6208,.F.);
#6478=ADVANCED_FACE('',(#351),#6209,.F.);
#6479=ADVANCED_FACE('',(#352),#6210,.F.);
#6480=ADVANCED_FACE('',(#353),#6211,.F.);
#6481=ADVANCED_FACE('',(#354),#6212,.F.);
#6482=ADVANCED_FACE('',(#355),#6213,.F.);
#6483=ADVANCED_FACE('',(#356),#6214,.F.);
#6484=ADVANCED_FACE('',(#357),#6215,.F.);
#6485=ADVANCED_FACE('',(#358),#6216,.F.);
#6486=ADVANCED_FACE('',(#359),#6217,.F.);
#6487=ADVANCED_FACE('',(#360),#6218,.F.);
#6488=ADVANCED_FACE('',(#361),#6219,.F.);
#6489=ADVANCED_FACE('',(#362),#6220,.F.);
#6490=ADVANCED_FACE('',(#363),#6221,.F.);
#6491=ADVANCED_FACE('',(#364),#6222,.F.);
#6492=ADVANCED_FACE('',(#365),#6223,.F.);
#6493=ADVANCED_FACE('',(#366),#6224,.F.);
#6494=ADVANCED_FACE('',(#367),#6225,.F.);
#6495=ADVANCED_FACE('',(#368),#6226,.F.);
#6496=ADVANCED_FACE('',(#369),#6227,.F.);
#6497=ADVANCED_FACE('',(#370),#6228,.F.);
#6498=ADVANCED_FACE('',(#371),#6229,.F.);
#6499=ADVANCED_FACE('',(#372),#6230,.F.);
#6500=ADVANCED_FACE('',(#373),#6231,.F.);
#6501=ADVANCED_FACE('',(#374),#6232,.F.);
#6502=ADVANCED_FACE('',(#375),#6233,.F.);
#6503=ADVANCED_FACE('',(#376),#6234,.F.);
#6504=ADVANCED_FACE('',(#377),#147,.F.);
#6505=ADVANCED_FACE('',(#378),#148,.F.);
#6506=ADVANCED_FACE('',(#379),#149,.F.);
#6507=ADVANCED_FACE('',(#380),#6235,.T.);
#6508=ADVANCED_FACE('',(#381),#6236,.T.);
#6509=ADVANCED_FACE('',(#382),#6237,.T.);
#6510=ADVANCED_FACE('',(#383),#6238,.T.);
#6511=ADVANCED_FACE('',(#384),#6239,.T.);
#6512=ADVANCED_FACE('',(#385),#6240,.T.);
#6513=ADVANCED_FACE('',(#386),#6241,.T.);
#6514=ADVANCED_FACE('',(#387),#6242,.T.);
#6515=ADVANCED_FACE('',(#388),#6243,.T.);
#6516=ADVANCED_FACE('',(#389),#6244,.T.);
#6517=ADVANCED_FACE('',(#390),#6245,.T.);
#6518=ADVANCED_FACE('',(#391),#6246,.T.);
#6519=ADVANCED_FACE('',(#392),#6247,.T.);
#6520=ADVANCED_FACE('',(#393),#6248,.T.);
#6521=ADVANCED_FACE('',(#394),#6249,.T.);
#6522=ADVANCED_FACE('',(#395),#6250,.T.);
#6523=ADVANCED_FACE('',(#396),#6251,.T.);
#6524=ADVANCED_FACE('',(#397),#150,.F.);
#6525=ADVANCED_FACE('',(#398),#151,.T.);
#6526=ADVANCED_FACE('',(#399),#6252,.T.);
#6527=ADVANCED_FACE('',(#400),#6253,.T.);
#6528=ADVANCED_FACE('',(#401),#152,.F.);
#6529=ADVANCED_FACE('',(#402),#153,.T.);
#6530=ADVANCED_FACE('',(#403,#72,#73,#74),#6254,.T.);
#6531=ADVANCED_FACE('',(#404),#6255,.F.);
#6532=ADVANCED_FACE('',(#405),#6256,.F.);
#6533=ADVANCED_FACE('',(#406),#6257,.T.);
#6534=ADVANCED_FACE('',(#407),#154,.T.);
#6535=ADVANCED_FACE('',(#408),#6258,.T.);
#6536=ADVANCED_FACE('',(#409),#6259,.T.);
#6537=ADVANCED_FACE('',(#410),#6260,.T.);
#6538=ADVANCED_FACE('',(#411),#6261,.T.);
#6539=ADVANCED_FACE('',(#412),#155,.T.);
#6540=ADVANCED_FACE('',(#413,#75),#6262,.T.);
#6541=ADVANCED_FACE('',(#414,#76),#6263,.T.);
#6542=ADVANCED_FACE('',(#415),#6264,.T.);
#6543=ADVANCED_FACE('',(#416),#6265,.T.);
#6544=ADVANCED_FACE('',(#417),#6266,.T.);
#6545=ADVANCED_FACE('',(#418),#156,.T.);
#6546=ADVANCED_FACE('',(#419),#6267,.T.);
#6547=ADVANCED_FACE('',(#420),#6268,.T.);
#6548=ADVANCED_FACE('',(#421),#6269,.T.);
#6549=ADVANCED_FACE('',(#422),#6270,.T.);
#6550=ADVANCED_FACE('',(#423,#77),#6271,.T.);
#6551=ADVANCED_FACE('',(#424),#6272,.T.);
#6552=ADVANCED_FACE('',(#425),#6273,.T.);
#6553=ADVANCED_FACE('',(#426),#6274,.T.);
#6554=ADVANCED_FACE('',(#427),#6275,.T.);
#6555=ADVANCED_FACE('',(#428),#157,.F.);
#6556=ADVANCED_FACE('',(#429),#6276,.T.);
#6557=ADVANCED_FACE('',(#430),#158,.F.);
#6558=ADVANCED_FACE('',(#431),#6277,.T.);
#6559=ADVANCED_FACE('',(#432),#159,.T.);
#6560=ADVANCED_FACE('',(#433),#160,.T.);
#6561=ADVANCED_FACE('',(#434),#6278,.T.);
#6562=ADVANCED_FACE('',(#435),#6279,.T.);
#6563=ADVANCED_FACE('',(#436),#6280,.F.);
#6564=ADVANCED_FACE('',(#437),#6281,.F.);
#6565=ADVANCED_FACE('',(#438),#6282,.T.);
#6566=ADVANCED_FACE('',(#439),#6283,.T.);
#6567=ADVANCED_FACE('',(#440),#6284,.T.);
#6568=ADVANCED_FACE('',(#441),#6285,.T.);
#6569=ADVANCED_FACE('',(#442),#161,.F.);
#6570=ADVANCED_FACE('',(#443),#162,.F.);
#6571=ADVANCED_FACE('',(#444),#163,.F.);
#6572=ADVANCED_FACE('',(#445),#164,.F.);
#6573=ADVANCED_FACE('',(#446),#165,.F.);
#6574=ADVANCED_FACE('',(#447),#166,.F.);
#6575=ADVANCED_FACE('',(#448),#167,.F.);
#6576=ADVANCED_FACE('',(#449),#168,.F.);
#6577=ADVANCED_FACE('',(#450),#6286,.T.);
#6578=ADVANCED_FACE('',(#451),#169,.T.);
#6579=ADVANCED_FACE('',(#452),#6287,.T.);
#6580=ADVANCED_FACE('',(#453),#6288,.T.);
#6581=ADVANCED_FACE('',(#454),#6289,.T.);
#6582=ADVANCED_FACE('',(#455),#6290,.T.);
#6583=ADVANCED_FACE('',(#456),#170,.F.);
#6584=ADVANCED_FACE('',(#457),#6291,.T.);
#6585=ADVANCED_FACE('',(#458),#6292,.T.);
#6586=ADVANCED_FACE('',(#459),#6293,.T.);
#6587=ADVANCED_FACE('',(#460),#6294,.T.);
#6588=ADVANCED_FACE('',(#461),#171,.T.);
#6589=ADVANCED_FACE('',(#462),#6295,.T.);
#6590=ADVANCED_FACE('',(#463,#78,#79,#80,#81,#82,#83,#84,#85),#6296,.T.);
#6591=ADVANCED_FACE('',(#464),#6297,.T.);
#6592=ADVANCED_FACE('',(#465),#172,.F.);
#6593=ADVANCED_FACE('',(#466),#6298,.T.);
#6594=ADVANCED_FACE('',(#467),#173,.F.);
#6595=ADVANCED_FACE('',(#468),#6299,.T.);
#6596=ADVANCED_FACE('',(#469),#174,.F.);
#6597=ADVANCED_FACE('',(#470),#175,.T.);
#6598=ADVANCED_FACE('',(#471),#176,.T.);
#6599=ADVANCED_FACE('',(#472),#6300,.T.);
#6600=ADVANCED_FACE('',(#473),#177,.T.);
#6601=ADVANCED_FACE('',(#474),#6301,.T.);
#6602=ADVANCED_FACE('',(#475),#178,.T.);
#6603=ADVANCED_FACE('',(#476),#6302,.T.);
#6604=ADVANCED_FACE('',(#477),#179,.F.);
#6605=ADVANCED_FACE('',(#478),#6303,.T.);
#6606=ADVANCED_FACE('',(#479,#86,#87,#88,#89,#90,#91,#92,#93),#6304,.F.);
#6607=ADVANCED_FACE('',(#480),#6305,.T.);
#6608=ADVANCED_FACE('',(#481),#6306,.F.);
#6609=ADVANCED_FACE('',(#482,#94,#95,#96,#97,#98,#99,#100,#101),#6307,.T.);
#6610=ADVANCED_FACE('',(#483,#102,#103,#104,#105,#106,#107,#108,#109),#6308,
 .F.);
#6611=ADVANCED_FACE('',(#484),#6309,.T.);
#6612=ADVANCED_FACE('',(#485,#110),#6310,.T.);
#6613=ADVANCED_FACE('',(#486,#111),#6311,.T.);
#6614=ADVANCED_FACE('',(#487,#112),#6312,.T.);
#6615=ADVANCED_FACE('',(#488,#113),#6313,.T.);
#6616=ADVANCED_FACE('',(#489),#6314,.T.);
#6617=ADVANCED_FACE('',(#490),#180,.T.);
#6618=ADVANCED_FACE('',(#491),#6315,.T.);
#6619=ADVANCED_FACE('',(#492),#181,.T.);
#6620=ADVANCED_FACE('',(#493),#6316,.T.);
#6621=ADVANCED_FACE('',(#494),#182,.T.);
#6622=ADVANCED_FACE('',(#495),#6317,.T.);
#6623=ADVANCED_FACE('',(#496),#183,.T.);
#6624=ADVANCED_FACE('',(#497),#184,.F.);
#6625=ADVANCED_FACE('',(#498),#6318,.T.);
#6626=ADVANCED_FACE('',(#499),#185,.F.);
#6627=ADVANCED_FACE('',(#500),#6319,.T.);
#6628=ADVANCED_FACE('',(#501),#186,.F.);
#6629=ADVANCED_FACE('',(#502),#6320,.T.);
#6630=ADVANCED_FACE('',(#503),#187,.F.);
#6631=ADVANCED_FACE('',(#504),#6321,.T.);
#6632=ADVANCED_FACE('',(#505),#6322,.T.);
#6633=ADVANCED_FACE('',(#506),#6323,.T.);
#6634=ADVANCED_FACE('',(#507),#6324,.T.);
#6635=ADVANCED_FACE('',(#508),#6325,.T.);
#6636=ADVANCED_FACE('',(#509),#6326,.T.);
#6637=ADVANCED_FACE('',(#510),#188,.T.);
#6638=ADVANCED_FACE('',(#511),#6327,.T.);
#6639=ADVANCED_FACE('',(#512),#189,.T.);
#6640=ADVANCED_FACE('',(#513),#6328,.T.);
#6641=ADVANCED_FACE('',(#514),#190,.T.);
#6642=ADVANCED_FACE('',(#515),#6329,.T.);
#6643=ADVANCED_FACE('',(#516),#191,.T.);
#6644=ADVANCED_FACE('',(#517),#6330,.T.);
#6645=ADVANCED_FACE('',(#518),#192,.T.);
#6646=ADVANCED_FACE('',(#519),#193,.T.);
#6647=ADVANCED_FACE('',(#520),#194,.T.);
#6648=ADVANCED_FACE('',(#521),#195,.T.);
#6649=ADVANCED_FACE('',(#522),#196,.F.);
#6650=ADVANCED_FACE('',(#523),#197,.F.);
#6651=ADVANCED_FACE('',(#524),#198,.F.);
#6652=ADVANCED_FACE('',(#525),#199,.F.);
#6653=ADVANCED_FACE('',(#526),#200,.F.);
#6654=ADVANCED_FACE('',(#527),#201,.F.);
#6655=ADVANCED_FACE('',(#528),#202,.F.);
#6656=ADVANCED_FACE('',(#529),#203,.F.);
#6657=CLOSED_SHELL('',(#6331,#6332,#6333,#6334,#6335,#6336,#6337,#6338,
#6339,#6340,#6341,#6342,#6343,#6344,#6345,#6346,#6347,#6348,#6349,#6350,
#6351,#6352,#6353,#6354,#6355,#6356,#6357,#6358,#6359,#6360,#6361,#6362,
#6363,#6364,#6365,#6366,#6367,#6368,#6369,#6370,#6371,#6372,#6373,#6374,
#6375,#6376,#6377,#6378,#6379,#6380,#6381,#6382,#6383,#6384,#6385,#6386,
#6387,#6388,#6389,#6390,#6391,#6392,#6393,#6394,#6395,#6396,#6397,#6398,
#6399,#6400,#6401,#6402,#6403,#6404,#6405,#6406,#6407,#6408,#6409,#6410,
#6411,#6412,#6413,#6414,#6415,#6416,#6417,#6418,#6419,#6420,#6421,#6422,
#6423,#6424,#6425,#6426,#6427,#6428,#6429,#6430,#6431,#6432));
#6658=CLOSED_SHELL('',(#6433,#6434,#6435,#6436,#6437,#6438,#6439,#6440,
#6441,#6442,#6443,#6444,#6445,#6446,#6447,#6448,#6449,#6450,#6451,#6452,
#6453,#6454,#6455,#6456,#6457,#6458,#6459,#6460,#6461,#6462,#6463,#6464,
#6465,#6466,#6467,#6468,#6469,#6470,#6471,#6472,#6473,#6474,#6475,#6476,
#6477,#6478,#6479,#6480,#6481,#6482,#6483,#6484,#6485,#6486,#6487,#6488,
#6489,#6490,#6491,#6492,#6493,#6494,#6495,#6496,#6497,#6498,#6499,#6500,
#6501,#6502,#6503,#6504,#6505,#6506,#6507,#6508,#6509,#6510,#6511,#6512,
#6513,#6514,#6515,#6516,#6517,#6518,#6519,#6520,#6521,#6522,#6523,#6524,
#6525,#6526,#6527,#6528,#6529,#6530,#6531,#6532,#6533,#6534,#6535,#6536,
#6537,#6538,#6539,#6540,#6541,#6542,#6543,#6544,#6545,#6546,#6547,#6548,
#6549,#6550,#6551,#6552,#6553,#6554,#6555,#6556,#6557,#6558,#6559,#6560));
#6659=CLOSED_SHELL('',(#6561,#6562,#6563,#6564,#6565,#6566,#6567,#6568,
#6569,#6570,#6571,#6572,#6573,#6574,#6575,#6576,#6577,#6578,#6579,#6580,
#6581,#6582,#6583,#6584,#6585,#6586,#6587,#6588,#6589,#6590,#6591,#6592,
#6593,#6594,#6595,#6596,#6597,#6598,#6599,#6600,#6601,#6602,#6603,#6604,
#6605,#6606));
#6660=CLOSED_SHELL('',(#6607,#6608,#6609,#6610,#6611,#6612,#6613,#6614,
#6615,#6616,#6617,#6618,#6619,#6620,#6621,#6622,#6623,#6624,#6625,#6626,
#6627,#6628,#6629,#6630,#6631,#6632,#6633,#6634,#6635,#6636,#6637,#6638,
#6639,#6640,#6641,#6642,#6643,#6644,#6645,#6646,#6647,#6648,#6649,#6650,
#6651,#6652,#6653,#6654,#6655,#6656));
#6661=DERIVED_UNIT_ELEMENT(#6663,1.);
#6662=DERIVED_UNIT_ELEMENT(#10894,-3.);
#6663=(
MASS_UNIT()
NAMED_UNIT(*)
SI_UNIT(.KILO.,.GRAM.)
);
#6664=DERIVED_UNIT((#6661,#6662));
#6665=MEASURE_REPRESENTATION_ITEM('density measure',
POSITIVE_RATIO_MEASURE(7850.),#6664);
#6666=PROPERTY_DEFINITION_REPRESENTATION(#6671,#6668);
#6667=PROPERTY_DEFINITION_REPRESENTATION(#6672,#6669);
#6668=REPRESENTATION('material name',(#6670),#10891);
#6669=REPRESENTATION('density',(#6665),#10891);
#6670=DESCRIPTIVE_REPRESENTATION_ITEM('Steel','Steel');
#6671=PROPERTY_DEFINITION('material property','material name',#10901);
#6672=PROPERTY_DEFINITION('material property','density of part',#10901);
#6673=AXIS2_PLACEMENT_3D('',#8991,#7197,#7198);
#6674=AXIS2_PLACEMENT_3D('',#8992,#7199,#7200);
#6675=AXIS2_PLACEMENT_3D('',#8999,#7203,#7204);
#6676=AXIS2_PLACEMENT_3D('',#9003,#7207,#7208);
#6677=AXIS2_PLACEMENT_3D('',#9007,#7210,#7211);
#6678=AXIS2_PLACEMENT_3D('',#9011,#7213,#7214);
#6679=AXIS2_PLACEMENT_3D('',#9013,#7216,#7217);
#6680=AXIS2_PLACEMENT_3D('',#9021,#7222,#7223);
#6681=AXIS2_PLACEMENT_3D('',#9025,#7226,#7227);
#6682=AXIS2_PLACEMENT_3D('',#9029,#7229,#7230);
#6683=AXIS2_PLACEMENT_3D('',#9031,#7232,#7233);
#6684=AXIS2_PLACEMENT_3D('',#9035,#7235,#7236);
#6685=AXIS2_PLACEMENT_3D('',#9038,#7238,#7239);
#6686=AXIS2_PLACEMENT_3D('',#9039,#7240,#7241);
#6687=AXIS2_PLACEMENT_3D('',#9043,#7244,#7245);
#6688=AXIS2_PLACEMENT_3D('',#9052,#7250,#7251);
#6689=AXIS2_PLACEMENT_3D('',#9058,#7255,#7256);
#6690=AXIS2_PLACEMENT_3D('',#9064,#7260,#7261);
#6691=AXIS2_PLACEMENT_3D('',#9067,#7264,#7265);
#6692=AXIS2_PLACEMENT_3D('',#9076,#7270,#7271);
#6693=AXIS2_PLACEMENT_3D('',#9082,#7275,#7276);
#6694=AXIS2_PLACEMENT_3D('',#9088,#7280,#7281);
#6695=AXIS2_PLACEMENT_3D('',#9091,#7284,#7285);
#6696=AXIS2_PLACEMENT_3D('',#9100,#7290,#7291);
#6697=AXIS2_PLACEMENT_3D('',#9106,#7295,#7296);
#6698=AXIS2_PLACEMENT_3D('',#9112,#7300,#7301);
#6699=AXIS2_PLACEMENT_3D('',#9115,#7304,#7305);
#6700=AXIS2_PLACEMENT_3D('',#9119,#7307,#7308);
#6701=AXIS2_PLACEMENT_3D('',#9123,#7310,#7311);
#6702=AXIS2_PLACEMENT_3D('',#9171,#7335,#7336);
#6703=AXIS2_PLACEMENT_3D('',#9177,#7339,#7340);
#6704=AXIS2_PLACEMENT_3D('',#9183,#7343,#7344);
#6705=AXIS2_PLACEMENT_3D('',#9197,#7351,#7352);
#6706=AXIS2_PLACEMENT_3D('',#9213,#7361,#7362);
#6707=AXIS2_PLACEMENT_3D('',#9219,#7366,#7367);
#6708=AXIS2_PLACEMENT_3D('',#9223,#7370,#7371);
#6709=AXIS2_PLACEMENT_3D('',#9227,#7374,#7375);
#6710=AXIS2_PLACEMENT_3D('',#9231,#7378,#7379);
#6711=AXIS2_PLACEMENT_3D('',#9237,#7383,#7384);
#6712=AXIS2_PLACEMENT_3D('',#9241,#7387,#7388);
#6713=AXIS2_PLACEMENT_3D('',#9245,#7391,#7392);
#6714=AXIS2_PLACEMENT_3D('',#9251,#7396,#7397);
#6715=AXIS2_PLACEMENT_3D('',#9255,#7400,#7401);
#6716=AXIS2_PLACEMENT_3D('',#9259,#7404,#7405);
#6717=AXIS2_PLACEMENT_3D('',#9265,#7409,#7410);
#6718=AXIS2_PLACEMENT_3D('',#9271,#7414,#7415);
#6719=AXIS2_PLACEMENT_3D('',#9277,#7419,#7420);
#6720=AXIS2_PLACEMENT_3D('',#9283,#7424,#7425);
#6721=AXIS2_PLACEMENT_3D('',#9287,#7428,#7429);
#6722=AXIS2_PLACEMENT_3D('',#9293,#7433,#7434);
#6723=AXIS2_PLACEMENT_3D('',#9299,#7438,#7439);
#6724=AXIS2_PLACEMENT_3D('',#9303,#7442,#7443);
#6725=AXIS2_PLACEMENT_3D('',#9307,#7446,#7447);
#6726=AXIS2_PLACEMENT_3D('',#9313,#7451,#7452);
#6727=AXIS2_PLACEMENT_3D('',#9316,#7454,#7455);
#6728=AXIS2_PLACEMENT_3D('',#9317,#7456,#7457);
#6729=AXIS2_PLACEMENT_3D('',#9319,#7459,#7460);
#6730=AXIS2_PLACEMENT_3D('',#9323,#7463,#7464);
#6731=AXIS2_PLACEMENT_3D('',#9327,#7467,#7468);
#6732=AXIS2_PLACEMENT_3D('',#9329,#7470,#7471);
#6733=AXIS2_PLACEMENT_3D('',#9338,#7476,#7477);
#6734=AXIS2_PLACEMENT_3D('',#9347,#7482,#7483);
#6735=AXIS2_PLACEMENT_3D('',#9353,#7487,#7488);
#6736=AXIS2_PLACEMENT_3D('',#9356,#7490,#7491);
#6737=AXIS2_PLACEMENT_3D('',#9360,#7493,#7494);
#6738=AXIS2_PLACEMENT_3D('',#9364,#7496,#7497);
#6739=AXIS2_PLACEMENT_3D('',#9367,#7499,#7500);
#6740=AXIS2_PLACEMENT_3D('',#9368,#7501,#7502);
#6741=AXIS2_PLACEMENT_3D('',#9371,#7505,#7506);
#6742=AXIS2_PLACEMENT_3D('',#9372,#7507,#7508);
#6743=AXIS2_PLACEMENT_3D('',#9381,#7513,#7514);
#6744=AXIS2_PLACEMENT_3D('',#9387,#7518,#7519);
#6745=AXIS2_PLACEMENT_3D('',#9389,#7520,#7521);
#6746=AXIS2_PLACEMENT_3D('',#9391,#7522,#7523);
#6747=AXIS2_PLACEMENT_3D('',#9392,#7524,#7525);
#6748=AXIS2_PLACEMENT_3D('',#9393,#7526,#7527);
#6749=AXIS2_PLACEMENT_3D('',#9394,#7528,#7529);
#6750=AXIS2_PLACEMENT_3D('',#9396,#7530,#7531);
#6751=AXIS2_PLACEMENT_3D('',#9400,#7533,#7534);
#6752=AXIS2_PLACEMENT_3D('',#9404,#7536,#7537);
#6753=AXIS2_PLACEMENT_3D('',#9406,#7539,#7540);
#6754=AXIS2_PLACEMENT_3D('',#9408,#7541,#7542);
#6755=AXIS2_PLACEMENT_3D('',#9412,#7544,#7545);
#6756=AXIS2_PLACEMENT_3D('',#9416,#7547,#7548);
#6757=AXIS2_PLACEMENT_3D('',#9420,#7550,#7551);
#6758=AXIS2_PLACEMENT_3D('',#9424,#7553,#7554);
#6759=AXIS2_PLACEMENT_3D('',#9428,#7557,#7558);
#6760=AXIS2_PLACEMENT_3D('',#9434,#7562,#7563);
#6761=AXIS2_PLACEMENT_3D('',#9437,#7565,#7566);
#6762=AXIS2_PLACEMENT_3D('',#9440,#7568,#7569);
#6763=AXIS2_PLACEMENT_3D('',#9441,#7570,#7571);
#6764=AXIS2_PLACEMENT_3D('',#9443,#7572,#7573);
#6765=AXIS2_PLACEMENT_3D('',#9445,#7575,#7576);
#6766=AXIS2_PLACEMENT_3D('',#9448,#7578,#7579);
#6767=AXIS2_PLACEMENT_3D('',#9449,#7580,#7581);
#6768=AXIS2_PLACEMENT_3D('',#9455,#7585,#7586);
#6769=AXIS2_PLACEMENT_3D('',#9461,#7590,#7591);
#6770=AXIS2_PLACEMENT_3D('',#9463,#7592,#7593);
#6771=AXIS2_PLACEMENT_3D('',#9465,#7595,#7596);
#6772=AXIS2_PLACEMENT_3D('',#9469,#7599,#7600);
#6773=AXIS2_PLACEMENT_3D('',#9471,#7601,#7602);
#6774=AXIS2_PLACEMENT_3D('',#9473,#7604,#7605);
#6775=AXIS2_PLACEMENT_3D('',#9477,#7608,#7609);
#6776=AXIS2_PLACEMENT_3D('',#9480,#7611,#7612);
#6777=AXIS2_PLACEMENT_3D('',#9481,#7613,#7614);
#6778=AXIS2_PLACEMENT_3D('',#9482,#7615,#7616);
#6779=AXIS2_PLACEMENT_3D('',#9486,#7619,#7620);
#6780=AXIS2_PLACEMENT_3D('',#9487,#7621,#7622);
#6781=AXIS2_PLACEMENT_3D('',#9488,#7623,#7624);
#6782=AXIS2_PLACEMENT_3D('',#9489,#7625,#7626);
#6783=AXIS2_PLACEMENT_3D('',#9493,#7628,#7629);
#6784=AXIS2_PLACEMENT_3D('',#9497,#7631,#7632);
#6785=AXIS2_PLACEMENT_3D('',#9499,#7634,#7635);
#6786=AXIS2_PLACEMENT_3D('',#9501,#7636,#7637);
#6787=AXIS2_PLACEMENT_3D('',#9503,#7639,#7640);
#6788=AXIS2_PLACEMENT_3D('',#9507,#7643,#7644);
#6789=AXIS2_PLACEMENT_3D('',#9510,#7646,#7647);
#6790=AXIS2_PLACEMENT_3D('',#9511,#7648,#7649);
#6791=AXIS2_PLACEMENT_3D('',#9515,#7651,#7652);
#6792=AXIS2_PLACEMENT_3D('',#9517,#7654,#7655);
#6793=AXIS2_PLACEMENT_3D('',#9518,#7656,#7657);
#6794=AXIS2_PLACEMENT_3D('',#9519,#7658,#7659);
#6795=AXIS2_PLACEMENT_3D('',#9527,#7664,#7665);
#6796=AXIS2_PLACEMENT_3D('',#9528,#7666,#7667);
#6797=AXIS2_PLACEMENT_3D('',#9537,#7673,#7674);
#6798=AXIS2_PLACEMENT_3D('',#9540,#7676,#7677);
#6799=AXIS2_PLACEMENT_3D('',#9541,#7678,#7679);
#6800=AXIS2_PLACEMENT_3D('',#9543,#7681,#7682);
#6801=AXIS2_PLACEMENT_3D('',#9551,#7687,#7688);
#6802=AXIS2_PLACEMENT_3D('',#9553,#7690,#7691);
#6803=AXIS2_PLACEMENT_3D('',#9555,#7693,#7694);
#6804=AXIS2_PLACEMENT_3D('',#9557,#7696,#7697);
#6805=AXIS2_PLACEMENT_3D('',#9558,#7698,#7699);
#6806=AXIS2_PLACEMENT_3D('',#9560,#7701,#7702);
#6807=AXIS2_PLACEMENT_3D('',#9561,#7703,#7704);
#6808=AXIS2_PLACEMENT_3D('',#9563,#7706,#7707);
#6809=AXIS2_PLACEMENT_3D('',#9564,#7708,#7709);
#6810=AXIS2_PLACEMENT_3D('',#9566,#7711,#7712);
#6811=AXIS2_PLACEMENT_3D('',#9567,#7713,#7714);
#6812=AXIS2_PLACEMENT_3D('',#9569,#7716,#7717);
#6813=AXIS2_PLACEMENT_3D('',#9571,#7719,#7720);
#6814=AXIS2_PLACEMENT_3D('',#9573,#7722,#7723);
#6815=AXIS2_PLACEMENT_3D('',#9574,#7724,#7725);
#6816=AXIS2_PLACEMENT_3D('',#9576,#7727,#7728);
#6817=AXIS2_PLACEMENT_3D('',#9577,#7729,#7730);
#6818=AXIS2_PLACEMENT_3D('',#9579,#7732,#7733);
#6819=AXIS2_PLACEMENT_3D('',#9580,#7734,#7735);
#6820=AXIS2_PLACEMENT_3D('',#9582,#7737,#7738);
#6821=AXIS2_PLACEMENT_3D('',#9584,#7740,#7741);
#6822=AXIS2_PLACEMENT_3D('',#9586,#7743,#7744);
#6823=AXIS2_PLACEMENT_3D('',#9587,#7745,#7746);
#6824=AXIS2_PLACEMENT_3D('',#9589,#7748,#7749);
#6825=AXIS2_PLACEMENT_3D('',#9590,#7750,#7751);
#6826=AXIS2_PLACEMENT_3D('',#9599,#7756,#7757);
#6827=AXIS2_PLACEMENT_3D('',#9601,#7758,#7759);
#6828=AXIS2_PLACEMENT_3D('',#9603,#7760,#7761);
#6829=AXIS2_PLACEMENT_3D('',#9605,#7763,#7764);
#6830=AXIS2_PLACEMENT_3D('',#9611,#7768,#7769);
#6831=AXIS2_PLACEMENT_3D('',#9613,#7770,#7771);
#6832=AXIS2_PLACEMENT_3D('',#9615,#7772,#7773);
#6833=AXIS2_PLACEMENT_3D('',#9617,#7775,#7776);
#6834=AXIS2_PLACEMENT_3D('',#9623,#7780,#7781);
#6835=AXIS2_PLACEMENT_3D('',#9625,#7782,#7783);
#6836=AXIS2_PLACEMENT_3D('',#9627,#7784,#7785);
#6837=AXIS2_PLACEMENT_3D('',#9629,#7787,#7788);
#6838=AXIS2_PLACEMENT_3D('',#9635,#7792,#7793);
#6839=AXIS2_PLACEMENT_3D('',#9636,#7794,#7795);
#6840=AXIS2_PLACEMENT_3D('',#9637,#7796,#7797);
#6841=AXIS2_PLACEMENT_3D('',#9638,#7798,#7799);
#6842=AXIS2_PLACEMENT_3D('',#9647,#7804,#7805);
#6843=AXIS2_PLACEMENT_3D('',#9653,#7809,#7810);
#6844=AXIS2_PLACEMENT_3D('',#9659,#7814,#7815);
#6845=AXIS2_PLACEMENT_3D('',#9661,#7816,#7817);
#6846=AXIS2_PLACEMENT_3D('',#9663,#7818,#7819);
#6847=AXIS2_PLACEMENT_3D('',#9665,#7821,#7822);
#6848=AXIS2_PLACEMENT_3D('',#9671,#7826,#7827);
#6849=AXIS2_PLACEMENT_3D('',#9673,#7828,#7829);
#6850=AXIS2_PLACEMENT_3D('',#9675,#7830,#7831);
#6851=AXIS2_PLACEMENT_3D('',#9677,#7833,#7834);
#6852=AXIS2_PLACEMENT_3D('',#9683,#7838,#7839);
#6853=AXIS2_PLACEMENT_3D('',#9686,#7842,#7843);
#6854=AXIS2_PLACEMENT_3D('',#9695,#7848,#7849);
#6855=AXIS2_PLACEMENT_3D('',#9701,#7853,#7854);
#6856=AXIS2_PLACEMENT_3D('',#9707,#7858,#7859);
#6857=AXIS2_PLACEMENT_3D('',#9709,#7860,#7861);
#6858=AXIS2_PLACEMENT_3D('',#9711,#7862,#7863);
#6859=AXIS2_PLACEMENT_3D('',#9713,#7865,#7866);
#6860=AXIS2_PLACEMENT_3D('',#9719,#7870,#7871);
#6861=AXIS2_PLACEMENT_3D('',#9721,#7872,#7873);
#6862=AXIS2_PLACEMENT_3D('',#9723,#7874,#7875);
#6863=AXIS2_PLACEMENT_3D('',#9725,#7877,#7878);
#6864=AXIS2_PLACEMENT_3D('',#9731,#7882,#7883);
#6865=AXIS2_PLACEMENT_3D('',#9734,#7886,#7887);
#6866=AXIS2_PLACEMENT_3D('',#9743,#7892,#7893);
#6867=AXIS2_PLACEMENT_3D('',#9745,#7894,#7895);
#6868=AXIS2_PLACEMENT_3D('',#9748,#7897,#7898);
#6869=AXIS2_PLACEMENT_3D('',#9749,#7899,#7900);
#6870=AXIS2_PLACEMENT_3D('',#9755,#7904,#7905);
#6871=AXIS2_PLACEMENT_3D('',#9757,#7906,#7907);
#6872=AXIS2_PLACEMENT_3D('',#9760,#7909,#7910);
#6873=AXIS2_PLACEMENT_3D('',#9761,#7911,#7912);
#6874=AXIS2_PLACEMENT_3D('',#9767,#7916,#7917);
#6875=AXIS2_PLACEMENT_3D('',#9769,#7918,#7919);
#6876=AXIS2_PLACEMENT_3D('',#9772,#7921,#7922);
#6877=AXIS2_PLACEMENT_3D('',#9773,#7923,#7924);
#6878=AXIS2_PLACEMENT_3D('',#9779,#7928,#7929);
#6879=AXIS2_PLACEMENT_3D('',#9780,#7930,#7931);
#6880=AXIS2_PLACEMENT_3D('',#9781,#7932,#7933);
#6881=AXIS2_PLACEMENT_3D('',#9782,#7934,#7935);
#6882=AXIS2_PLACEMENT_3D('',#9783,#7936,#7937);
#6883=AXIS2_PLACEMENT_3D('',#9792,#7942,#7943);
#6884=AXIS2_PLACEMENT_3D('',#9797,#7945,#7946);
#6885=AXIS2_PLACEMENT_3D('',#9800,#7948,#7949);
#6886=AXIS2_PLACEMENT_3D('',#9815,#7957,#7958);
#6887=AXIS2_PLACEMENT_3D('',#9817,#7959,#7960);
#6888=AXIS2_PLACEMENT_3D('',#9820,#7962,#7963);
#6889=AXIS2_PLACEMENT_3D('',#9821,#7964,#7965);
#6890=AXIS2_PLACEMENT_3D('',#9838,#7974,#7975);
#6891=AXIS2_PLACEMENT_3D('',#9860,#7987,#7988);
#6892=AXIS2_PLACEMENT_3D('',#9867,#7993,#7994);
#6893=AXIS2_PLACEMENT_3D('',#9869,#7995,#7996);
#6894=AXIS2_PLACEMENT_3D('',#9873,#7998,#7999);
#6895=AXIS2_PLACEMENT_3D('',#9876,#8001,#8002);
#6896=AXIS2_PLACEMENT_3D('',#9877,#8003,#8004);
#6897=AXIS2_PLACEMENT_3D('',#9938,#8035,#8036);
#6898=AXIS2_PLACEMENT_3D('',#9940,#8037,#8038);
#6899=AXIS2_PLACEMENT_3D('',#9942,#8039,#8040);
#6900=AXIS2_PLACEMENT_3D('',#10000,#8069,#8070);
#6901=AXIS2_PLACEMENT_3D('',#10001,#8071,#8072);
#6902=AXIS2_PLACEMENT_3D('',#10005,#8074,#8075);
#6903=AXIS2_PLACEMENT_3D('',#10009,#8077,#8078);
#6904=AXIS2_PLACEMENT_3D('',#10013,#8080,#8081);
#6905=AXIS2_PLACEMENT_3D('',#10017,#8083,#8084);
#6906=AXIS2_PLACEMENT_3D('',#10021,#8086,#8087);
#6907=AXIS2_PLACEMENT_3D('',#10024,#8089,#8090);
#6908=AXIS2_PLACEMENT_3D('',#10027,#8092,#8093);
#6909=AXIS2_PLACEMENT_3D('',#10029,#8094,#8095);
#6910=AXIS2_PLACEMENT_3D('',#10031,#8096,#8097);
#6911=AXIS2_PLACEMENT_3D('',#10089,#8126,#8127);
#6912=AXIS2_PLACEMENT_3D('',#10090,#8128,#8129);
#6913=AXIS2_PLACEMENT_3D('',#10092,#8131,#8132);
#6914=AXIS2_PLACEMENT_3D('',#10094,#8134,#8135);
#6915=AXIS2_PLACEMENT_3D('',#10097,#8138,#8139);
#6916=AXIS2_PLACEMENT_3D('',#10099,#8141,#8142);
#6917=AXIS2_PLACEMENT_3D('',#10101,#8144,#8145);
#6918=AXIS2_PLACEMENT_3D('',#10103,#8147,#8148);
#6919=AXIS2_PLACEMENT_3D('',#10105,#8150,#8151);
#6920=AXIS2_PLACEMENT_3D('',#10107,#8153,#8154);
#6921=AXIS2_PLACEMENT_3D('',#10108,#8155,#8156);
#6922=AXIS2_PLACEMENT_3D('',#10111,#8159,#8160);
#6923=AXIS2_PLACEMENT_3D('',#10113,#8162,#8163);
#6924=AXIS2_PLACEMENT_3D('',#10115,#8165,#8166);
#6925=AXIS2_PLACEMENT_3D('',#10117,#8168,#8169);
#6926=AXIS2_PLACEMENT_3D('',#10119,#8171,#8172);
#6927=AXIS2_PLACEMENT_3D('',#10121,#8174,#8175);
#6928=AXIS2_PLACEMENT_3D('',#10122,#8176,#8177);
#6929=AXIS2_PLACEMENT_3D('',#10125,#8180,#8181);
#6930=AXIS2_PLACEMENT_3D('',#10127,#8183,#8184);
#6931=AXIS2_PLACEMENT_3D('',#10129,#8186,#8187);
#6932=AXIS2_PLACEMENT_3D('',#10131,#8189,#8190);
#6933=AXIS2_PLACEMENT_3D('',#10133,#8192,#8193);
#6934=AXIS2_PLACEMENT_3D('',#10135,#8195,#8196);
#6935=AXIS2_PLACEMENT_3D('',#10136,#8197,#8198);
#6936=AXIS2_PLACEMENT_3D('',#10139,#8201,#8202);
#6937=AXIS2_PLACEMENT_3D('',#10141,#8204,#8205);
#6938=AXIS2_PLACEMENT_3D('',#10143,#8207,#8208);
#6939=AXIS2_PLACEMENT_3D('',#10145,#8210,#8211);
#6940=AXIS2_PLACEMENT_3D('',#10147,#8213,#8214);
#6941=AXIS2_PLACEMENT_3D('',#10149,#8216,#8217);
#6942=AXIS2_PLACEMENT_3D('',#10150,#8218,#8219);
#6943=AXIS2_PLACEMENT_3D('',#10152,#8221,#8222);
#6944=AXIS2_PLACEMENT_3D('',#10154,#8224,#8225);
#6945=AXIS2_PLACEMENT_3D('',#10156,#8227,#8228);
#6946=AXIS2_PLACEMENT_3D('',#10158,#8229,#8230);
#6947=AXIS2_PLACEMENT_3D('',#10162,#8232,#8233);
#6948=AXIS2_PLACEMENT_3D('',#10166,#8235,#8236);
#6949=AXIS2_PLACEMENT_3D('',#10169,#8238,#8239);
#6950=AXIS2_PLACEMENT_3D('',#10170,#8240,#8241);
#6951=AXIS2_PLACEMENT_3D('',#10172,#8242,#8243);
#6952=AXIS2_PLACEMENT_3D('',#10176,#8245,#8246);
#6953=AXIS2_PLACEMENT_3D('',#10179,#8248,#8249);
#6954=AXIS2_PLACEMENT_3D('',#10180,#8250,#8251);
#6955=AXIS2_PLACEMENT_3D('',#10182,#8253,#8254);
#6956=AXIS2_PLACEMENT_3D('',#10185,#8257,#8258);
#6957=AXIS2_PLACEMENT_3D('',#10187,#8260,#8261);
#6958=AXIS2_PLACEMENT_3D('',#10189,#8263,#8264);
#6959=AXIS2_PLACEMENT_3D('',#10195,#8268,#8269);
#6960=AXIS2_PLACEMENT_3D('',#10199,#8272,#8273);
#6961=AXIS2_PLACEMENT_3D('',#10203,#8276,#8277);
#6962=AXIS2_PLACEMENT_3D('',#10207,#8280,#8281);
#6963=AXIS2_PLACEMENT_3D('',#10213,#8285,#8286);
#6964=AXIS2_PLACEMENT_3D('',#10217,#8289,#8290);
#6965=AXIS2_PLACEMENT_3D('',#10221,#8293,#8294);
#6966=AXIS2_PLACEMENT_3D('',#10225,#8297,#8298);
#6967=AXIS2_PLACEMENT_3D('',#10231,#8302,#8303);
#6968=AXIS2_PLACEMENT_3D('',#10235,#8306,#8307);
#6969=AXIS2_PLACEMENT_3D('',#10239,#8310,#8311);
#6970=AXIS2_PLACEMENT_3D('',#10251,#8319,#8320);
#6971=AXIS2_PLACEMENT_3D('',#10255,#8322,#8323);
#6972=AXIS2_PLACEMENT_3D('',#10257,#8325,#8326);
#6973=AXIS2_PLACEMENT_3D('',#10259,#8328,#8329);
#6974=AXIS2_PLACEMENT_3D('',#10263,#8332,#8333);
#6975=AXIS2_PLACEMENT_3D('',#10265,#8335,#8336);
#6976=AXIS2_PLACEMENT_3D('',#10269,#8339,#8340);
#6977=AXIS2_PLACEMENT_3D('',#10270,#8341,#8342);
#6978=AXIS2_PLACEMENT_3D('',#10274,#8344,#8345);
#6979=AXIS2_PLACEMENT_3D('',#10276,#8347,#8348);
#6980=AXIS2_PLACEMENT_3D('',#10279,#8351,#8352);
#6981=AXIS2_PLACEMENT_3D('',#10283,#8355,#8356);
#6982=AXIS2_PLACEMENT_3D('',#10287,#8359,#8360);
#6983=AXIS2_PLACEMENT_3D('',#10291,#8362,#8363);
#6984=AXIS2_PLACEMENT_3D('',#10292,#8364,#8365);
#6985=AXIS2_PLACEMENT_3D('',#10293,#8366,#8367);
#6986=AXIS2_PLACEMENT_3D('',#10296,#8370,#8371);
#6987=AXIS2_PLACEMENT_3D('',#10298,#8373,#8374);
#6988=AXIS2_PLACEMENT_3D('',#10302,#8377,#8378);
#6989=AXIS2_PLACEMENT_3D('',#10306,#8381,#8382);
#6990=AXIS2_PLACEMENT_3D('',#10308,#8384,#8385);
#6991=AXIS2_PLACEMENT_3D('',#10309,#8386,#8387);
#6992=AXIS2_PLACEMENT_3D('',#10310,#8388,#8389);
#6993=AXIS2_PLACEMENT_3D('',#10311,#8390,#8391);
#6994=AXIS2_PLACEMENT_3D('',#10312,#8392,#8393);
#6995=AXIS2_PLACEMENT_3D('',#10313,#8394,#8395);
#6996=AXIS2_PLACEMENT_3D('',#10319,#8399,#8400);
#6997=AXIS2_PLACEMENT_3D('',#10321,#8402,#8403);
#6998=AXIS2_PLACEMENT_3D('',#10323,#8405,#8406);
#6999=AXIS2_PLACEMENT_3D('',#10324,#8407,#8408);
#7000=AXIS2_PLACEMENT_3D('',#10325,#8409,#8410);
#7001=AXIS2_PLACEMENT_3D('',#10329,#8413,#8414);
#7002=AXIS2_PLACEMENT_3D('',#10333,#8417,#8418);
#7003=AXIS2_PLACEMENT_3D('',#10337,#8421,#8422);
#7004=AXIS2_PLACEMENT_3D('',#10339,#8424,#8425);
#7005=AXIS2_PLACEMENT_3D('',#10340,#8426,#8427);
#7006=AXIS2_PLACEMENT_3D('',#10342,#8429,#8430);
#7007=AXIS2_PLACEMENT_3D('',#10344,#8432,#8433);
#7008=AXIS2_PLACEMENT_3D('',#10346,#8435,#8436);
#7009=AXIS2_PLACEMENT_3D('',#10347,#8437,#8438);
#7010=AXIS2_PLACEMENT_3D('',#10348,#8439,#8440);
#7011=AXIS2_PLACEMENT_3D('',#10349,#8441,#8442);
#7012=AXIS2_PLACEMENT_3D('',#10350,#8443,#8444);
#7013=AXIS2_PLACEMENT_3D('',#10351,#8445,#8446);
#7014=AXIS2_PLACEMENT_3D('',#10352,#8447,#8448);
#7015=AXIS2_PLACEMENT_3D('',#10353,#8449,#8450);
#7016=AXIS2_PLACEMENT_3D('',#10362,#8455,#8456);
#7017=AXIS2_PLACEMENT_3D('',#10375,#8463,#8464);
#7018=AXIS2_PLACEMENT_3D('',#10381,#8468,#8469);
#7019=AXIS2_PLACEMENT_3D('',#10387,#8473,#8474);
#7020=AXIS2_PLACEMENT_3D('',#10397,#8480,#8481);
#7021=AXIS2_PLACEMENT_3D('',#10403,#8485,#8486);
#7022=AXIS2_PLACEMENT_3D('',#10409,#8490,#8491);
#7023=AXIS2_PLACEMENT_3D('',#10415,#8495,#8496);
#7024=AXIS2_PLACEMENT_3D('',#10417,#8497,#8498);
#7025=AXIS2_PLACEMENT_3D('',#10420,#8500,#8501);
#7026=AXIS2_PLACEMENT_3D('',#10421,#8502,#8503);
#7027=AXIS2_PLACEMENT_3D('',#10423,#8504,#8505);
#7028=AXIS2_PLACEMENT_3D('',#10426,#8507,#8508);
#7029=AXIS2_PLACEMENT_3D('',#10427,#8509,#8510);
#7030=AXIS2_PLACEMENT_3D('',#10429,#8511,#8512);
#7031=AXIS2_PLACEMENT_3D('',#10432,#8514,#8515);
#7032=AXIS2_PLACEMENT_3D('',#10433,#8516,#8517);
#7033=AXIS2_PLACEMENT_3D('',#10435,#8518,#8519);
#7034=AXIS2_PLACEMENT_3D('',#10438,#8521,#8522);
#7035=AXIS2_PLACEMENT_3D('',#10439,#8523,#8524);
#7036=AXIS2_PLACEMENT_3D('',#10441,#8525,#8526);
#7037=AXIS2_PLACEMENT_3D('',#10444,#8528,#8529);
#7038=AXIS2_PLACEMENT_3D('',#10445,#8530,#8531);
#7039=AXIS2_PLACEMENT_3D('',#10447,#8532,#8533);
#7040=AXIS2_PLACEMENT_3D('',#10450,#8535,#8536);
#7041=AXIS2_PLACEMENT_3D('',#10451,#8537,#8538);
#7042=AXIS2_PLACEMENT_3D('',#10453,#8539,#8540);
#7043=AXIS2_PLACEMENT_3D('',#10456,#8542,#8543);
#7044=AXIS2_PLACEMENT_3D('',#10457,#8544,#8545);
#7045=AXIS2_PLACEMENT_3D('',#10459,#8546,#8547);
#7046=AXIS2_PLACEMENT_3D('',#10462,#8549,#8550);
#7047=AXIS2_PLACEMENT_3D('',#10463,#8551,#8552);
#7048=AXIS2_PLACEMENT_3D('',#10469,#8556,#8557);
#7049=AXIS2_PLACEMENT_3D('',#10471,#8558,#8559);
#7050=AXIS2_PLACEMENT_3D('',#10473,#8560,#8561);
#7051=AXIS2_PLACEMENT_3D('',#10475,#8563,#8564);
#7052=AXIS2_PLACEMENT_3D('',#10481,#8568,#8569);
#7053=AXIS2_PLACEMENT_3D('',#10487,#8573,#8574);
#7054=AXIS2_PLACEMENT_3D('',#10493,#8578,#8579);
#7055=AXIS2_PLACEMENT_3D('',#10499,#8583,#8584);
#7056=AXIS2_PLACEMENT_3D('',#10501,#8585,#8586);
#7057=AXIS2_PLACEMENT_3D('',#10503,#8587,#8588);
#7058=AXIS2_PLACEMENT_3D('',#10505,#8590,#8591);
#7059=AXIS2_PLACEMENT_3D('',#10511,#8595,#8596);
#7060=AXIS2_PLACEMENT_3D('',#10517,#8600,#8601);
#7061=AXIS2_PLACEMENT_3D('',#10523,#8605,#8606);
#7062=AXIS2_PLACEMENT_3D('',#10529,#8610,#8611);
#7063=AXIS2_PLACEMENT_3D('',#10531,#8612,#8613);
#7064=AXIS2_PLACEMENT_3D('',#10533,#8614,#8615);
#7065=AXIS2_PLACEMENT_3D('',#10535,#8617,#8618);
#7066=AXIS2_PLACEMENT_3D('',#10538,#8621,#8622);
#7067=AXIS2_PLACEMENT_3D('',#10540,#8623,#8624);
#7068=AXIS2_PLACEMENT_3D('',#10544,#8626,#8627);
#7069=AXIS2_PLACEMENT_3D('',#10548,#8629,#8630);
#7070=AXIS2_PLACEMENT_3D('',#10551,#8632,#8633);
#7071=AXIS2_PLACEMENT_3D('',#10552,#8634,#8635);
#7072=AXIS2_PLACEMENT_3D('',#10558,#8639,#8640);
#7073=AXIS2_PLACEMENT_3D('',#10561,#8642,#8643);
#7074=AXIS2_PLACEMENT_3D('',#10562,#8644,#8645);
#7075=AXIS2_PLACEMENT_3D('',#10566,#8648,#8649);
#7076=AXIS2_PLACEMENT_3D('',#10569,#8651,#8652);
#7077=AXIS2_PLACEMENT_3D('',#10570,#8653,#8654);
#7078=AXIS2_PLACEMENT_3D('',#10574,#8657,#8658);
#7079=AXIS2_PLACEMENT_3D('',#10575,#8659,#8660);
#7080=AXIS2_PLACEMENT_3D('',#10576,#8661,#8662);
#7081=AXIS2_PLACEMENT_3D('',#10580,#8664,#8665);
#7082=AXIS2_PLACEMENT_3D('',#10581,#8666,#8667);
#7083=AXIS2_PLACEMENT_3D('',#10582,#8668,#8669);
#7084=AXIS2_PLACEMENT_3D('',#10584,#8670,#8671);
#7085=AXIS2_PLACEMENT_3D('',#10587,#8673,#8674);
#7086=AXIS2_PLACEMENT_3D('',#10588,#8675,#8676);
#7087=AXIS2_PLACEMENT_3D('',#10594,#8680,#8681);
#7088=AXIS2_PLACEMENT_3D('',#10596,#8682,#8683);
#7089=AXIS2_PLACEMENT_3D('',#10599,#8685,#8686);
#7090=AXIS2_PLACEMENT_3D('',#10600,#8687,#8688);
#7091=AXIS2_PLACEMENT_3D('',#10606,#8692,#8693);
#7092=AXIS2_PLACEMENT_3D('',#10608,#8694,#8695);
#7093=AXIS2_PLACEMENT_3D('',#10611,#8697,#8698);
#7094=AXIS2_PLACEMENT_3D('',#10612,#8699,#8700);
#7095=AXIS2_PLACEMENT_3D('',#10615,#8703,#8704);
#7096=AXIS2_PLACEMENT_3D('',#10616,#8705,#8706);
#7097=AXIS2_PLACEMENT_3D('',#10617,#8707,#8708);
#7098=AXIS2_PLACEMENT_3D('',#10618,#8709,#8710);
#7099=AXIS2_PLACEMENT_3D('',#10619,#8711,#8712);
#7100=AXIS2_PLACEMENT_3D('',#10628,#8717,#8718);
#7101=AXIS2_PLACEMENT_3D('',#10642,#8726,#8727);
#7102=AXIS2_PLACEMENT_3D('',#10647,#8729,#8730);
#7103=AXIS2_PLACEMENT_3D('',#10651,#8732,#8733);
#7104=AXIS2_PLACEMENT_3D('',#10655,#8735,#8736);
#7105=AXIS2_PLACEMENT_3D('',#10659,#8738,#8739);
#7106=AXIS2_PLACEMENT_3D('',#10663,#8742,#8743);
#7107=AXIS2_PLACEMENT_3D('',#10665,#8744,#8745);
#7108=AXIS2_PLACEMENT_3D('',#10667,#8746,#8747);
#7109=AXIS2_PLACEMENT_3D('',#10669,#8748,#8749);
#7110=AXIS2_PLACEMENT_3D('',#10671,#8750,#8751);
#7111=AXIS2_PLACEMENT_3D('',#10673,#8752,#8753);
#7112=AXIS2_PLACEMENT_3D('',#10675,#8754,#8755);
#7113=AXIS2_PLACEMENT_3D('',#10677,#8756,#8757);
#7114=AXIS2_PLACEMENT_3D('',#10678,#8758,#8759);
#7115=AXIS2_PLACEMENT_3D('',#10682,#8761,#8762);
#7116=AXIS2_PLACEMENT_3D('',#10686,#8764,#8765);
#7117=AXIS2_PLACEMENT_3D('',#10690,#8767,#8768);
#7118=AXIS2_PLACEMENT_3D('',#10694,#8770,#8771);
#7119=AXIS2_PLACEMENT_3D('',#10699,#8774,#8775);
#7120=AXIS2_PLACEMENT_3D('',#10701,#8776,#8777);
#7121=AXIS2_PLACEMENT_3D('',#10703,#8778,#8779);
#7122=AXIS2_PLACEMENT_3D('',#10705,#8780,#8781);
#7123=AXIS2_PLACEMENT_3D('',#10707,#8782,#8783);
#7124=AXIS2_PLACEMENT_3D('',#10709,#8784,#8785);
#7125=AXIS2_PLACEMENT_3D('',#10711,#8786,#8787);
#7126=AXIS2_PLACEMENT_3D('',#10713,#8788,#8789);
#7127=AXIS2_PLACEMENT_3D('',#10714,#8790,#8791);
#7128=AXIS2_PLACEMENT_3D('',#10724,#8797,#8798);
#7129=AXIS2_PLACEMENT_3D('',#10726,#8799,#8800);
#7130=AXIS2_PLACEMENT_3D('',#10728,#8801,#8802);
#7131=AXIS2_PLACEMENT_3D('',#10729,#8803,#8804);
#7132=AXIS2_PLACEMENT_3D('',#10731,#8805,#8806);
#7133=AXIS2_PLACEMENT_3D('',#10733,#8807,#8808);
#7134=AXIS2_PLACEMENT_3D('',#10734,#8809,#8810);
#7135=AXIS2_PLACEMENT_3D('',#10736,#8811,#8812);
#7136=AXIS2_PLACEMENT_3D('',#10738,#8813,#8814);
#7137=AXIS2_PLACEMENT_3D('',#10739,#8815,#8816);
#7138=AXIS2_PLACEMENT_3D('',#10741,#8817,#8818);
#7139=AXIS2_PLACEMENT_3D('',#10743,#8819,#8820);
#7140=AXIS2_PLACEMENT_3D('',#10744,#8821,#8822);
#7141=AXIS2_PLACEMENT_3D('',#10750,#8826,#8827);
#7142=AXIS2_PLACEMENT_3D('',#10752,#8828,#8829);
#7143=AXIS2_PLACEMENT_3D('',#10755,#8831,#8832);
#7144=AXIS2_PLACEMENT_3D('',#10756,#8833,#8834);
#7145=AXIS2_PLACEMENT_3D('',#10762,#8838,#8839);
#7146=AXIS2_PLACEMENT_3D('',#10764,#8840,#8841);
#7147=AXIS2_PLACEMENT_3D('',#10767,#8843,#8844);
#7148=AXIS2_PLACEMENT_3D('',#10768,#8845,#8846);
#7149=AXIS2_PLACEMENT_3D('',#10774,#8850,#8851);
#7150=AXIS2_PLACEMENT_3D('',#10776,#8852,#8853);
#7151=AXIS2_PLACEMENT_3D('',#10779,#8855,#8856);
#7152=AXIS2_PLACEMENT_3D('',#10780,#8857,#8858);
#7153=AXIS2_PLACEMENT_3D('',#10786,#8862,#8863);
#7154=AXIS2_PLACEMENT_3D('',#10788,#8864,#8865);
#7155=AXIS2_PLACEMENT_3D('',#10791,#8867,#8868);
#7156=AXIS2_PLACEMENT_3D('',#10792,#8869,#8870);
#7157=AXIS2_PLACEMENT_3D('',#10796,#8872,#8873);
#7158=AXIS2_PLACEMENT_3D('',#10798,#8875,#8876);
#7159=AXIS2_PLACEMENT_3D('',#10802,#8879,#8880);
#7160=AXIS2_PLACEMENT_3D('',#10804,#8881,#8882);
#7161=AXIS2_PLACEMENT_3D('',#10806,#8884,#8885);
#7162=AXIS2_PLACEMENT_3D('',#10810,#8888,#8889);
#7163=AXIS2_PLACEMENT_3D('',#10812,#8890,#8891);
#7164=AXIS2_PLACEMENT_3D('',#10814,#8893,#8894);
#7165=AXIS2_PLACEMENT_3D('',#10818,#8897,#8898);
#7166=AXIS2_PLACEMENT_3D('',#10820,#8899,#8900);
#7167=AXIS2_PLACEMENT_3D('',#10822,#8902,#8903);
#7168=AXIS2_PLACEMENT_3D('',#10824,#8905,#8906);
#7169=AXIS2_PLACEMENT_3D('',#10827,#8909,#8910);
#7170=AXIS2_PLACEMENT_3D('',#10829,#8912,#8913);
#7171=AXIS2_PLACEMENT_3D('',#10830,#8914,#8915);
#7172=AXIS2_PLACEMENT_3D('',#10834,#8917,#8918);
#7173=AXIS2_PLACEMENT_3D('',#10838,#8920,#8921);
#7174=AXIS2_PLACEMENT_3D('',#10842,#8923,#8924);
#7175=AXIS2_PLACEMENT_3D('',#10846,#8926,#8927);
#7176=AXIS2_PLACEMENT_3D('',#10848,#8929,#8930);
#7177=AXIS2_PLACEMENT_3D('',#10850,#8932,#8933);
#7178=AXIS2_PLACEMENT_3D('',#10852,#8935,#8936);
#7179=AXIS2_PLACEMENT_3D('',#10854,#8938,#8939);
#7180=AXIS2_PLACEMENT_3D('',#10856,#8941,#8942);
#7181=AXIS2_PLACEMENT_3D('',#10858,#8944,#8945);
#7182=AXIS2_PLACEMENT_3D('',#10860,#8947,#8948);
#7183=AXIS2_PLACEMENT_3D('',#10862,#8950,#8951);
#7184=AXIS2_PLACEMENT_3D('',#10864,#8953,#8954);
#7185=AXIS2_PLACEMENT_3D('',#10865,#8955,#8956);
#7186=AXIS2_PLACEMENT_3D('',#10867,#8958,#8959);
#7187=AXIS2_PLACEMENT_3D('',#10869,#8961,#8962);
#7188=AXIS2_PLACEMENT_3D('',#10871,#8964,#8965);
#7189=AXIS2_PLACEMENT_3D('',#10873,#8967,#8968);
#7190=AXIS2_PLACEMENT_3D('',#10875,#8970,#8971);
#7191=AXIS2_PLACEMENT_3D('',#10877,#8973,#8974);
#7192=AXIS2_PLACEMENT_3D('',#10879,#8976,#8977);
#7193=AXIS2_PLACEMENT_3D('',#10881,#8979,#8980);
#7194=AXIS2_PLACEMENT_3D('',#10883,#8982,#8983);
#7195=AXIS2_PLACEMENT_3D('',#10885,#8985,#8986);
#7196=AXIS2_PLACEMENT_3D('',#10887,#8988,#8989);
#7197=DIRECTION('axis',(0.,0.,1.));
#7198=DIRECTION('refdir',(1.,0.,0.));
#7199=DIRECTION('center_axis',(0.,0.,1.));
#7200=DIRECTION('ref_axis',(1.,0.,0.));
#7201=DIRECTION('',(-1.,0.,0.));
#7202=DIRECTION('',(0.,-1.,0.));
#7203=DIRECTION('center_axis',(0.,0.,-1.));
#7204=DIRECTION('ref_axis',(1.,0.,0.));
#7205=DIRECTION('',(1.,6.95207470011636E-15,0.));
#7206=DIRECTION('',(0.,1.,0.));
#7207=DIRECTION('center_axis',(0.,0.,1.));
#7208=DIRECTION('ref_axis',(1.,0.,0.));
#7209=DIRECTION('',(0.,0.,1.));
#7210=DIRECTION('center_axis',(0.,0.,1.));
#7211=DIRECTION('ref_axis',(1.,0.,0.));
#7212=DIRECTION('',(0.,0.,1.));
#7213=DIRECTION('center_axis',(0.,0.,1.));
#7214=DIRECTION('ref_axis',(1.,0.,0.));
#7215=DIRECTION('',(0.,0.,1.));
#7216=DIRECTION('center_axis',(1.,0.,0.));
#7217=DIRECTION('ref_axis',(0.,1.,0.));
#7218=DIRECTION('',(0.,0.,-1.));
#7219=DIRECTION('',(0.,-1.,0.));
#7220=DIRECTION('',(0.,0.,1.));
#7221=DIRECTION('',(0.,1.,0.));
#7222=DIRECTION('center_axis',(0.,1.,0.));
#7223=DIRECTION('ref_axis',(1.,0.,0.));
#7224=DIRECTION('',(0.,0.,1.));
#7225=DIRECTION('',(1.,0.,0.));
#7226=DIRECTION('center_axis',(0.,0.,1.));
#7227=DIRECTION('ref_axis',(-1.,0.,0.));
#7228=DIRECTION('',(-1.,0.,0.));
#7229=DIRECTION('center_axis',(0.,0.,-1.));
#7230=DIRECTION('ref_axis',(0.,-1.,0.));
#7231=DIRECTION('',(0.,1.,0.));
#7232=DIRECTION('center_axis',(0.,0.,1.));
#7233=DIRECTION('ref_axis',(0.,-1.,0.));
#7234=DIRECTION('',(0.,0.,1.));
#7235=DIRECTION('center_axis',(0.,0.,1.));
#7236=DIRECTION('ref_axis',(0.,-1.,0.));
#7237=DIRECTION('',(0.,0.,1.));
#7238=DIRECTION('center_axis',(0.,0.,1.));
#7239=DIRECTION('ref_axis',(0.,-1.,0.));
#7240=DIRECTION('center_axis',(0.,-1.,0.));
#7241=DIRECTION('ref_axis',(1.,0.,0.));
#7242=DIRECTION('',(0.,0.,1.));
#7243=DIRECTION('',(-1.,0.,0.));
#7244=DIRECTION('center_axis',(0.,1.,0.));
#7245=DIRECTION('ref_axis',(-1.,0.,0.));
#7246=DIRECTION('',(1.,0.,0.));
#7247=DIRECTION('',(0.,0.,1.));
#7248=DIRECTION('',(-1.,0.,0.));
#7249=DIRECTION('',(0.,0.,1.));
#7250=DIRECTION('center_axis',(1.,0.,0.));
#7251=DIRECTION('ref_axis',(0.,1.,0.));
#7252=DIRECTION('',(0.,-1.,0.));
#7253=DIRECTION('',(0.,1.,0.));
#7254=DIRECTION('',(0.,0.,1.));
#7255=DIRECTION('center_axis',(0.,-1.,0.));
#7256=DIRECTION('ref_axis',(1.,0.,0.));
#7257=DIRECTION('',(-1.,0.,0.));
#7258=DIRECTION('',(1.,0.,0.));
#7259=DIRECTION('',(0.,0.,1.));
#7260=DIRECTION('center_axis',(-1.,0.,0.));
#7261=DIRECTION('ref_axis',(0.,-1.,0.));
#7262=DIRECTION('',(0.,1.,0.));
#7263=DIRECTION('',(0.,-1.,0.));
#7264=DIRECTION('center_axis',(0.,1.,0.));
#7265=DIRECTION('ref_axis',(-1.,0.,0.));
#7266=DIRECTION('',(1.,0.,0.));
#7267=DIRECTION('',(0.,0.,1.));
#7268=DIRECTION('',(-1.,0.,0.));
#7269=DIRECTION('',(0.,0.,1.));
#7270=DIRECTION('center_axis',(1.,0.,0.));
#7271=DIRECTION('ref_axis',(0.,1.,0.));
#7272=DIRECTION('',(0.,-1.,0.));
#7273=DIRECTION('',(0.,1.,0.));
#7274=DIRECTION('',(0.,0.,1.));
#7275=DIRECTION('center_axis',(0.,-1.,0.));
#7276=DIRECTION('ref_axis',(1.,0.,0.));
#7277=DIRECTION('',(-1.,0.,0.));
#7278=DIRECTION('',(1.,0.,0.));
#7279=DIRECTION('',(0.,0.,1.));
#7280=DIRECTION('center_axis',(-1.,0.,0.));
#7281=DIRECTION('ref_axis',(0.,-1.,0.));
#7282=DIRECTION('',(0.,1.,0.));
#7283=DIRECTION('',(0.,-1.,0.));
#7284=DIRECTION('center_axis',(0.,1.,0.));
#7285=DIRECTION('ref_axis',(-1.,0.,0.));
#7286=DIRECTION('',(1.,0.,0.));
#7287=DIRECTION('',(0.,0.,1.));
#7288=DIRECTION('',(-1.,0.,0.));
#7289=DIRECTION('',(0.,0.,1.));
#7290=DIRECTION('center_axis',(1.,0.,0.));
#7291=DIRECTION('ref_axis',(0.,1.,0.));
#7292=DIRECTION('',(0.,-1.,0.));
#7293=DIRECTION('',(0.,1.,0.));
#7294=DIRECTION('',(0.,0.,1.));
#7295=DIRECTION('center_axis',(0.,-1.,0.));
#7296=DIRECTION('ref_axis',(1.,0.,0.));
#7297=DIRECTION('',(-1.,0.,0.));
#7298=DIRECTION('',(1.,0.,0.));
#7299=DIRECTION('',(0.,0.,1.));
#7300=DIRECTION('center_axis',(-1.,0.,0.));
#7301=DIRECTION('ref_axis',(0.,-1.,0.));
#7302=DIRECTION('',(0.,1.,0.));
#7303=DIRECTION('',(0.,-1.,0.));
#7304=DIRECTION('center_axis',(0.,0.,1.));
#7305=DIRECTION('ref_axis',(1.,0.,0.));
#7306=DIRECTION('',(1.,0.,0.));
#7307=DIRECTION('center_axis',(0.,0.,1.));
#7308=DIRECTION('ref_axis',(-1.,0.,0.));
#7309=DIRECTION('',(0.,-1.,0.));
#7310=DIRECTION('center_axis',(0.,0.,1.));
#7311=DIRECTION('ref_axis',(0.,1.,0.));
#7312=DIRECTION('',(-1.,0.,0.));
#7313=DIRECTION('',(-0.623489801858732,0.781831482468031,0.));
#7314=DIRECTION('',(-1.,2.56155762844599E-15,0.));
#7315=DIRECTION('',(-0.623489801858735,-0.781831482468029,0.));
#7316=DIRECTION('',(0.222520933956311,-0.974927912181824,0.));
#7317=DIRECTION('',(0.900968867902417,-0.433883739117562,0.));
#7318=DIRECTION('',(0.900968867902421,0.433883739117554,0.));
#7319=DIRECTION('',(0.222520933956321,0.974927912181822,0.));
#7320=DIRECTION('',(-0.434354934859736,-0.900741800164173,0.));
#7321=DIRECTION('',(0.433412424671216,-0.901195689148931,0.));
#7322=DIRECTION('',(0.974811388422477,-0.223030843162649,0.));
#7323=DIRECTION('',(0.782157494163118,0.623080776725195,0.));
#7324=DIRECTION('',(0.000523053693694211,0.999999863207407,0.));
#7325=DIRECTION('',(-0.781505256875433,0.623898656414696,0.));
#7326=DIRECTION('',(-0.975044169215337,-0.222010963871546,0.));
#7327=DIRECTION('',(0.786265340262121,0.617888998690291,0.));
#7328=DIRECTION('',(0.00714334936172076,0.999974485954465,0.));
#7329=DIRECTION('',(-0.77735772930585,0.629058789532785,0.));
#7330=DIRECTION('',(-0.976492582598224,-0.21555100586787,0.));
#7331=DIRECTION('',(-0.440308604375525,-0.89784649741082,0.));
#7332=DIRECTION('',(0.427436733600622,-0.904045263672583,0.));
#7333=DIRECTION('',(0.973313493055133,-0.229479507226278,0.));
#7334=DIRECTION('',(0.708039006007912,0.706173325729122,0.));
#7335=DIRECTION('center_axis',(0.,0.,-1.));
#7336=DIRECTION('ref_axis',(-0.633952495466271,-0.77337198907905,0.));
#7337=DIRECTION('',(0.706173325729122,-0.708039006007912,0.));
#7338=DIRECTION('',(-0.706173325729122,0.708039006007912,0.));
#7339=DIRECTION('center_axis',(0.,0.,-1.));
#7340=DIRECTION('ref_axis',(0.775041960563683,-0.631909771538313,0.));
#7341=DIRECTION('',(0.708039006007912,0.706173325729122,0.));
#7342=DIRECTION('',(-0.705440204917842,-0.708769438735526,0.));
#7343=DIRECTION('center_axis',(0.,0.,-1.));
#7344=DIRECTION('ref_axis',(0.630348306304194,0.776312445307579,0.));
#7345=DIRECTION('',(-0.706173325729121,0.708039006007912,0.));
#7346=DIRECTION('',(-1.,0.,0.));
#7347=DIRECTION('',(0.,-1.,0.));
#7348=DIRECTION('',(1.,0.,0.));
#7349=DIRECTION('',(0.,1.,0.));
#7350=DIRECTION('',(0.706173325729121,-0.708039006007912,0.));
#7351=DIRECTION('center_axis',(0.,0.,-1.));
#7352=DIRECTION('ref_axis',(-0.775041960563683,0.631909771538313,0.));
#7353=DIRECTION('',(-0.705440204917842,-0.708769438735527,0.));
#7354=DIRECTION('',(0.433222285084762,-0.901287108365551,0.));
#7355=DIRECTION('',(0.974764312751049,-0.22323649922666,0.));
#7356=DIRECTION('',(0.782288931347474,0.622915747024609,0.));
#7357=DIRECTION('',(0.000734028853181144,0.999999730600785,0.));
#7358=DIRECTION('',(-0.781373612339017,0.624063520757523,0.));
#7359=DIRECTION('',(-0.975090986322971,-0.221805248792035,0.));
#7360=DIRECTION('',(-0.434544959374476,-0.900650141998676,0.));
#7361=DIRECTION('center_axis',(0.974927912181824,0.222520933956311,0.));
#7362=DIRECTION('ref_axis',(-0.222520933956311,0.974927912181824,0.));
#7363=DIRECTION('',(0.,0.,1.));
#7364=DIRECTION('',(0.222520933956311,-0.974927912181824,0.));
#7365=DIRECTION('',(0.,0.,1.));
#7366=DIRECTION('center_axis',(0.781831482468029,-0.623489801858735,0.));
#7367=DIRECTION('ref_axis',(0.623489801858735,0.781831482468029,0.));
#7368=DIRECTION('',(0.,0.,1.));
#7369=DIRECTION('',(-0.623489801858735,-0.781831482468029,0.));
#7370=DIRECTION('center_axis',(-2.56155762844599E-15,-1.,0.));
#7371=DIRECTION('ref_axis',(1.,-2.56155762844599E-15,0.));
#7372=DIRECTION('',(0.,0.,1.));
#7373=DIRECTION('',(-1.,2.56155762844599E-15,0.));
#7374=DIRECTION('center_axis',(-0.781831482468031,-0.623489801858732,0.));
#7375=DIRECTION('ref_axis',(0.623489801858732,-0.781831482468031,0.));
#7376=DIRECTION('',(0.,0.,1.));
#7377=DIRECTION('',(-0.623489801858732,0.781831482468031,0.));
#7378=DIRECTION('center_axis',(0.999999863207407,-0.000523053693694211,
0.));
#7379=DIRECTION('ref_axis',(0.000523053693694211,0.999999863207407,0.));
#7380=DIRECTION('',(0.,0.,1.));
#7381=DIRECTION('',(0.000523053693694211,0.999999863207407,0.));
#7382=DIRECTION('',(0.,0.,1.));
#7383=DIRECTION('center_axis',(0.623080776725195,-0.782157494163118,0.));
#7384=DIRECTION('ref_axis',(0.782157494163118,0.623080776725195,0.));
#7385=DIRECTION('',(0.,0.,1.));
#7386=DIRECTION('',(0.782157494163118,0.623080776725195,0.));
#7387=DIRECTION('center_axis',(-0.223030843162649,-0.974811388422477,0.));
#7388=DIRECTION('ref_axis',(0.974811388422477,-0.223030843162649,0.));
#7389=DIRECTION('',(0.,0.,1.));
#7390=DIRECTION('',(0.974811388422477,-0.223030843162649,0.));
#7391=DIRECTION('center_axis',(-0.89784649741082,0.440308604375525,0.));
#7392=DIRECTION('ref_axis',(-0.440308604375525,-0.89784649741082,0.));
#7393=DIRECTION('',(0.,0.,1.));
#7394=DIRECTION('',(-0.440308604375525,-0.89784649741082,0.));
#7395=DIRECTION('',(0.,0.,1.));
#7396=DIRECTION('center_axis',(-0.21555100586787,0.976492582598224,0.));
#7397=DIRECTION('ref_axis',(-0.976492582598224,-0.21555100586787,0.));
#7398=DIRECTION('',(0.,0.,1.));
#7399=DIRECTION('',(-0.976492582598224,-0.21555100586787,0.));
#7400=DIRECTION('center_axis',(0.629058789532785,0.77735772930585,0.));
#7401=DIRECTION('ref_axis',(-0.77735772930585,0.629058789532785,0.));
#7402=DIRECTION('',(0.,0.,1.));
#7403=DIRECTION('',(-0.77735772930585,0.629058789532785,0.));
#7404=DIRECTION('center_axis',(-0.708039006007912,-0.706173325729122,0.));
#7405=DIRECTION('ref_axis',(0.706173325729122,-0.708039006007912,0.));
#7406=DIRECTION('',(0.,0.,1.));
#7407=DIRECTION('',(0.706173325729122,-0.708039006007912,0.));
#7408=DIRECTION('',(0.,0.,1.));
#7409=DIRECTION('center_axis',(0.706173325729122,-0.708039006007912,0.));
#7410=DIRECTION('ref_axis',(0.708039006007912,0.706173325729122,0.));
#7411=DIRECTION('',(0.,0.,1.));
#7412=DIRECTION('',(0.708039006007912,0.706173325729122,0.));
#7413=DIRECTION('',(0.,0.,1.));
#7414=DIRECTION('center_axis',(0.708039006007912,0.706173325729122,0.));
#7415=DIRECTION('ref_axis',(-0.706173325729121,0.708039006007912,0.));
#7416=DIRECTION('',(0.,0.,1.));
#7417=DIRECTION('',(-0.706173325729121,0.708039006007912,0.));
#7418=DIRECTION('',(0.,0.,1.));
#7419=DIRECTION('center_axis',(1.,0.,0.));
#7420=DIRECTION('ref_axis',(0.,1.,0.));
#7421=DIRECTION('',(0.,0.,1.));
#7422=DIRECTION('',(0.,1.,0.));
#7423=DIRECTION('',(0.,0.,1.));
#7424=DIRECTION('center_axis',(0.,-1.,0.));
#7425=DIRECTION('ref_axis',(1.,0.,0.));
#7426=DIRECTION('',(0.,0.,1.));
#7427=DIRECTION('',(1.,0.,0.));
#7428=DIRECTION('center_axis',(-0.708769438735527,0.705440204917842,0.));
#7429=DIRECTION('ref_axis',(-0.705440204917842,-0.708769438735527,0.));
#7430=DIRECTION('',(0.,0.,1.));
#7431=DIRECTION('',(-0.705440204917842,-0.708769438735527,0.));
#7432=DIRECTION('',(0.,0.,1.));
#7433=DIRECTION('center_axis',(0.624063520757523,0.781373612339017,0.));
#7434=DIRECTION('ref_axis',(-0.781373612339017,0.624063520757523,0.));
#7435=DIRECTION('',(0.,0.,1.));
#7436=DIRECTION('',(-0.781373612339017,0.624063520757523,0.));
#7437=DIRECTION('',(0.,0.,1.));
#7438=DIRECTION('center_axis',(0.999999730600785,-0.000734028853181144,
0.));
#7439=DIRECTION('ref_axis',(0.000734028853181144,0.999999730600785,0.));
#7440=DIRECTION('',(0.,0.,1.));
#7441=DIRECTION('',(0.000734028853181144,0.999999730600785,0.));
#7442=DIRECTION('center_axis',(0.622915747024609,-0.782288931347474,0.));
#7443=DIRECTION('ref_axis',(0.782288931347474,0.622915747024609,0.));
#7444=DIRECTION('',(0.,0.,1.));
#7445=DIRECTION('',(0.782288931347474,0.622915747024609,0.));
#7446=DIRECTION('center_axis',(-1.,0.,0.));
#7447=DIRECTION('ref_axis',(0.,-1.,0.));
#7448=DIRECTION('',(0.,0.,1.));
#7449=DIRECTION('',(0.,-1.,0.));
#7450=DIRECTION('',(0.,0.,1.));
#7451=DIRECTION('center_axis',(0.,0.,1.));
#7452=DIRECTION('ref_axis',(-1.,0.,0.));
#7453=DIRECTION('',(0.,0.,1.));
#7454=DIRECTION('center_axis',(0.,0.,1.));
#7455=DIRECTION('ref_axis',(-1.,0.,0.));
#7456=DIRECTION('center_axis',(0.,-1.,0.));
#7457=DIRECTION('ref_axis',(1.,0.,0.));
#7458=DIRECTION('',(1.,0.,0.));
#7459=DIRECTION('center_axis',(-0.974927912181822,0.222520933956321,0.));
#7460=DIRECTION('ref_axis',(-0.222520933956321,-0.974927912181822,0.));
#7461=DIRECTION('',(0.,0.,1.));
#7462=DIRECTION('',(0.222520933956321,0.974927912181822,0.));
#7463=DIRECTION('center_axis',(-0.433883739117554,0.900968867902421,0.));
#7464=DIRECTION('ref_axis',(-0.900968867902421,-0.433883739117554,0.));
#7465=DIRECTION('',(0.,0.,1.));
#7466=DIRECTION('',(0.900968867902421,0.433883739117554,0.));
#7467=DIRECTION('center_axis',(0.433883739117562,0.900968867902417,0.));
#7468=DIRECTION('ref_axis',(-0.900968867902417,0.433883739117562,0.));
#7469=DIRECTION('',(0.900968867902417,-0.433883739117562,0.));
#7470=DIRECTION('center_axis',(0.,-1.,0.));
#7471=DIRECTION('ref_axis',(0.,0.,-1.));
#7472=DIRECTION('',(0.,0.,-1.));
#7473=DIRECTION('',(1.,0.,0.));
#7474=DIRECTION('',(0.,0.,1.));
#7475=DIRECTION('',(-1.,0.,0.));
#7476=DIRECTION('center_axis',(0.,1.,0.));
#7477=DIRECTION('ref_axis',(0.,0.,1.));
#7478=DIRECTION('',(0.,0.,1.));
#7479=DIRECTION('',(1.,0.,0.));
#7480=DIRECTION('',(0.,0.,1.));
#7481=DIRECTION('',(1.,0.,0.));
#7482=DIRECTION('center_axis',(0.,0.,1.));
#7483=DIRECTION('ref_axis',(1.,0.,0.));
#7484=DIRECTION('',(0.,1.,0.));
#7485=DIRECTION('',(1.,0.,0.));
#7486=DIRECTION('',(-1.,0.,0.));
#7487=DIRECTION('center_axis',(0.,0.,1.));
#7488=DIRECTION('ref_axis',(0.,1.,0.));
#7489=DIRECTION('',(0.,1.,0.));
#7490=DIRECTION('center_axis',(0.,0.,-1.));
#7491=DIRECTION('ref_axis',(0.,-1.,0.));
#7492=DIRECTION('',(-1.,0.,0.));
#7493=DIRECTION('center_axis',(0.,0.,-1.));
#7494=DIRECTION('ref_axis',(-1.,0.,0.));
#7495=DIRECTION('',(0.,1.,0.));
#7496=DIRECTION('center_axis',(0.,0.,-1.));
#7497=DIRECTION('ref_axis',(0.,1.,0.));
#7498=DIRECTION('',(1.,-1.15648231731787E-16,0.));
#7499=DIRECTION('center_axis',(0.,0.,-1.));
#7500=DIRECTION('ref_axis',(1.,0.,0.));
#7501=DIRECTION('center_axis',(-1.,0.,0.));
#7502=DIRECTION('ref_axis',(0.,0.,1.));
#7503=DIRECTION('',(0.,0.,-1.));
#7504=DIRECTION('',(0.,-1.,0.));
#7505=DIRECTION('center_axis',(-6.95207470011636E-15,1.,0.));
#7506=DIRECTION('ref_axis',(-1.,-6.95207470011636E-15,0.));
#7507=DIRECTION('center_axis',(1.,5.28677628718627E-17,0.));
#7508=DIRECTION('ref_axis',(-5.28677628718627E-17,1.,0.));
#7509=DIRECTION('',(5.28677628718627E-17,-1.,0.));
#7510=DIRECTION('',(0.,0.,-1.));
#7511=DIRECTION('',(-5.28677628718627E-17,1.,0.));
#7512=DIRECTION('',(0.,0.,1.));
#7513=DIRECTION('center_axis',(-1.,0.,0.));
#7514=DIRECTION('ref_axis',(0.,-1.,0.));
#7515=DIRECTION('',(0.,0.,1.));
#7516=DIRECTION('',(0.,-1.,0.));
#7517=DIRECTION('',(0.,0.,1.));
#7518=DIRECTION('center_axis',(0.,0.,1.));
#7519=DIRECTION('ref_axis',(1.,0.,0.));
#7520=DIRECTION('center_axis',(0.,0.,1.));
#7521=DIRECTION('ref_axis',(0.,1.,0.));
#7522=DIRECTION('center_axis',(0.,0.,1.));
#7523=DIRECTION('ref_axis',(-1.,0.,0.));
#7524=DIRECTION('center_axis',(0.,0.,1.));
#7525=DIRECTION('ref_axis',(0.237332095681691,-0.971428575016886,0.));
#7526=DIRECTION('center_axis',(0.,0.,1.));
#7527=DIRECTION('ref_axis',(-0.997447303538354,-0.071406418927615,0.));
#7528=DIRECTION('center_axis',(0.,0.,1.));
#7529=DIRECTION('ref_axis',(0.707889967670071,-0.706322726288816,0.));
#7530=DIRECTION('center_axis',(0.,0.,-1.));
#7531=DIRECTION('ref_axis',(-0.997447303538354,-0.071406418927615,0.));
#7532=DIRECTION('',(0.,0.,1.));
#7533=DIRECTION('center_axis',(0.,0.,1.));
#7534=DIRECTION('ref_axis',(-0.997447303538354,-0.071406418927615,0.));
#7535=DIRECTION('',(0.,0.,1.));
#7536=DIRECTION('center_axis',(0.,0.,1.));
#7537=DIRECTION('ref_axis',(-0.997447303538354,-0.071406418927615,0.));
#7538=DIRECTION('',(0.,0.,1.));
#7539=DIRECTION('center_axis',(0.,0.,1.));
#7540=DIRECTION('ref_axis',(1.,0.,0.));
#7541=DIRECTION('center_axis',(0.,0.,-1.));
#7542=DIRECTION('ref_axis',(0.237332095681691,-0.971428575016886,0.));
#7543=DIRECTION('',(1.,2.48611542435431E-16,0.));
#7544=DIRECTION('center_axis',(0.,0.,-1.));
#7545=DIRECTION('ref_axis',(0.237332110369093,-0.97142857142857,0.));
#7546=DIRECTION('',(1.,2.48611542435431E-16,0.));
#7547=DIRECTION('center_axis',(0.,0.,1.));
#7548=DIRECTION('ref_axis',(0.,-1.,0.));
#7549=DIRECTION('',(0.,1.,0.));
#7550=DIRECTION('center_axis',(0.,0.,1.));
#7551=DIRECTION('ref_axis',(1.,0.,0.));
#7552=DIRECTION('',(-1.,0.,0.));
#7553=DIRECTION('center_axis',(0.,0.,-1.));
#7554=DIRECTION('ref_axis',(1.,0.,0.));
#7555=DIRECTION('',(-1.,-8.50727531729044E-17,0.));
#7556=DIRECTION('',(0.706173325729121,-0.708039006007912,0.));
#7557=DIRECTION('center_axis',(0.,0.,-1.));
#7558=DIRECTION('ref_axis',(-0.775041960563683,0.631909771538313,0.));
#7559=DIRECTION('',(-1.,0.,0.));
#7560=DIRECTION('',(0.,-1.,0.));
#7561=DIRECTION('',(-0.705440204917842,-0.708769438735526,0.));
#7562=DIRECTION('center_axis',(0.,0.,-1.));
#7563=DIRECTION('ref_axis',(0.630348306304194,0.776312445307579,0.));
#7564=DIRECTION('',(-0.706173325729122,0.708039006007912,0.));
#7565=DIRECTION('center_axis',(0.,0.,-1.));
#7566=DIRECTION('ref_axis',(0.775041960563683,-0.631909771538313,0.));
#7567=DIRECTION('',(0.708039006007912,0.706173325729122,0.));
#7568=DIRECTION('center_axis',(0.,0.,-1.));
#7569=DIRECTION('ref_axis',(-0.633952495466271,-0.77337198907905,0.));
#7570=DIRECTION('center_axis',(0.,0.,1.));
#7571=DIRECTION('ref_axis',(0.,-1.,0.));
#7572=DIRECTION('center_axis',(0.,0.,1.));
#7573=DIRECTION('ref_axis',(0.,-1.,0.));
#7574=DIRECTION('',(0.,0.,1.));
#7575=DIRECTION('center_axis',(0.,0.,1.));
#7576=DIRECTION('ref_axis',(1.,0.,0.));
#7577=DIRECTION('',(0.,0.,1.));
#7578=DIRECTION('center_axis',(0.,0.,1.));
#7579=DIRECTION('ref_axis',(1.,0.,0.));
#7580=DIRECTION('center_axis',(1.15648231731787E-16,1.,0.));
#7581=DIRECTION('ref_axis',(-1.,1.15648231731787E-16,0.));
#7582=DIRECTION('',(0.,0.,1.));
#7583=DIRECTION('',(-1.,1.15648231731787E-16,0.));
#7584=DIRECTION('',(-1.,1.15648231731787E-16,0.));
#7585=DIRECTION('center_axis',(-2.48611542435431E-16,1.,0.));
#7586=DIRECTION('ref_axis',(-1.,-2.48611542435431E-16,0.));
#7587=DIRECTION('',(0.,0.,-1.));
#7588=DIRECTION('',(-1.,-2.48611542435431E-16,0.));
#7589=DIRECTION('',(0.,0.,1.));
#7590=DIRECTION('center_axis',(0.,0.,1.));
#7591=DIRECTION('ref_axis',(0.,-1.,0.));
#7592=DIRECTION('center_axis',(0.,0.,-1.));
#7593=DIRECTION('ref_axis',(0.,-1.,0.));
#7594=DIRECTION('',(0.,0.,1.));
#7595=DIRECTION('center_axis',(-1.,0.,0.));
#7596=DIRECTION('ref_axis',(0.,-1.,0.));
#7597=DIRECTION('',(0.,-1.,0.));
#7598=DIRECTION('',(0.,0.,1.));
#7599=DIRECTION('center_axis',(0.,0.,1.));
#7600=DIRECTION('ref_axis',(1.,0.,0.));
#7601=DIRECTION('center_axis',(0.,0.,-1.));
#7602=DIRECTION('ref_axis',(1.,0.,0.));
#7603=DIRECTION('',(0.,0.,1.));
#7604=DIRECTION('center_axis',(0.,-1.,0.));
#7605=DIRECTION('ref_axis',(1.,0.,0.));
#7606=DIRECTION('',(1.,0.,0.));
#7607=DIRECTION('',(0.,0.,1.));
#7608=DIRECTION('center_axis',(0.,0.,1.));
#7609=DIRECTION('ref_axis',(1.,0.,0.));
#7610=DIRECTION('',(1.,0.,0.));
#7611=DIRECTION('center_axis',(0.,0.,1.));
#7612=DIRECTION('ref_axis',(1.,0.,0.));
#7613=DIRECTION('center_axis',(0.,0.,1.));
#7614=DIRECTION('ref_axis',(0.237332110369093,-0.97142857142857,0.));
#7615=DIRECTION('center_axis',(8.50727531729044E-17,-1.,0.));
#7616=DIRECTION('ref_axis',(1.,8.50727531729044E-17,0.));
#7617=DIRECTION('',(0.,0.,-1.));
#7618=DIRECTION('',(1.,8.50727531729044E-17,0.));
#7619=DIRECTION('center_axis',(0.,0.,1.));
#7620=DIRECTION('ref_axis',(1.,0.,0.));
#7621=DIRECTION('center_axis',(0.,0.,1.));
#7622=DIRECTION('ref_axis',(0.,1.,0.));
#7623=DIRECTION('center_axis',(0.,0.,1.));
#7624=DIRECTION('ref_axis',(1.,0.,0.));
#7625=DIRECTION('center_axis',(0.,0.,1.));
#7626=DIRECTION('ref_axis',(3.1720657846433E-16,1.,0.));
#7627=DIRECTION('',(0.,0.,1.));
#7628=DIRECTION('center_axis',(0.,0.,1.));
#7629=DIRECTION('ref_axis',(0.237332110369093,-0.97142857142857,0.));
#7630=DIRECTION('',(0.,0.,1.));
#7631=DIRECTION('center_axis',(0.,0.,1.));
#7632=DIRECTION('ref_axis',(0.237332110369093,-0.97142857142857,0.));
#7633=DIRECTION('',(0.,0.,1.));
#7634=DIRECTION('center_axis',(0.,0.,1.));
#7635=DIRECTION('ref_axis',(1.,0.,0.));
#7636=DIRECTION('center_axis',(0.,0.,1.));
#7637=DIRECTION('ref_axis',(1.,0.,0.));
#7638=DIRECTION('',(0.,0.,-1.));
#7639=DIRECTION('center_axis',(-2.48611542435431E-16,1.,0.));
#7640=DIRECTION('ref_axis',(-1.,-2.48611542435431E-16,0.));
#7641=DIRECTION('',(0.,0.,-1.));
#7642=DIRECTION('',(-1.,-2.48611542435431E-16,0.));
#7643=DIRECTION('center_axis',(0.,0.,1.));
#7644=DIRECTION('ref_axis',(1.,0.,0.));
#7645=DIRECTION('',(1.,0.,0.));
#7646=DIRECTION('center_axis',(0.,0.,1.));
#7647=DIRECTION('ref_axis',(0.237332095681691,-0.971428575016886,0.));
#7648=DIRECTION('center_axis',(0.,0.,1.));
#7649=DIRECTION('ref_axis',(0.649602228099127,0.760274256599978,0.));
#7650=DIRECTION('',(0.,0.,1.));
#7651=DIRECTION('center_axis',(0.,0.,1.));
#7652=DIRECTION('ref_axis',(0.237332095681691,-0.971428575016886,0.));
#7653=DIRECTION('',(0.,0.,1.));
#7654=DIRECTION('center_axis',(0.,0.,1.));
#7655=DIRECTION('ref_axis',(0.,1.,0.));
#7656=DIRECTION('center_axis',(0.,0.,1.));
#7657=DIRECTION('ref_axis',(0.,1.,0.));
#7658=DIRECTION('center_axis',(0.,0.,1.));
#7659=DIRECTION('ref_axis',(1.,0.,0.));
#7660=DIRECTION('',(-0.434354934859736,-0.900741800164173,0.));
#7661=DIRECTION('',(-0.975044169215337,-0.222010963871546,0.));
#7662=DIRECTION('',(-0.781505256875433,0.623898656414696,0.));
#7663=DIRECTION('',(0.433412424671216,-0.901195689148931,0.));
#7664=DIRECTION('center_axis',(0.,0.,1.));
#7665=DIRECTION('ref_axis',(1.,0.,0.));
#7666=DIRECTION('center_axis',(0.,0.,1.));
#7667=DIRECTION('ref_axis',(1.,0.,0.));
#7668=DIRECTION('',(1.,0.,0.));
#7669=DIRECTION('',(0.786265340262121,0.617888998690291,0.));
#7670=DIRECTION('',(0.973313493055133,-0.229479507226278,0.));
#7671=DIRECTION('',(0.427436733600622,-0.904045263672583,0.));
#7672=DIRECTION('',(0.00714334936172076,0.999974485954465,0.));
#7673=DIRECTION('center_axis',(0.,0.,1.));
#7674=DIRECTION('ref_axis',(-1.,0.,0.));
#7675=DIRECTION('',(0.,0.,1.));
#7676=DIRECTION('center_axis',(0.,0.,1.));
#7677=DIRECTION('ref_axis',(-1.,0.,0.));
#7678=DIRECTION('center_axis',(0.,-1.,0.));
#7679=DIRECTION('ref_axis',(1.,0.,0.));
#7680=DIRECTION('',(1.,0.,0.));
#7681=DIRECTION('center_axis',(0.,0.,1.));
#7682=DIRECTION('ref_axis',(1.,0.,0.));
#7683=DIRECTION('',(0.433222285084762,-0.901287108365551,0.));
#7684=DIRECTION('',(-0.434544959374476,-0.900650141998676,0.));
#7685=DIRECTION('',(-0.975090986322971,-0.221805248792035,0.));
#7686=DIRECTION('',(0.974764312751049,-0.223236499226659,0.));
#7687=DIRECTION('center_axis',(-0.22323649922666,-0.974764312751049,0.));
#7688=DIRECTION('ref_axis',(0.974764312751049,-0.22323649922666,0.));
#7689=DIRECTION('',(0.,0.,1.));
#7690=DIRECTION('center_axis',(-0.221805248792035,0.975090986322971,0.));
#7691=DIRECTION('ref_axis',(-0.975090986322971,-0.221805248792035,0.));
#7692=DIRECTION('',(0.,0.,1.));
#7693=DIRECTION('center_axis',(-0.900650141998676,0.434544959374476,0.));
#7694=DIRECTION('ref_axis',(-0.434544959374476,-0.900650141998676,0.));
#7695=DIRECTION('',(0.,0.,1.));
#7696=DIRECTION('center_axis',(-0.901287108365551,-0.433222285084762,0.));
#7697=DIRECTION('ref_axis',(0.433222285084762,-0.901287108365551,0.));
#7698=DIRECTION('center_axis',(0.,0.,1.));
#7699=DIRECTION('ref_axis',(-0.775041960563683,0.631909771538313,0.));
#7700=DIRECTION('',(0.,0.,1.));
#7701=DIRECTION('center_axis',(-0.708039006007912,-0.706173325729121,0.));
#7702=DIRECTION('ref_axis',(0.706173325729121,-0.708039006007912,0.));
#7703=DIRECTION('center_axis',(-1.,0.,0.));
#7704=DIRECTION('ref_axis',(0.,-1.,0.));
#7705=DIRECTION('',(0.,0.,1.));
#7706=DIRECTION('center_axis',(0.,1.,0.));
#7707=DIRECTION('ref_axis',(-1.,0.,0.));
#7708=DIRECTION('center_axis',(0.,0.,1.));
#7709=DIRECTION('ref_axis',(0.630348306304194,0.776312445307579,0.));
#7710=DIRECTION('',(0.,0.,1.));
#7711=DIRECTION('center_axis',(-0.708769438735526,0.705440204917842,0.));
#7712=DIRECTION('ref_axis',(-0.705440204917842,-0.708769438735526,0.));
#7713=DIRECTION('center_axis',(-0.901195689148931,-0.433412424671216,0.));
#7714=DIRECTION('ref_axis',(0.433412424671216,-0.901195689148931,0.));
#7715=DIRECTION('',(0.,0.,1.));
#7716=DIRECTION('center_axis',(0.623898656414696,0.781505256875433,0.));
#7717=DIRECTION('ref_axis',(-0.781505256875433,0.623898656414696,0.));
#7718=DIRECTION('',(0.,0.,1.));
#7719=DIRECTION('center_axis',(-0.222010963871546,0.975044169215337,0.));
#7720=DIRECTION('ref_axis',(-0.975044169215337,-0.222010963871546,0.));
#7721=DIRECTION('',(0.,0.,1.));
#7722=DIRECTION('center_axis',(-0.900741800164173,0.434354934859736,0.));
#7723=DIRECTION('ref_axis',(-0.434354934859736,-0.900741800164173,0.));
#7724=DIRECTION('center_axis',(0.,0.,1.));
#7725=DIRECTION('ref_axis',(0.775041960563683,-0.631909771538313,0.));
#7726=DIRECTION('',(0.,0.,1.));
#7727=DIRECTION('center_axis',(0.708039006007912,0.706173325729122,0.));
#7728=DIRECTION('ref_axis',(-0.706173325729122,0.708039006007912,0.));
#7729=DIRECTION('center_axis',(0.,0.,1.));
#7730=DIRECTION('ref_axis',(-0.633952495466271,-0.77337198907905,0.));
#7731=DIRECTION('',(0.,0.,1.));
#7732=DIRECTION('center_axis',(0.706173325729122,-0.708039006007912,0.));
#7733=DIRECTION('ref_axis',(0.708039006007912,0.706173325729122,0.));
#7734=DIRECTION('center_axis',(0.999974485954465,-0.00714334936172076,0.));
#7735=DIRECTION('ref_axis',(0.00714334936172076,0.999974485954465,0.));
#7736=DIRECTION('',(0.,0.,1.));
#7737=DIRECTION('center_axis',(-0.904045263672583,-0.427436733600622,0.));
#7738=DIRECTION('ref_axis',(0.427436733600622,-0.904045263672583,0.));
#7739=DIRECTION('',(0.,0.,1.));
#7740=DIRECTION('center_axis',(-0.229479507226278,-0.973313493055133,0.));
#7741=DIRECTION('ref_axis',(0.973313493055133,-0.229479507226278,0.));
#7742=DIRECTION('',(0.,0.,1.));
#7743=DIRECTION('center_axis',(0.617888998690291,-0.786265340262121,0.));
#7744=DIRECTION('ref_axis',(0.786265340262121,0.617888998690291,0.));
#7745=DIRECTION('center_axis',(0.,0.,1.));
#7746=DIRECTION('ref_axis',(0.,1.,0.));
#7747=DIRECTION('',(0.,0.,1.));
#7748=DIRECTION('center_axis',(0.,1.,0.));
#7749=DIRECTION('ref_axis',(-1.,0.,0.));
#7750=DIRECTION('center_axis',(0.,0.,-1.));
#7751=DIRECTION('ref_axis',(-1.,0.,0.));
#7752=DIRECTION('',(1.,0.,0.));
#7753=DIRECTION('',(0.,1.,0.));
#7754=DIRECTION('',(1.,0.,0.));
#7755=DIRECTION('',(0.,1.,0.));
#7756=DIRECTION('center_axis',(0.,1.,0.));
#7757=DIRECTION('ref_axis',(2.22044604925031E-15,0.,-1.));
#7758=DIRECTION('center_axis',(0.,-1.,0.));
#7759=DIRECTION('ref_axis',(2.22044604925031E-15,0.,-1.));
#7760=DIRECTION('center_axis',(0.,-1.,0.));
#7761=DIRECTION('ref_axis',(2.22044604925031E-15,0.,-1.));
#7762=DIRECTION('',(0.,1.,0.));
#7763=DIRECTION('center_axis',(1.,0.,1.42738901768034E-15));
#7764=DIRECTION('ref_axis',(1.42738901768034E-15,0.,-1.));
#7765=DIRECTION('',(-1.42738901768034E-15,0.,1.));
#7766=DIRECTION('',(-1.42738901768034E-15,0.,1.));
#7767=DIRECTION('',(0.,1.,0.));
#7768=DIRECTION('center_axis',(0.,1.,0.));
#7769=DIRECTION('ref_axis',(1.,0.,-2.22044604925032E-15));
#7770=DIRECTION('center_axis',(0.,-1.,0.));
#7771=DIRECTION('ref_axis',(1.,0.,-2.22044604925032E-15));
#7772=DIRECTION('center_axis',(0.,-1.,0.));
#7773=DIRECTION('ref_axis',(1.,0.,-2.22044604925032E-15));
#7774=DIRECTION('',(0.,1.,0.));
#7775=DIRECTION('center_axis',(0.,0.,1.));
#7776=DIRECTION('ref_axis',(1.,0.,0.));
#7777=DIRECTION('',(-1.,0.,0.));
#7778=DIRECTION('',(-1.,0.,0.));
#7779=DIRECTION('',(0.,1.,0.));
#7780=DIRECTION('center_axis',(0.,1.,0.));
#7781=DIRECTION('ref_axis',(0.,0.,1.));
#7782=DIRECTION('center_axis',(0.,-1.,0.));
#7783=DIRECTION('ref_axis',(0.,0.,1.));
#7784=DIRECTION('center_axis',(0.,-1.,0.));
#7785=DIRECTION('ref_axis',(0.,0.,1.));
#7786=DIRECTION('',(0.,1.,0.));
#7787=DIRECTION('center_axis',(-1.,0.,0.));
#7788=DIRECTION('ref_axis',(0.,0.,1.));
#7789=DIRECTION('',(0.,0.,-1.));
#7790=DIRECTION('',(0.,0.,-1.));
#7791=DIRECTION('',(0.,1.,0.));
#7792=DIRECTION('center_axis',(0.,1.,0.));
#7793=DIRECTION('ref_axis',(-1.,0.,-4.4408920985006E-15));
#7794=DIRECTION('center_axis',(0.,-1.,0.));
#7795=DIRECTION('ref_axis',(-1.,0.,-4.4408920985006E-15));
#7796=DIRECTION('center_axis',(0.,-1.,0.));
#7797=DIRECTION('ref_axis',(-1.,0.,-4.4408920985006E-15));
#7798=DIRECTION('center_axis',(0.,0.,-1.));
#7799=DIRECTION('ref_axis',(-1.,0.,0.));
#7800=DIRECTION('',(1.,0.,0.));
#7801=DIRECTION('',(0.,1.,0.));
#7802=DIRECTION('',(1.,0.,0.));
#7803=DIRECTION('',(0.,1.,0.));
#7804=DIRECTION('center_axis',(0.707106781186548,0.,-0.707106781186548));
#7805=DIRECTION('ref_axis',(-0.707106781186548,0.,-0.707106781186548));
#7806=DIRECTION('',(0.707106781186548,0.,0.707106781186548));
#7807=DIRECTION('',(0.707106781186547,0.,0.707106781186547));
#7808=DIRECTION('',(0.,1.,0.));
#7809=DIRECTION('center_axis',(1.,0.,0.));
#7810=DIRECTION('ref_axis',(0.,0.,-1.));
#7811=DIRECTION('',(0.,0.,1.));
#7812=DIRECTION('',(0.,0.,1.));
#7813=DIRECTION('',(0.,1.,0.));
#7814=DIRECTION('center_axis',(0.,1.,0.));
#7815=DIRECTION('ref_axis',(1.,0.,-8.88178419700136E-15));
#7816=DIRECTION('center_axis',(0.,-1.,0.));
#7817=DIRECTION('ref_axis',(1.,0.,-8.88178419700136E-15));
#7818=DIRECTION('center_axis',(0.,-1.,0.));
#7819=DIRECTION('ref_axis',(1.,0.,-8.88178419700136E-15));
#7820=DIRECTION('',(0.,1.,0.));
#7821=DIRECTION('center_axis',(0.,0.,1.));
#7822=DIRECTION('ref_axis',(1.,0.,0.));
#7823=DIRECTION('',(-1.,0.,0.));
#7824=DIRECTION('',(-1.,0.,0.));
#7825=DIRECTION('',(0.,1.,0.));
#7826=DIRECTION('center_axis',(0.,1.,0.));
#7827=DIRECTION('ref_axis',(8.88178419700132E-15,0.,1.));
#7828=DIRECTION('center_axis',(0.,-1.,0.));
#7829=DIRECTION('ref_axis',(8.88178419700132E-15,0.,1.));
#7830=DIRECTION('center_axis',(0.,-1.,0.));
#7831=DIRECTION('ref_axis',(8.88178419700132E-15,0.,1.));
#7832=DIRECTION('',(0.,1.,0.));
#7833=DIRECTION('center_axis',(-1.,0.,-2.59055591583577E-15));
#7834=DIRECTION('ref_axis',(-2.59055591583577E-15,0.,1.));
#7835=DIRECTION('',(2.59055591583577E-15,0.,-1.));
#7836=DIRECTION('',(2.59055591583577E-15,0.,-1.));
#7837=DIRECTION('',(0.,1.,0.));
#7838=DIRECTION('center_axis',(-0.707106781186548,0.,-0.707106781186548));
#7839=DIRECTION('ref_axis',(-0.707106781186548,0.,0.707106781186548));
#7840=DIRECTION('',(0.707106781186548,0.,-0.707106781186548));
#7841=DIRECTION('',(0.707106781186547,0.,-0.707106781186547));
#7842=DIRECTION('center_axis',(0.,0.,-1.));
#7843=DIRECTION('ref_axis',(-1.,0.,0.));
#7844=DIRECTION('',(1.,0.,0.));
#7845=DIRECTION('',(0.,1.,0.));
#7846=DIRECTION('',(1.,0.,0.));
#7847=DIRECTION('',(0.,1.,0.));
#7848=DIRECTION('center_axis',(0.707106781186549,0.,-0.707106781186546));
#7849=DIRECTION('ref_axis',(-0.707106781186546,0.,-0.707106781186549));
#7850=DIRECTION('',(0.707106781186546,0.,0.707106781186549));
#7851=DIRECTION('',(0.707106781186546,0.,0.707106781186549));
#7852=DIRECTION('',(0.,1.,0.));
#7853=DIRECTION('center_axis',(1.,0.,5.18111183167155E-15));
#7854=DIRECTION('ref_axis',(5.18111183167155E-15,0.,-1.));
#7855=DIRECTION('',(-5.18111183167155E-15,0.,1.));
#7856=DIRECTION('',(-5.18111183167155E-15,0.,1.));
#7857=DIRECTION('',(0.,1.,0.));
#7858=DIRECTION('center_axis',(0.,1.,0.));
#7859=DIRECTION('ref_axis',(1.,0.,-1.33226762955022E-14));
#7860=DIRECTION('center_axis',(0.,-1.,0.));
#7861=DIRECTION('ref_axis',(1.,0.,-1.33226762955022E-14));
#7862=DIRECTION('center_axis',(0.,-1.,0.));
#7863=DIRECTION('ref_axis',(1.,0.,-1.33226762955022E-14));
#7864=DIRECTION('',(0.,1.,0.));
#7865=DIRECTION('center_axis',(0.,0.,1.));
#7866=DIRECTION('ref_axis',(1.,0.,0.));
#7867=DIRECTION('',(-1.,0.,0.));
#7868=DIRECTION('',(-1.,0.,0.));
#7869=DIRECTION('',(0.,1.,0.));
#7870=DIRECTION('center_axis',(0.,1.,0.));
#7871=DIRECTION('ref_axis',(8.88178419700132E-15,0.,1.));
#7872=DIRECTION('center_axis',(0.,-1.,0.));
#7873=DIRECTION('ref_axis',(8.88178419700132E-15,0.,1.));
#7874=DIRECTION('center_axis',(0.,-1.,0.));
#7875=DIRECTION('ref_axis',(8.88178419700132E-15,0.,1.));
#7876=DIRECTION('',(0.,1.,0.));
#7877=DIRECTION('center_axis',(-1.,0.,0.));
#7878=DIRECTION('ref_axis',(0.,0.,1.));
#7879=DIRECTION('',(0.,0.,-1.));
#7880=DIRECTION('',(0.,0.,-1.));
#7881=DIRECTION('',(0.,1.,0.));
#7882=DIRECTION('center_axis',(-0.707106781186548,0.,-0.707106781186548));
#7883=DIRECTION('ref_axis',(-0.707106781186548,0.,0.707106781186548));
#7884=DIRECTION('',(0.707106781186548,0.,-0.707106781186548));
#7885=DIRECTION('',(0.707106781186547,0.,-0.707106781186547));
#7886=DIRECTION('center_axis',(1.,0.,0.));
#7887=DIRECTION('ref_axis',(0.,0.,-1.));
#7888=DIRECTION('',(0.,0.,-1.));
#7889=DIRECTION('',(0.,1.,0.));
#7890=DIRECTION('',(0.,0.,-1.));
#7891=DIRECTION('',(0.,1.,0.));
#7892=DIRECTION('center_axis',(0.,1.,0.));
#7893=DIRECTION('ref_axis',(1.,0.,0.));
#7894=DIRECTION('center_axis',(0.,1.,0.));
#7895=DIRECTION('ref_axis',(1.,0.,0.));
#7896=DIRECTION('',(0.,1.,0.));
#7897=DIRECTION('center_axis',(0.,1.,0.));
#7898=DIRECTION('ref_axis',(1.,0.,0.));
#7899=DIRECTION('center_axis',(0.,0.,1.));
#7900=DIRECTION('ref_axis',(1.,0.,0.));
#7901=DIRECTION('',(1.,0.,0.));
#7902=DIRECTION('',(0.,1.,0.));
#7903=DIRECTION('',(1.,0.,0.));
#7904=DIRECTION('center_axis',(0.,1.,0.));
#7905=DIRECTION('ref_axis',(0.,0.,1.));
#7906=DIRECTION('center_axis',(0.,1.,0.));
#7907=DIRECTION('ref_axis',(0.,0.,1.));
#7908=DIRECTION('',(0.,1.,0.));
#7909=DIRECTION('center_axis',(0.,1.,0.));
#7910=DIRECTION('ref_axis',(0.,0.,1.));
#7911=DIRECTION('center_axis',(-1.,0.,0.));
#7912=DIRECTION('ref_axis',(0.,0.,1.));
#7913=DIRECTION('',(0.,0.,1.));
#7914=DIRECTION('',(0.,1.,0.));
#7915=DIRECTION('',(0.,0.,1.));
#7916=DIRECTION('center_axis',(0.,1.,0.));
#7917=DIRECTION('ref_axis',(-1.,0.,6.83214169000097E-16));
#7918=DIRECTION('center_axis',(0.,1.,0.));
#7919=DIRECTION('ref_axis',(-1.,0.,6.83214169000097E-16));
#7920=DIRECTION('',(0.,1.,0.));
#7921=DIRECTION('center_axis',(0.,1.,0.));
#7922=DIRECTION('ref_axis',(-1.,0.,6.83214169000097E-16));
#7923=DIRECTION('center_axis',(0.,0.,-1.));
#7924=DIRECTION('ref_axis',(-1.,0.,0.));
#7925=DIRECTION('',(-1.,0.,0.));
#7926=DIRECTION('',(0.,1.,0.));
#7927=DIRECTION('',(-1.,0.,0.));
#7928=DIRECTION('center_axis',(0.,1.,0.));
#7929=DIRECTION('ref_axis',(0.,0.,-1.));
#7930=DIRECTION('center_axis',(0.,1.,0.));
#7931=DIRECTION('ref_axis',(0.,0.,-1.));
#7932=DIRECTION('center_axis',(0.,1.,0.));
#7933=DIRECTION('ref_axis',(0.,0.,-1.));
#7934=DIRECTION('center_axis',(0.,-1.,0.));
#7935=DIRECTION('ref_axis',(1.,0.,0.));
#7936=DIRECTION('center_axis',(0.,-1.,0.));
#7937=DIRECTION('ref_axis',(1.,0.,0.));
#7938=DIRECTION('',(1.,0.,0.));
#7939=DIRECTION('',(0.,0.,1.));
#7940=DIRECTION('',(1.,0.,0.));
#7941=DIRECTION('',(0.,0.,1.));
#7942=DIRECTION('center_axis',(0.,0.,1.));
#7943=DIRECTION('ref_axis',(1.,0.,0.));
#7944=DIRECTION('',(-1.,0.,0.));
#7945=DIRECTION('center_axis',(0.,0.,1.));
#7946=DIRECTION('ref_axis',(1.,0.,0.));
#7947=DIRECTION('',(0.,1.,0.));
#7948=DIRECTION('center_axis',(0.,0.,-1.));
#7949=DIRECTION('ref_axis',(-1.,0.,0.));
#7950=DIRECTION('',(-0.975090986245326,-0.221805249133373,0.));
#7951=DIRECTION('',(-0.78137361255747,0.624063520484004,0.));
#7952=DIRECTION('',(0.000734028503127329,0.999999730601042,0.));
#7953=DIRECTION('',(0.782288931129413,0.622915747298461,0.));
#7954=DIRECTION('',(0.974764312829194,-0.22323649888544,0.));
#7955=DIRECTION('',(0.433222285400261,-0.9012871082139,0.));
#7956=DIRECTION('',(-0.4345449590592,-0.90065014215079,0.));
#7957=DIRECTION('center_axis',(1.,0.,0.));
#7958=DIRECTION('ref_axis',(0.,-1.,0.));
#7959=DIRECTION('center_axis',(1.,0.,0.));
#7960=DIRECTION('ref_axis',(0.,-1.,0.));
#7961=DIRECTION('',(1.,0.,0.));
#7962=DIRECTION('center_axis',(-1.,0.,0.));
#7963=DIRECTION('ref_axis',(0.,-1.,0.));
#7964=DIRECTION('center_axis',(-1.,0.,0.));
#7965=DIRECTION('ref_axis',(0.,-1.,0.));
#7966=DIRECTION('',(0.,-1.,0.));
#7967=DIRECTION('',(0.,0.,-1.));
#7968=DIRECTION('',(0.,1.,0.));
#7969=DIRECTION('',(0.,0.,-1.));
#7970=DIRECTION('',(0.,-1.,0.));
#7971=DIRECTION('',(0.,0.,1.));
#7972=DIRECTION('',(0.,-1.,0.));
#7973=DIRECTION('',(0.,0.,1.));
#7974=DIRECTION('center_axis',(1.,0.,0.));
#7975=DIRECTION('ref_axis',(0.,1.,0.));
#7976=DIRECTION('',(0.,0.,1.));
#7977=DIRECTION('',(0.,1.,0.));
#7978=DIRECTION('',(0.,0.,1.));
#7979=DIRECTION('',(0.,1.,0.));
#7980=DIRECTION('',(0.,0.,1.));
#7981=DIRECTION('',(0.,1.,0.));
#7982=DIRECTION('',(0.,0.,1.));
#7983=DIRECTION('',(0.,0.,-1.));
#7984=DIRECTION('',(0.,1.,0.));
#7985=DIRECTION('',(0.,0.,1.));
#7986=DIRECTION('',(0.,-1.,0.));
#7987=DIRECTION('center_axis',(0.,-1.,0.));
#7988=DIRECTION('ref_axis',(0.,0.,-1.));
#7989=DIRECTION('',(-1.,0.,0.));
#7990=DIRECTION('',(-1.,0.,0.));
#7991=DIRECTION('',(0.,0.,1.));
#7992=DIRECTION('',(1.,0.,0.));
#7993=DIRECTION('center_axis',(0.,0.,1.));
#7994=DIRECTION('ref_axis',(1.,0.,0.));
#7995=DIRECTION('center_axis',(0.,0.,1.));
#7996=DIRECTION('ref_axis',(0.,1.,0.));
#7997=DIRECTION('',(-1.,0.,0.));
#7998=DIRECTION('center_axis',(0.,0.,1.));
#7999=DIRECTION('ref_axis',(1.,0.,0.));
#8000=DIRECTION('',(0.,1.,0.));
#8001=DIRECTION('center_axis',(0.,0.,1.));
#8002=DIRECTION('ref_axis',(0.,-1.,0.));
#8003=DIRECTION('center_axis',(0.,0.,1.));
#8004=DIRECTION('ref_axis',(-1.,0.,0.));
#8005=DIRECTION('',(0.,1.,0.));
#8006=DIRECTION('',(-1.,0.,0.));
#8007=DIRECTION('',(-0.976481642997996,-0.215600558644766,0.));
#8008=DIRECTION('',(-0.44026304172534,-0.897868840137997,0.));
#8009=DIRECTION('',(0.42748260969588,-0.904023571820779,0.));
#8010=DIRECTION('',(0.973325136960023,-0.229430115202327,0.));
#8011=DIRECTION('',(0.786233983878775,0.617928897684927,0.));
#8012=DIRECTION('',(0.00709260468633927,0.999974847163049,0.));
#8013=DIRECTION('',(-0.777389650497677,0.62901934095789,0.));
#8014=DIRECTION('',(-0.975090986245326,-0.221805249133373,0.));
#8015=DIRECTION('',(-0.4345449590592,-0.90065014215079,0.));
#8016=DIRECTION('',(0.433222285400261,-0.9012871082139,0.));
#8017=DIRECTION('',(0.974764312829194,-0.22323649888544,0.));
#8018=DIRECTION('',(0.782288931129413,0.622915747298461,0.));
#8019=DIRECTION('',(0.000734028503127329,0.999999730601042,0.));
#8020=DIRECTION('',(-0.78137361255747,0.624063520484004,0.));
#8021=DIRECTION('',(-0.974925478318121,-0.22253159714113,0.));
#8022=DIRECTION('',(-0.43387388481476,-0.900973613418144,0.));
#8023=DIRECTION('',(0.433893593368448,-0.900964122278915,0.));
#8024=DIRECTION('',(0.974930345928899,-0.222510270744873,0.));
#8025=DIRECTION('',(0.781824663050101,0.623498353042409,0.));
#8026=DIRECTION('',(-1.09374221406395E-5,0.999999999940186,0.));
#8027=DIRECTION('',(-0.78183830179243,0.623481250600473,0.));
#8028=DIRECTION('',(-0.977352484443357,-0.211617865862971,0.));
#8029=DIRECTION('',(-0.443919797087353,-0.896066523062838,0.));
#8030=DIRECTION('',(0.423793551789023,-0.905758811970408,0.));
#8031=DIRECTION('',(0.972381712355255,-0.233396241351617,0.));
#8032=DIRECTION('',(0.788746610545844,0.614718459420606,0.));
#8033=DIRECTION('',(0.0111692234966908,0.99993762227775,0.));
#8034=DIRECTION('',(-0.774818816656098,0.632183360549488,0.));
#8035=DIRECTION('center_axis',(0.,0.,1.));
#8036=DIRECTION('ref_axis',(1.,0.,0.));
#8037=DIRECTION('center_axis',(0.,0.,1.));
#8038=DIRECTION('ref_axis',(1.,0.,0.));
#8039=DIRECTION('center_axis',(0.,0.,1.));
#8040=DIRECTION('ref_axis',(1.,0.,0.));
#8041=DIRECTION('',(0.897835210003138,-0.440331620121267,0.));
#8042=DIRECTION('',(0.904056220523608,0.427413558667211,0.));
#8043=DIRECTION('',(0.229504457603687,0.973307610131575,0.));
#8044=DIRECTION('',(-0.617868842929555,0.786281179309853,0.));
#8045=DIRECTION('',(-0.999974302509366,0.00716898325473227,0.));
#8046=DIRECTION('',(-0.629078716541222,-0.777341603411813,0.));
#8047=DIRECTION('',(0.215525973849698,-0.976498107830291,0.));
#8048=DIRECTION('',(0.696756868364227,-0.717307372321849,0.));
#8049=DIRECTION('',(0.995234288087762,0.0975126238722278,0.));
#8050=DIRECTION('',(0.544279989801486,0.838903625395489,0.));
#8051=DIRECTION('',(-0.316528242093761,0.948583086480585,0.));
#8052=DIRECTION('',(-0.938984251692947,0.343960135877162,0.));
#8053=DIRECTION('',(-0.854365967979254,-0.519671812549875,0.));
#8054=DIRECTION('',(-0.126392684487518,-0.991980286753743,0.));
#8055=DIRECTION('',(0.997746666816775,0.0670938809133554,0.));
#8056=DIRECTION('',(0.569628763219781,0.821902106161496,0.));
#8057=DIRECTION('',(-0.287431217390903,0.957801281722458,0.));
#8058=DIRECTION('',(-0.928049628777917,0.372456556560856,0.));
#8059=DIRECTION('',(-0.869827740932727,-0.493355552420228,0.));
#8060=DIRECTION('',(-0.156607822912836,-0.987660867809645,0.));
#8061=DIRECTION('',(0.674540979977824,-0.738237405128294,0.));
#8062=DIRECTION('',(-0.994432841943692,0.105372305962206,0.));
#8063=DIRECTION('',(-0.702402121766798,-0.711780344865957,0.));
#8064=DIRECTION('',(0.118551722492621,-0.992947878337042,0.));
#8065=DIRECTION('',(0.850233701700671,-0.526405406974867,0.));
#8066=DIRECTION('',(0.941672361921316,0.336531072552789,0.));
#8067=DIRECTION('',(0.324012526999667,0.946052790465358,0.));
#8068=DIRECTION('',(-0.537635349403787,0.843177461197503,0.));
#8069=DIRECTION('center_axis',(0.,0.,1.));
#8070=DIRECTION('ref_axis',(1.,0.,0.));
#8071=DIRECTION('center_axis',(0.,0.,1.));
#8072=DIRECTION('ref_axis',(1.,0.,0.));
#8073=DIRECTION('',(0.,-1.,0.));
#8074=DIRECTION('center_axis',(0.,0.,1.));
#8075=DIRECTION('ref_axis',(1.,0.,0.));
#8076=DIRECTION('',(-1.,0.,0.));
#8077=DIRECTION('center_axis',(0.,0.,1.));
#8078=DIRECTION('ref_axis',(1.,0.,0.));
#8079=DIRECTION('',(-1.,0.,0.));
#8080=DIRECTION('center_axis',(0.,0.,-1.));
#8081=DIRECTION('ref_axis',(0.,-1.,0.));
#8082=DIRECTION('',(0.,-1.,0.));
#8083=DIRECTION('center_axis',(0.,0.,-1.));
#8084=DIRECTION('ref_axis',(1.,0.,0.));
#8085=DIRECTION('',(1.,0.,0.));
#8086=DIRECTION('center_axis',(0.,0.,1.));
#8087=DIRECTION('ref_axis',(1.,0.,0.));
#8088=DIRECTION('',(1.,0.,0.));
#8089=DIRECTION('center_axis',(0.,0.,1.));
#8090=DIRECTION('ref_axis',(1.,0.,0.));
#8091=DIRECTION('',(-1.,0.,0.));
#8092=DIRECTION('center_axis',(0.,0.,-1.));
#8093=DIRECTION('ref_axis',(1.,0.,0.));
#8094=DIRECTION('center_axis',(0.,0.,-1.));
#8095=DIRECTION('ref_axis',(1.,0.,0.));
#8096=DIRECTION('center_axis',(0.,0.,-1.));
#8097=DIRECTION('ref_axis',(1.,0.,0.));
#8098=DIRECTION('',(-0.897835210003138,0.440331620121267,0.));
#8099=DIRECTION('',(-0.215525973849698,0.976498107830291,0.));
#8100=DIRECTION('',(0.629078716541222,0.777341603411813,0.));
#8101=DIRECTION('',(0.999974302509366,-0.00716898325473227,0.));
#8102=DIRECTION('',(0.617868842929555,-0.786281179309853,0.));
#8103=DIRECTION('',(-0.229504457603687,-0.973307610131575,0.));
#8104=DIRECTION('',(-0.904056220523608,-0.427413558667211,0.));
#8105=DIRECTION('',(-0.696756868364227,0.717307372321849,0.));
#8106=DIRECTION('',(0.126392684487518,0.991980286753743,0.));
#8107=DIRECTION('',(0.854365967979254,0.519671812549875,0.));
#8108=DIRECTION('',(0.938984251692947,-0.343960135877162,0.));
#8109=DIRECTION('',(0.316528242093761,-0.948583086480585,0.));
#8110=DIRECTION('',(-0.544279989801486,-0.838903625395489,0.));
#8111=DIRECTION('',(-0.995234288087762,-0.0975126238722278,0.));
#8112=DIRECTION('',(-0.997746666816775,-0.0670938809133554,0.));
#8113=DIRECTION('',(-0.674540979977824,0.738237405128294,0.));
#8114=DIRECTION('',(0.156607822912836,0.987660867809645,0.));
#8115=DIRECTION('',(0.869827740932727,0.493355552420228,0.));
#8116=DIRECTION('',(0.928049628777917,-0.372456556560856,0.));
#8117=DIRECTION('',(0.287431217390903,-0.957801281722458,0.));
#8118=DIRECTION('',(-0.569628763219781,-0.821902106161496,0.));
#8119=DIRECTION('',(0.994432841943692,-0.105372305962206,0.));
#8120=DIRECTION('',(0.537635349403787,-0.843177461197503,0.));
#8121=DIRECTION('',(-0.324012526999667,-0.946052790465358,0.));
#8122=DIRECTION('',(-0.941672361921316,-0.336531072552789,0.));
#8123=DIRECTION('',(-0.850233701700671,0.526405406974867,0.));
#8124=DIRECTION('',(-0.118551722492621,0.992947878337042,0.));
#8125=DIRECTION('',(0.702402121766798,0.711780344865957,0.));
#8126=DIRECTION('center_axis',(0.,0.,-1.));
#8127=DIRECTION('ref_axis',(1.,0.,0.));
#8128=DIRECTION('center_axis',(0.,0.,1.));
#8129=DIRECTION('ref_axis',(1.,0.,0.));
#8130=DIRECTION('',(0.,0.,1.));
#8131=DIRECTION('center_axis',(0.,0.,1.));
#8132=DIRECTION('ref_axis',(1.,0.,0.));
#8133=DIRECTION('',(0.,0.,1.));
#8134=DIRECTION('center_axis',(-0.526405406974867,-0.850233701700671,0.));
#8135=DIRECTION('ref_axis',(0.850233701700671,-0.526405406974867,0.));
#8136=DIRECTION('',(0.,0.,1.));
#8137=DIRECTION('',(0.,0.,1.));
#8138=DIRECTION('center_axis',(-0.992947878337042,-0.118551722492621,0.));
#8139=DIRECTION('ref_axis',(0.118551722492621,-0.992947878337042,0.));
#8140=DIRECTION('',(0.,0.,1.));
#8141=DIRECTION('center_axis',(-0.711780344865957,0.702402121766798,0.));
#8142=DIRECTION('ref_axis',(-0.702402121766798,-0.711780344865957,0.));
#8143=DIRECTION('',(0.,0.,1.));
#8144=DIRECTION('center_axis',(0.105372305962206,0.994432841943692,0.));
#8145=DIRECTION('ref_axis',(-0.994432841943692,0.105372305962206,0.));
#8146=DIRECTION('',(0.,0.,1.));
#8147=DIRECTION('center_axis',(0.843177461197504,0.537635349403787,0.));
#8148=DIRECTION('ref_axis',(-0.537635349403787,0.843177461197503,0.));
#8149=DIRECTION('',(0.,0.,1.));
#8150=DIRECTION('center_axis',(0.946052790465358,-0.324012526999667,0.));
#8151=DIRECTION('ref_axis',(0.324012526999667,0.946052790465358,0.));
#8152=DIRECTION('',(0.,0.,1.));
#8153=DIRECTION('center_axis',(0.336531072552789,-0.941672361921316,0.));
#8154=DIRECTION('ref_axis',(0.941672361921316,0.336531072552789,0.));
#8155=DIRECTION('center_axis',(0.372456556560856,0.928049628777917,0.));
#8156=DIRECTION('ref_axis',(-0.928049628777917,0.372456556560856,0.));
#8157=DIRECTION('',(0.,0.,1.));
#8158=DIRECTION('',(0.,0.,1.));
#8159=DIRECTION('center_axis',(0.957801281722458,0.287431217390903,0.));
#8160=DIRECTION('ref_axis',(-0.287431217390903,0.957801281722458,0.));
#8161=DIRECTION('',(0.,0.,1.));
#8162=DIRECTION('center_axis',(0.821902106161496,-0.569628763219781,0.));
#8163=DIRECTION('ref_axis',(0.569628763219781,0.821902106161496,0.));
#8164=DIRECTION('',(0.,0.,1.));
#8165=DIRECTION('center_axis',(0.0670938809133554,-0.997746666816775,0.));
#8166=DIRECTION('ref_axis',(0.997746666816775,0.0670938809133554,0.));
#8167=DIRECTION('',(0.,0.,1.));
#8168=DIRECTION('center_axis',(-0.738237405128294,-0.674540979977824,0.));
#8169=DIRECTION('ref_axis',(0.674540979977824,-0.738237405128294,0.));
#8170=DIRECTION('',(0.,0.,1.));
#8171=DIRECTION('center_axis',(-0.987660867809645,0.156607822912836,0.));
#8172=DIRECTION('ref_axis',(-0.156607822912836,-0.987660867809645,0.));
#8173=DIRECTION('',(0.,0.,1.));
#8174=DIRECTION('center_axis',(-0.493355552420228,0.869827740932727,0.));
#8175=DIRECTION('ref_axis',(-0.869827740932727,-0.493355552420228,0.));
#8176=DIRECTION('center_axis',(0.948583086480585,0.316528242093761,0.));
#8177=DIRECTION('ref_axis',(-0.316528242093761,0.948583086480585,0.));
#8178=DIRECTION('',(0.,0.,1.));
#8179=DIRECTION('',(0.,0.,1.));
#8180=DIRECTION('center_axis',(0.838903625395489,-0.544279989801486,0.));
#8181=DIRECTION('ref_axis',(0.544279989801486,0.838903625395489,0.));
#8182=DIRECTION('',(0.,0.,1.));
#8183=DIRECTION('center_axis',(0.0975126238722278,-0.995234288087762,0.));
#8184=DIRECTION('ref_axis',(0.995234288087762,0.0975126238722278,0.));
#8185=DIRECTION('',(0.,0.,1.));
#8186=DIRECTION('center_axis',(-0.717307372321849,-0.696756868364227,0.));
#8187=DIRECTION('ref_axis',(0.696756868364227,-0.717307372321849,0.));
#8188=DIRECTION('',(0.,0.,1.));
#8189=DIRECTION('center_axis',(-0.991980286753743,0.126392684487518,0.));
#8190=DIRECTION('ref_axis',(-0.126392684487518,-0.991980286753743,0.));
#8191=DIRECTION('',(0.,0.,1.));
#8192=DIRECTION('center_axis',(-0.519671812549875,0.854365967979254,0.));
#8193=DIRECTION('ref_axis',(-0.854365967979254,-0.519671812549875,0.));
#8194=DIRECTION('',(0.,0.,1.));
#8195=DIRECTION('center_axis',(0.343960135877162,0.938984251692947,0.));
#8196=DIRECTION('ref_axis',(-0.938984251692947,0.343960135877162,0.));
#8197=DIRECTION('center_axis',(0.786281179309853,0.617868842929555,0.));
#8198=DIRECTION('ref_axis',(-0.617868842929555,0.786281179309853,0.));
#8199=DIRECTION('',(0.,0.,1.));
#8200=DIRECTION('',(0.,0.,1.));
#8201=DIRECTION('center_axis',(0.973307610131575,-0.229504457603687,0.));
#8202=DIRECTION('ref_axis',(0.229504457603687,0.973307610131575,0.));
#8203=DIRECTION('',(0.,0.,1.));
#8204=DIRECTION('center_axis',(0.427413558667211,-0.904056220523608,0.));
#8205=DIRECTION('ref_axis',(0.904056220523608,0.427413558667211,0.));
#8206=DIRECTION('',(0.,0.,1.));
#8207=DIRECTION('center_axis',(-0.440331620121267,-0.897835210003139,0.));
#8208=DIRECTION('ref_axis',(0.897835210003138,-0.440331620121267,0.));
#8209=DIRECTION('',(0.,0.,1.));
#8210=DIRECTION('center_axis',(-0.976498107830291,-0.215525973849698,0.));
#8211=DIRECTION('ref_axis',(0.215525973849698,-0.976498107830291,0.));
#8212=DIRECTION('',(0.,0.,1.));
#8213=DIRECTION('center_axis',(-0.777341603411813,0.629078716541222,0.));
#8214=DIRECTION('ref_axis',(-0.629078716541222,-0.777341603411813,0.));
#8215=DIRECTION('',(0.,0.,1.));
#8216=DIRECTION('center_axis',(0.00716898325473227,0.999974302509366,0.));
#8217=DIRECTION('ref_axis',(-0.999974302509366,0.00716898325473227,0.));
#8218=DIRECTION('center_axis',(0.,0.,1.));
#8219=DIRECTION('ref_axis',(1.,0.,0.));
#8220=DIRECTION('',(0.,0.,1.));
#8221=DIRECTION('center_axis',(0.,0.,1.));
#8222=DIRECTION('ref_axis',(1.,0.,0.));
#8223=DIRECTION('',(0.,0.,1.));
#8224=DIRECTION('center_axis',(0.,0.,1.));
#8225=DIRECTION('ref_axis',(1.,0.,0.));
#8226=DIRECTION('',(0.,0.,1.));
#8227=DIRECTION('center_axis',(0.,0.,1.));
#8228=DIRECTION('ref_axis',(1.,0.,0.));
#8229=DIRECTION('center_axis',(0.,0.,-1.));
#8230=DIRECTION('ref_axis',(0.,1.,0.));
#8231=DIRECTION('',(1.,0.,0.));
#8232=DIRECTION('center_axis',(0.,0.,-1.));
#8233=DIRECTION('ref_axis',(1.,0.,0.));
#8234=DIRECTION('',(1.,0.,0.));
#8235=DIRECTION('center_axis',(0.,0.,1.));
#8236=DIRECTION('ref_axis',(1.,0.,0.));
#8237=DIRECTION('',(-1.,0.,0.));
#8238=DIRECTION('center_axis',(0.,0.,1.));
#8239=DIRECTION('ref_axis',(0.,1.,0.));
#8240=DIRECTION('center_axis',(0.,0.,1.));
#8241=DIRECTION('ref_axis',(-1.,0.,0.));
#8242=DIRECTION('center_axis',(0.,0.,1.));
#8243=DIRECTION('ref_axis',(0.,-1.,0.));
#8244=DIRECTION('',(-1.,0.,0.));
#8245=DIRECTION('center_axis',(0.,0.,-1.));
#8246=DIRECTION('ref_axis',(0.,-1.,0.));
#8247=DIRECTION('',(-1.,0.,0.));
#8248=DIRECTION('center_axis',(0.,0.,-1.));
#8249=DIRECTION('ref_axis',(-1.,0.,0.));
#8250=DIRECTION('center_axis',(-1.,0.,0.));
#8251=DIRECTION('ref_axis',(0.,-1.,0.));
#8252=DIRECTION('',(0.,0.,-1.));
#8253=DIRECTION('center_axis',(0.622915747298461,-0.782288931129413,0.));
#8254=DIRECTION('ref_axis',(0.782288931129413,0.622915747298461,0.));
#8255=DIRECTION('',(0.,0.,1.));
#8256=DIRECTION('',(0.,0.,1.));
#8257=DIRECTION('center_axis',(-0.22323649888544,-0.974764312829194,0.));
#8258=DIRECTION('ref_axis',(0.974764312829194,-0.22323649888544,0.));
#8259=DIRECTION('',(0.,0.,1.));
#8260=DIRECTION('center_axis',(-0.9012871082139,-0.433222285400261,0.));
#8261=DIRECTION('ref_axis',(0.433222285400261,-0.9012871082139,0.));
#8262=DIRECTION('',(0.,0.,1.));
#8263=DIRECTION('center_axis',(-0.222510270744873,-0.974930345928899,0.));
#8264=DIRECTION('ref_axis',(0.974930345928899,-0.222510270744873,0.));
#8265=DIRECTION('',(0.,0.,1.));
#8266=DIRECTION('',(0.974930345928899,-0.222510270744873,0.));
#8267=DIRECTION('',(0.,0.,1.));
#8268=DIRECTION('center_axis',(-0.900964122278915,-0.433893593368448,0.));
#8269=DIRECTION('ref_axis',(0.433893593368448,-0.900964122278915,0.));
#8270=DIRECTION('',(0.,0.,1.));
#8271=DIRECTION('',(0.433893593368448,-0.900964122278915,0.));
#8272=DIRECTION('center_axis',(-0.900973613418144,0.433873884814761,0.));
#8273=DIRECTION('ref_axis',(-0.43387388481476,-0.900973613418145,0.));
#8274=DIRECTION('',(0.,0.,1.));
#8275=DIRECTION('',(-0.43387388481476,-0.900973613418144,0.));
#8276=DIRECTION('center_axis',(-0.22253159714113,0.974925478318121,0.));
#8277=DIRECTION('ref_axis',(-0.974925478318121,-0.22253159714113,0.));
#8278=DIRECTION('',(0.,0.,1.));
#8279=DIRECTION('',(-0.974925478318121,-0.22253159714113,0.));
#8280=DIRECTION('center_axis',(-0.233396241351617,-0.972381712355255,0.));
#8281=DIRECTION('ref_axis',(0.972381712355255,-0.233396241351617,0.));
#8282=DIRECTION('',(0.,0.,1.));
#8283=DIRECTION('',(0.972381712355255,-0.233396241351617,0.));
#8284=DIRECTION('',(0.,0.,1.));
#8285=DIRECTION('center_axis',(-0.905758811970408,-0.423793551789023,0.));
#8286=DIRECTION('ref_axis',(0.423793551789023,-0.905758811970408,0.));
#8287=DIRECTION('',(0.,0.,1.));
#8288=DIRECTION('',(0.423793551789023,-0.905758811970408,0.));
#8289=DIRECTION('center_axis',(-0.896066523062838,0.443919797087353,0.));
#8290=DIRECTION('ref_axis',(-0.443919797087353,-0.896066523062838,0.));
#8291=DIRECTION('',(0.,0.,1.));
#8292=DIRECTION('',(-0.443919797087353,-0.896066523062838,0.));
#8293=DIRECTION('center_axis',(-0.211617865862971,0.977352484443357,0.));
#8294=DIRECTION('ref_axis',(-0.977352484443357,-0.211617865862971,0.));
#8295=DIRECTION('',(0.,0.,1.));
#8296=DIRECTION('',(-0.977352484443357,-0.211617865862971,0.));
#8297=DIRECTION('center_axis',(0.617928897684927,-0.786233983878775,0.));
#8298=DIRECTION('ref_axis',(0.786233983878775,0.617928897684927,0.));
#8299=DIRECTION('',(0.,0.,1.));
#8300=DIRECTION('',(0.786233983878775,0.617928897684927,0.));
#8301=DIRECTION('',(0.,0.,1.));
#8302=DIRECTION('center_axis',(-0.229430115202327,-0.973325136960023,0.));
#8303=DIRECTION('ref_axis',(0.973325136960023,-0.229430115202327,0.));
#8304=DIRECTION('',(0.,0.,1.));
#8305=DIRECTION('',(0.973325136960023,-0.229430115202327,0.));
#8306=DIRECTION('center_axis',(-0.904023571820779,-0.42748260969588,0.));
#8307=DIRECTION('ref_axis',(0.42748260969588,-0.904023571820779,0.));
#8308=DIRECTION('',(0.,0.,1.));
#8309=DIRECTION('',(0.42748260969588,-0.904023571820779,0.));
#8310=DIRECTION('center_axis',(0.,-1.,0.));
#8311=DIRECTION('ref_axis',(1.,0.,0.));
#8312=DIRECTION('',(0.,0.,1.));
#8313=DIRECTION('',(0.,0.,1.));
#8314=DIRECTION('',(1.,0.,0.));
#8315=DIRECTION('',(0.,0.,-1.));
#8316=DIRECTION('',(0.,0.,1.));
#8317=DIRECTION('',(1.,0.,0.));
#8318=DIRECTION('',(0.,0.,-1.));
#8319=DIRECTION('center_axis',(0.,0.,1.));
#8320=DIRECTION('ref_axis',(1.,0.,0.));
#8321=DIRECTION('',(0.,0.,1.));
#8322=DIRECTION('center_axis',(0.,0.,1.));
#8323=DIRECTION('ref_axis',(1.,0.,0.));
#8324=DIRECTION('',(0.,0.,1.));
#8325=DIRECTION('center_axis',(0.,0.,1.));
#8326=DIRECTION('ref_axis',(0.,1.,0.));
#8327=DIRECTION('',(0.,0.,1.));
#8328=DIRECTION('center_axis',(-1.,0.,0.));
#8329=DIRECTION('ref_axis',(0.,-1.,0.));
#8330=DIRECTION('',(0.,0.,1.));
#8331=DIRECTION('',(0.,1.,0.));
#8332=DIRECTION('center_axis',(0.,-1.,0.));
#8333=DIRECTION('ref_axis',(1.,0.,0.));
#8334=DIRECTION('',(-1.,0.,0.));
#8335=DIRECTION('center_axis',(0.,0.,1.));
#8336=DIRECTION('ref_axis',(0.,-1.,0.));
#8337=DIRECTION('',(0.,0.,1.));
#8338=DIRECTION('',(0.,0.,-1.));
#8339=DIRECTION('center_axis',(0.,0.,1.));
#8340=DIRECTION('ref_axis',(0.,-1.,0.));
#8341=DIRECTION('center_axis',(0.,0.,1.));
#8342=DIRECTION('ref_axis',(6.12323399573677E-17,1.,0.));
#8343=DIRECTION('',(0.,0.,-1.));
#8344=DIRECTION('center_axis',(0.,0.,1.));
#8345=DIRECTION('ref_axis',(1.,0.,0.));
#8346=DIRECTION('',(0.,0.,1.));
#8347=DIRECTION('center_axis',(0.,1.,0.));
#8348=DIRECTION('ref_axis',(-1.,0.,0.));
#8349=DIRECTION('',(0.,0.,1.));
#8350=DIRECTION('',(-1.,0.,0.));
#8351=DIRECTION('center_axis',(0.,1.,0.));
#8352=DIRECTION('ref_axis',(1.,0.,0.));
#8353=DIRECTION('',(1.,0.,0.));
#8354=DIRECTION('',(0.,0.,-1.));
#8355=DIRECTION('center_axis',(0.,-1.,0.));
#8356=DIRECTION('ref_axis',(-1.,0.,0.));
#8357=DIRECTION('',(0.,0.,1.));
#8358=DIRECTION('',(-1.,0.,0.));
#8359=DIRECTION('center_axis',(0.,0.,1.));
#8360=DIRECTION('ref_axis',(-1.,0.,0.));
#8361=DIRECTION('',(0.,-1.,0.));
#8362=DIRECTION('center_axis',(0.,0.,-1.));
#8363=DIRECTION('ref_axis',(1.,0.,0.));
#8364=DIRECTION('center_axis',(0.,0.,-1.));
#8365=DIRECTION('ref_axis',(0.,-1.,0.));
#8366=DIRECTION('center_axis',(0.,0.,1.));
#8367=DIRECTION('ref_axis',(1.,0.,0.));
#8368=DIRECTION('',(0.,0.,1.));
#8369=DIRECTION('',(0.,0.,1.));
#8370=DIRECTION('center_axis',(1.,0.,0.));
#8371=DIRECTION('ref_axis',(0.,1.,0.));
#8372=DIRECTION('',(0.,0.,1.));
#8373=DIRECTION('center_axis',(0.614718459420606,-0.788746610545844,0.));
#8374=DIRECTION('ref_axis',(0.788746610545844,0.614718459420606,0.));
#8375=DIRECTION('',(0.788746610545844,0.614718459420606,0.));
#8376=DIRECTION('',(0.,0.,1.));
#8377=DIRECTION('center_axis',(0.99993762227775,-0.0111692234966908,0.));
#8378=DIRECTION('ref_axis',(0.0111692234966908,0.99993762227775,0.));
#8379=DIRECTION('',(0.0111692234966908,0.99993762227775,0.));
#8380=DIRECTION('',(0.,0.,1.));
#8381=DIRECTION('center_axis',(0.632183360549488,0.774818816656098,0.));
#8382=DIRECTION('ref_axis',(-0.774818816656098,0.632183360549488,0.));
#8383=DIRECTION('',(-0.774818816656098,0.632183360549488,0.));
#8384=DIRECTION('center_axis',(0.,0.,1.));
#8385=DIRECTION('ref_axis',(-1.83697019872103E-16,-1.,0.));
#8386=DIRECTION('center_axis',(0.,0.,1.));
#8387=DIRECTION('ref_axis',(1.,0.,0.));
#8388=DIRECTION('center_axis',(0.,0.,1.));
#8389=DIRECTION('ref_axis',(1.,0.,0.));
#8390=DIRECTION('center_axis',(0.,0.,1.));
#8391=DIRECTION('ref_axis',(1.,0.,0.));
#8392=DIRECTION('center_axis',(0.,0.,-1.));
#8393=DIRECTION('ref_axis',(0.,1.,0.));
#8394=DIRECTION('center_axis',(0.,0.,1.));
#8395=DIRECTION('ref_axis',(1.,0.,0.));
#8396=DIRECTION('',(-0.78183830179243,0.623481250600473,0.));
#8397=DIRECTION('',(-1.09374221406395E-5,0.999999999940186,0.));
#8398=DIRECTION('',(0.781824663050101,0.623498353042409,0.));
#8399=DIRECTION('center_axis',(0.623498353042409,-0.781824663050101,0.));
#8400=DIRECTION('ref_axis',(0.781824663050101,0.623498353042409,0.));
#8401=DIRECTION('',(0.,0.,1.));
#8402=DIRECTION('center_axis',(0.999999999940186,1.09374221406395E-5,0.));
#8403=DIRECTION('ref_axis',(-1.09374221406395E-5,0.999999999940186,0.));
#8404=DIRECTION('',(0.,0.,1.));
#8405=DIRECTION('center_axis',(0.623481250600473,0.78183830179243,0.));
#8406=DIRECTION('ref_axis',(-0.78183830179243,0.623481250600473,0.));
#8407=DIRECTION('center_axis',(0.,0.,1.));
#8408=DIRECTION('ref_axis',(1.,0.,0.));
#8409=DIRECTION('center_axis',(-0.897868840137997,0.44026304172534,0.));
#8410=DIRECTION('ref_axis',(-0.44026304172534,-0.897868840137997,0.));
#8411=DIRECTION('',(0.,0.,1.));
#8412=DIRECTION('',(-0.44026304172534,-0.897868840137997,0.));
#8413=DIRECTION('center_axis',(0.999974847163049,-0.00709260468633927,0.));
#8414=DIRECTION('ref_axis',(0.00709260468633927,0.999974847163049,0.));
#8415=DIRECTION('',(0.00709260468633927,0.999974847163049,0.));
#8416=DIRECTION('',(0.,0.,1.));
#8417=DIRECTION('center_axis',(0.62901934095789,0.777389650497678,0.));
#8418=DIRECTION('ref_axis',(-0.777389650497678,0.62901934095789,0.));
#8419=DIRECTION('',(-0.777389650497677,0.62901934095789,0.));
#8420=DIRECTION('',(0.,0.,1.));
#8421=DIRECTION('center_axis',(-0.215600558644766,0.976481642997996,0.));
#8422=DIRECTION('ref_axis',(-0.976481642997996,-0.215600558644766,0.));
#8423=DIRECTION('',(-0.976481642997996,-0.215600558644766,0.));
#8424=DIRECTION('center_axis',(0.,0.,1.));
#8425=DIRECTION('ref_axis',(1.,0.,0.));
#8426=DIRECTION('center_axis',(-0.90065014215079,0.4345449590592,0.));
#8427=DIRECTION('ref_axis',(-0.4345449590592,-0.90065014215079,0.));
#8428=DIRECTION('',(0.,0.,1.));
#8429=DIRECTION('center_axis',(0.999999730601042,-0.000734028503127329,
0.));
#8430=DIRECTION('ref_axis',(0.000734028503127329,0.999999730601042,0.));
#8431=DIRECTION('',(0.,0.,1.));
#8432=DIRECTION('center_axis',(0.624063520484004,0.78137361255747,0.));
#8433=DIRECTION('ref_axis',(-0.78137361255747,0.624063520484004,0.));
#8434=DIRECTION('',(0.,0.,1.));
#8435=DIRECTION('center_axis',(-0.221805249133373,0.975090986245326,0.));
#8436=DIRECTION('ref_axis',(-0.975090986245326,-0.221805249133373,0.));
#8437=DIRECTION('center_axis',(0.,0.,1.));
#8438=DIRECTION('ref_axis',(-1.,0.,0.));
#8439=DIRECTION('center_axis',(0.,0.,-1.));
#8440=DIRECTION('ref_axis',(1.,0.,0.));
#8441=DIRECTION('center_axis',(0.,0.,1.));
#8442=DIRECTION('ref_axis',(0.,1.,0.));
#8443=DIRECTION('center_axis',(0.,1.,0.));
#8444=DIRECTION('ref_axis',(-1.,0.,0.));
#8445=DIRECTION('center_axis',(0.,0.,1.));
#8446=DIRECTION('ref_axis',(0.,-1.,0.));
#8447=DIRECTION('center_axis',(0.,0.,1.));
#8448=DIRECTION('ref_axis',(-1.,0.,0.));
#8449=DIRECTION('center_axis',(0.,1.,0.));
#8450=DIRECTION('ref_axis',(-1.,0.,0.));
#8451=DIRECTION('',(0.,0.,1.));
#8452=DIRECTION('',(-1.,0.,0.));
#8453=DIRECTION('',(0.,0.,1.));
#8454=DIRECTION('',(-1.,0.,0.));
#8455=DIRECTION('center_axis',(0.,-1.,0.));
#8456=DIRECTION('ref_axis',(1.,0.,0.));
#8457=DIRECTION('',(-1.,0.,0.));
#8458=DIRECTION('',(0.,0.,1.));
#8459=DIRECTION('',(1.,0.,0.));
#8460=DIRECTION('',(0.,0.,1.));
#8461=DIRECTION('',(-1.,0.,0.));
#8462=DIRECTION('',(0.,0.,1.));
#8463=DIRECTION('center_axis',(1.,0.,0.));
#8464=DIRECTION('ref_axis',(0.,-1.,0.));
#8465=DIRECTION('',(0.,-1.,0.));
#8466=DIRECTION('',(0.,-1.,0.));
#8467=DIRECTION('',(0.,0.,-1.));
#8468=DIRECTION('center_axis',(-1.,0.,0.));
#8469=DIRECTION('ref_axis',(0.,1.,0.));
#8470=DIRECTION('',(0.,1.,0.));
#8471=DIRECTION('',(0.,1.,0.));
#8472=DIRECTION('',(0.,0.,-1.));
#8473=DIRECTION('center_axis',(0.,-1.,0.));
#8474=DIRECTION('ref_axis',(1.,0.,0.));
#8475=DIRECTION('',(-1.,0.,0.));
#8476=DIRECTION('',(0.,0.,1.));
#8477=DIRECTION('',(-1.,0.,0.));
#8478=DIRECTION('',(0.,0.,1.));
#8479=DIRECTION('',(1.,0.,0.));
#8480=DIRECTION('center_axis',(-1.,0.,0.));
#8481=DIRECTION('ref_axis',(0.,-1.,0.));
#8482=DIRECTION('',(0.,1.,0.));
#8483=DIRECTION('',(0.,0.,1.));
#8484=DIRECTION('',(0.,1.,0.));
#8485=DIRECTION('center_axis',(0.,1.,0.));
#8486=DIRECTION('ref_axis',(-1.,0.,0.));
#8487=DIRECTION('',(-1.,0.,0.));
#8488=DIRECTION('',(0.,0.,1.));
#8489=DIRECTION('',(-1.,0.,0.));
#8490=DIRECTION('center_axis',(1.,0.,0.));
#8491=DIRECTION('ref_axis',(0.,1.,0.));
#8492=DIRECTION('',(0.,-1.,0.));
#8493=DIRECTION('',(0.,-1.,0.));
#8494=DIRECTION('',(0.,0.,1.));
#8495=DIRECTION('center_axis',(0.,0.,1.));
#8496=DIRECTION('ref_axis',(-1.,0.,0.));
#8497=DIRECTION('center_axis',(0.,0.,1.));
#8498=DIRECTION('ref_axis',(-1.,0.,0.));
#8499=DIRECTION('',(0.,0.,1.));
#8500=DIRECTION('center_axis',(0.,0.,-1.));
#8501=DIRECTION('ref_axis',(-1.,0.,0.));
#8502=DIRECTION('center_axis',(0.,0.,1.));
#8503=DIRECTION('ref_axis',(-1.,0.,0.));
#8504=DIRECTION('center_axis',(0.,0.,1.));
#8505=DIRECTION('ref_axis',(-1.,0.,0.));
#8506=DIRECTION('',(0.,0.,1.));
#8507=DIRECTION('center_axis',(0.,0.,-1.));
#8508=DIRECTION('ref_axis',(-1.,0.,0.));
#8509=DIRECTION('center_axis',(0.,0.,1.));
#8510=DIRECTION('ref_axis',(-1.,0.,0.));
#8511=DIRECTION('center_axis',(0.,0.,1.));
#8512=DIRECTION('ref_axis',(-1.,0.,0.));
#8513=DIRECTION('',(0.,0.,1.));
#8514=DIRECTION('center_axis',(0.,0.,-1.));
#8515=DIRECTION('ref_axis',(-1.,0.,0.));
#8516=DIRECTION('center_axis',(0.,0.,1.));
#8517=DIRECTION('ref_axis',(-1.,0.,0.));
#8518=DIRECTION('center_axis',(0.,0.,1.));
#8519=DIRECTION('ref_axis',(-1.,0.,0.));
#8520=DIRECTION('',(0.,0.,1.));
#8521=DIRECTION('center_axis',(0.,0.,-1.));
#8522=DIRECTION('ref_axis',(-1.,0.,0.));
#8523=DIRECTION('center_axis',(0.,0.,1.));
#8524=DIRECTION('ref_axis',(-1.,0.,0.));
#8525=DIRECTION('center_axis',(0.,0.,-1.));
#8526=DIRECTION('ref_axis',(-1.,0.,0.));
#8527=DIRECTION('',(0.,0.,-1.));
#8528=DIRECTION('center_axis',(0.,0.,-1.));
#8529=DIRECTION('ref_axis',(-1.,0.,0.));
#8530=DIRECTION('center_axis',(0.,0.,1.));
#8531=DIRECTION('ref_axis',(-1.,0.,0.));
#8532=DIRECTION('center_axis',(0.,0.,-1.));
#8533=DIRECTION('ref_axis',(-1.,0.,0.));
#8534=DIRECTION('',(0.,0.,-1.));
#8535=DIRECTION('center_axis',(0.,0.,-1.));
#8536=DIRECTION('ref_axis',(-1.,0.,0.));
#8537=DIRECTION('center_axis',(0.,0.,1.));
#8538=DIRECTION('ref_axis',(-1.,0.,0.));
#8539=DIRECTION('center_axis',(0.,0.,-1.));
#8540=DIRECTION('ref_axis',(-1.,0.,0.));
#8541=DIRECTION('',(0.,0.,-1.));
#8542=DIRECTION('center_axis',(0.,0.,-1.));
#8543=DIRECTION('ref_axis',(-1.,0.,0.));
#8544=DIRECTION('center_axis',(0.,0.,1.));
#8545=DIRECTION('ref_axis',(-1.,0.,0.));
#8546=DIRECTION('center_axis',(0.,0.,-1.));
#8547=DIRECTION('ref_axis',(-1.,0.,0.));
#8548=DIRECTION('',(0.,0.,-1.));
#8549=DIRECTION('center_axis',(0.,0.,-1.));
#8550=DIRECTION('ref_axis',(-1.,0.,0.));
#8551=DIRECTION('center_axis',(-0.987170512536964,0.159669593778867,0.));
#8552=DIRECTION('ref_axis',(-0.159669593778867,-0.987170512536964,0.));
#8553=DIRECTION('',(0.159669593778867,0.987170512536964,0.));
#8554=DIRECTION('',(-0.159669593778867,-0.987170512536964,0.));
#8555=DIRECTION('',(0.,0.,1.));
#8556=DIRECTION('center_axis',(0.,0.,1.));
#8557=DIRECTION('ref_axis',(-0.987170512536965,0.159669593778861,0.));
#8558=DIRECTION('center_axis',(1.22464679914735E-16,0.,-1.));
#8559=DIRECTION('ref_axis',(-0.987170512536965,0.159669593778861,-1.20893520839105E-16));
#8560=DIRECTION('center_axis',(-1.22464679914735E-16,0.,1.));
#8561=DIRECTION('ref_axis',(-0.987170512536965,0.159669593778861,-1.20893520839105E-16));
#8562=DIRECTION('',(0.,0.,1.));
#8563=DIRECTION('center_axis',(-0.641555200491107,0.767076870152409,0.));
#8564=DIRECTION('ref_axis',(-0.767076870152409,-0.641555200491107,-7.66395752546521E-16));
#8565=DIRECTION('',(0.767076870152409,0.641555200491107,7.66395752546521E-16));
#8566=DIRECTION('',(-0.767076870152409,-0.641555200491107,-7.66395752546521E-16));
#8567=DIRECTION('',(0.,0.,1.));
#8568=DIRECTION('center_axis',(-0.415662498295691,0.909518931914331,0.));
#8569=DIRECTION('ref_axis',(-0.909518931914331,-0.415662498295691,-7.39169136592315E-17));
#8570=DIRECTION('',(0.909518931914331,0.415662498295691,7.39169136592315E-17));
#8571=DIRECTION('',(-0.909518931914331,-0.415662498295691,-7.39169136592315E-17));
#8572=DIRECTION('',(0.,0.,1.));
#8573=DIRECTION('center_axis',(-0.990118756080831,0.140231411805442,0.));
#8574=DIRECTION('ref_axis',(-0.140231411805442,-0.990118756080831,0.));
#8575=DIRECTION('',(0.140231411805442,0.990118756080831,0.));
#8576=DIRECTION('',(-0.140231411805442,-0.990118756080831,0.));
#8577=DIRECTION('',(0.,0.,1.));
#8578=DIRECTION('center_axis',(-0.806575019527351,-0.591131743247183,0.));
#8579=DIRECTION('ref_axis',(0.591131743247183,-0.806575019527351,0.));
#8580=DIRECTION('',(-0.591131743247183,0.806575019527351,0.));
#8581=DIRECTION('',(0.591131743247183,-0.806575019527351,0.));
#8582=DIRECTION('',(0.,0.,1.));
#8583=DIRECTION('center_axis',(0.,0.,1.));
#8584=DIRECTION('ref_axis',(0.000385143683814402,0.999999925832169,0.));
#8585=DIRECTION('center_axis',(0.,0.,1.));
#8586=DIRECTION('ref_axis',(-1.,0.,0.));
#8587=DIRECTION('center_axis',(0.,0.,-1.));
#8588=DIRECTION('ref_axis',(-1.,0.,0.));
#8589=DIRECTION('',(0.,0.,1.));
#8590=DIRECTION('center_axis',(0.806575019527351,-0.591131743247183,0.));
#8591=DIRECTION('ref_axis',(0.591131743247183,0.806575019527351,0.));
#8592=DIRECTION('',(0.591131743247183,0.806575019527351,0.));
#8593=DIRECTION('',(0.591131743247183,0.806575019527351,0.));
#8594=DIRECTION('',(0.,0.,1.));
#8595=DIRECTION('center_axis',(0.990118756080831,0.140231411805442,0.));
#8596=DIRECTION('ref_axis',(-0.140231411805442,0.990118756080831,0.));
#8597=DIRECTION('',(-0.140231411805442,0.990118756080831,0.));
#8598=DIRECTION('',(-0.140231411805442,0.990118756080831,0.));
#8599=DIRECTION('',(0.,0.,1.));
#8600=DIRECTION('center_axis',(0.415662498295691,0.909518931914331,0.));
#8601=DIRECTION('ref_axis',(-0.909518931914331,0.415662498295691,0.));
#8602=DIRECTION('',(-0.909518931914331,0.415662498295691,0.));
#8603=DIRECTION('',(-0.909518931914331,0.415662498295691,0.));
#8604=DIRECTION('',(0.,0.,1.));
#8605=DIRECTION('center_axis',(0.641555200491107,0.767076870152409,0.));
#8606=DIRECTION('ref_axis',(-0.767076870152409,0.641555200491107,0.));
#8607=DIRECTION('',(-0.767076870152409,0.641555200491107,0.));
#8608=DIRECTION('',(-0.767076870152409,0.641555200491107,0.));
#8609=DIRECTION('',(0.,0.,1.));
#8610=DIRECTION('center_axis',(0.,0.,1.));
#8611=DIRECTION('ref_axis',(0.987170512536965,0.159669593778861,0.));
#8612=DIRECTION('center_axis',(0.,0.,1.));
#8613=DIRECTION('ref_axis',(0.987170512536965,0.159669593778861,0.));
#8614=DIRECTION('center_axis',(0.,0.,1.));
#8615=DIRECTION('ref_axis',(0.987170512536965,0.159669593778861,0.));
#8616=DIRECTION('',(0.,0.,1.));
#8617=DIRECTION('center_axis',(0.987170512536964,0.159669593778867,0.));
#8618=DIRECTION('ref_axis',(-0.159669593778867,0.987170512536964,0.));
#8619=DIRECTION('',(-0.159669593778867,0.987170512536964,0.));
#8620=DIRECTION('',(-0.159669593778867,0.987170512536964,0.));
#8621=DIRECTION('center_axis',(0.,0.,1.));
#8622=DIRECTION('ref_axis',(-1.,0.,0.));
#8623=DIRECTION('center_axis',(0.,0.,-1.));
#8624=DIRECTION('ref_axis',(0.,-1.,0.));
#8625=DIRECTION('',(0.,-1.,0.));
#8626=DIRECTION('center_axis',(0.,0.,-1.));
#8627=DIRECTION('ref_axis',(1.,0.,0.));
#8628=DIRECTION('',(1.,2.03437491189239E-16,0.));
#8629=DIRECTION('center_axis',(0.,0.,-1.));
#8630=DIRECTION('ref_axis',(0.,1.,0.));
#8631=DIRECTION('',(0.,1.,0.));
#8632=DIRECTION('center_axis',(0.,0.,-1.));
#8633=DIRECTION('ref_axis',(-1.,-2.2204460492503E-15,0.));
#8634=DIRECTION('center_axis',(1.,0.,0.));
#8635=DIRECTION('ref_axis',(0.,1.,0.));
#8636=DIRECTION('',(0.,0.,1.));
#8637=DIRECTION('',(0.,1.,0.));
#8638=DIRECTION('',(0.,0.,1.));
#8639=DIRECTION('center_axis',(0.,0.,1.));
#8640=DIRECTION('ref_axis',(0.,1.,0.));
#8641=DIRECTION('',(0.,0.,1.));
#8642=DIRECTION('center_axis',(0.,0.,-1.));
#8643=DIRECTION('ref_axis',(0.,1.,0.));
#8644=DIRECTION('center_axis',(2.03437491189239E-16,-1.,0.));
#8645=DIRECTION('ref_axis',(1.,2.03437491189239E-16,0.));
#8646=DIRECTION('',(0.,0.,1.));
#8647=DIRECTION('',(1.,2.03437491189239E-16,0.));
#8648=DIRECTION('center_axis',(0.,0.,1.));
#8649=DIRECTION('ref_axis',(1.,0.,0.));
#8650=DIRECTION('',(0.,0.,1.));
#8651=DIRECTION('center_axis',(0.,0.,-1.));
#8652=DIRECTION('ref_axis',(1.,0.,0.));
#8653=DIRECTION('center_axis',(-1.,0.,0.));
#8654=DIRECTION('ref_axis',(0.,-1.,0.));
#8655=DIRECTION('',(0.,0.,1.));
#8656=DIRECTION('',(0.,-1.,0.));
#8657=DIRECTION('center_axis',(0.,0.,1.));
#8658=DIRECTION('ref_axis',(0.,-1.,0.));
#8659=DIRECTION('center_axis',(0.,0.,-1.));
#8660=DIRECTION('ref_axis',(0.,-1.,0.));
#8661=DIRECTION('center_axis',(0.,0.,1.));
#8662=DIRECTION('ref_axis',(0.,-1.,0.));
#8663=DIRECTION('',(0.,0.,1.));
#8664=DIRECTION('center_axis',(0.,0.,1.));
#8665=DIRECTION('ref_axis',(0.,-1.,0.));
#8666=DIRECTION('center_axis',(0.,0.,1.));
#8667=DIRECTION('ref_axis',(0.,-1.,0.));
#8668=DIRECTION('center_axis',(0.,0.,1.));
#8669=DIRECTION('ref_axis',(-1.,2.22044604925031E-15,0.));
#8670=DIRECTION('center_axis',(0.,0.,1.));
#8671=DIRECTION('ref_axis',(-1.,2.22044604925031E-15,0.));
#8672=DIRECTION('',(0.,0.,1.));
#8673=DIRECTION('center_axis',(0.,0.,1.));
#8674=DIRECTION('ref_axis',(-1.,2.22044604925031E-15,0.));
#8675=DIRECTION('center_axis',(-1.,0.,0.));
#8676=DIRECTION('ref_axis',(0.,-1.,0.));
#8677=DIRECTION('',(0.,-1.,0.));
#8678=DIRECTION('',(0.,0.,1.));
#8679=DIRECTION('',(0.,1.,0.));
#8680=DIRECTION('center_axis',(0.,0.,1.));
#8681=DIRECTION('ref_axis',(4.44089209850063E-15,1.,0.));
#8682=DIRECTION('center_axis',(0.,0.,1.));
#8683=DIRECTION('ref_axis',(4.44089209850063E-15,1.,0.));
#8684=DIRECTION('',(0.,0.,1.));
#8685=DIRECTION('center_axis',(0.,0.,1.));
#8686=DIRECTION('ref_axis',(4.44089209850063E-15,1.,0.));
#8687=DIRECTION('center_axis',(0.,1.,0.));
#8688=DIRECTION('ref_axis',(-1.,0.,0.));
#8689=DIRECTION('',(-1.,0.,0.));
#8690=DIRECTION('',(0.,0.,1.));
#8691=DIRECTION('',(1.,0.,0.));
#8692=DIRECTION('center_axis',(0.,0.,1.));
#8693=DIRECTION('ref_axis',(1.,0.,0.));
#8694=DIRECTION('center_axis',(0.,0.,1.));
#8695=DIRECTION('ref_axis',(1.,0.,0.));
#8696=DIRECTION('',(0.,0.,1.));
#8697=DIRECTION('center_axis',(0.,0.,1.));
#8698=DIRECTION('ref_axis',(1.,0.,0.));
#8699=DIRECTION('center_axis',(1.,0.,0.));
#8700=DIRECTION('ref_axis',(0.,1.,0.));
#8701=DIRECTION('',(0.,1.,0.));
#8702=DIRECTION('',(0.,-1.,0.));
#8703=DIRECTION('center_axis',(0.,0.,1.));
#8704=DIRECTION('ref_axis',(-1.,-2.2204460492503E-15,0.));
#8705=DIRECTION('center_axis',(0.,0.,-1.));
#8706=DIRECTION('ref_axis',(-1.,-2.2204460492503E-15,0.));
#8707=DIRECTION('center_axis',(0.,0.,1.));
#8708=DIRECTION('ref_axis',(-1.,0.,0.));
#8709=DIRECTION('center_axis',(0.,0.,1.));
#8710=DIRECTION('ref_axis',(-1.,0.,0.));
#8711=DIRECTION('center_axis',(0.,-1.,0.));
#8712=DIRECTION('ref_axis',(1.,0.,0.));
#8713=DIRECTION('',(1.,0.,0.));
#8714=DIRECTION('',(0.,0.,-1.));
#8715=DIRECTION('',(1.,0.,0.));
#8716=DIRECTION('',(0.,0.,1.));
#8717=DIRECTION('center_axis',(-1.,0.,0.));
#8718=DIRECTION('ref_axis',(0.,1.,0.));
#8719=DIRECTION('',(0.,1.,0.));
#8720=DIRECTION('',(0.,0.,-1.));
#8721=DIRECTION('',(0.,1.,0.));
#8722=DIRECTION('',(0.,0.,1.));
#8723=DIRECTION('',(0.,1.,0.));
#8724=DIRECTION('',(0.,0.,1.));
#8725=DIRECTION('',(0.,1.,0.));
#8726=DIRECTION('center_axis',(0.,0.,1.));
#8727=DIRECTION('ref_axis',(-1.,0.,0.));
#8728=DIRECTION('',(1.,0.,0.));
#8729=DIRECTION('center_axis',(0.,0.,1.));
#8730=DIRECTION('ref_axis',(5.92118946466745E-15,-1.,0.));
#8731=DIRECTION('',(0.,1.,0.));
#8732=DIRECTION('center_axis',(0.,0.,1.));
#8733=DIRECTION('ref_axis',(1.,8.88178419700118E-15,0.));
#8734=DIRECTION('',(-1.,0.,0.));
#8735=DIRECTION('center_axis',(0.,0.,1.));
#8736=DIRECTION('ref_axis',(-1.18423789293349E-14,1.,0.));
#8737=DIRECTION('',(0.,-1.,0.));
#8738=DIRECTION('center_axis',(0.,0.,1.));
#8739=DIRECTION('ref_axis',(-1.,-8.88178419700118E-15,0.));
#8740=DIRECTION('',(1.,0.,0.));
#8741=DIRECTION('',(0.,-1.,0.));
#8742=DIRECTION('center_axis',(0.,0.,-1.));
#8743=DIRECTION('ref_axis',(-1.,0.,0.));
#8744=DIRECTION('center_axis',(0.,0.,-1.));
#8745=DIRECTION('ref_axis',(-1.,0.,0.));
#8746=DIRECTION('center_axis',(0.,0.,-1.));
#8747=DIRECTION('ref_axis',(-1.,0.,0.));
#8748=DIRECTION('center_axis',(0.,0.,-1.));
#8749=DIRECTION('ref_axis',(-1.,0.,0.));
#8750=DIRECTION('center_axis',(0.,0.,-1.));
#8751=DIRECTION('ref_axis',(-1.,0.,0.));
#8752=DIRECTION('center_axis',(0.,0.,-1.));
#8753=DIRECTION('ref_axis',(-1.,0.,0.));
#8754=DIRECTION('center_axis',(0.,0.,-1.));
#8755=DIRECTION('ref_axis',(-1.,0.,0.));
#8756=DIRECTION('center_axis',(0.,0.,-1.));
#8757=DIRECTION('ref_axis',(-1.,0.,0.));
#8758=DIRECTION('center_axis',(0.,0.,1.));
#8759=DIRECTION('ref_axis',(-1.,0.,0.));
#8760=DIRECTION('',(-1.,0.,0.));
#8761=DIRECTION('center_axis',(0.,0.,1.));
#8762=DIRECTION('ref_axis',(-1.,2.22044604925031E-15,0.));
#8763=DIRECTION('',(0.,1.,0.));
#8764=DIRECTION('center_axis',(0.,0.,1.));
#8765=DIRECTION('ref_axis',(4.44089209850063E-15,1.,0.));
#8766=DIRECTION('',(1.,0.,0.));
#8767=DIRECTION('center_axis',(0.,0.,1.));
#8768=DIRECTION('ref_axis',(1.,0.,0.));
#8769=DIRECTION('',(0.,-1.,0.));
#8770=DIRECTION('center_axis',(0.,0.,1.));
#8771=DIRECTION('ref_axis',(0.,-1.,0.));
#8772=DIRECTION('',(-1.,0.,0.));
#8773=DIRECTION('',(0.,1.,0.));
#8774=DIRECTION('center_axis',(0.,0.,1.));
#8775=DIRECTION('ref_axis',(-1.,0.,0.));
#8776=DIRECTION('center_axis',(0.,0.,1.));
#8777=DIRECTION('ref_axis',(-1.,0.,0.));
#8778=DIRECTION('center_axis',(0.,0.,1.));
#8779=DIRECTION('ref_axis',(-1.,0.,0.));
#8780=DIRECTION('center_axis',(0.,0.,1.));
#8781=DIRECTION('ref_axis',(-1.,0.,0.));
#8782=DIRECTION('center_axis',(0.,0.,-1.));
#8783=DIRECTION('ref_axis',(-1.,0.,0.));
#8784=DIRECTION('center_axis',(0.,0.,-1.));
#8785=DIRECTION('ref_axis',(-1.,0.,0.));
#8786=DIRECTION('center_axis',(0.,0.,-1.));
#8787=DIRECTION('ref_axis',(-1.,0.,0.));
#8788=DIRECTION('center_axis',(0.,0.,-1.));
#8789=DIRECTION('ref_axis',(-1.,0.,0.));
#8790=DIRECTION('center_axis',(-1.,0.,0.));
#8791=DIRECTION('ref_axis',(0.,-1.,0.));
#8792=DIRECTION('',(0.,0.,1.));
#8793=DIRECTION('',(0.,1.,0.));
#8794=DIRECTION('',(0.,0.,1.));
#8795=DIRECTION('',(0.,1.,0.));
#8796=DIRECTION('',(0.,0.,-1.));
#8797=DIRECTION('center_axis',(0.,0.,1.));
#8798=DIRECTION('ref_axis',(-1.,0.,0.));
#8799=DIRECTION('center_axis',(0.,0.,1.));
#8800=DIRECTION('ref_axis',(-1.,0.,0.));
#8801=DIRECTION('center_axis',(0.,0.,-1.));
#8802=DIRECTION('ref_axis',(-1.,0.,0.));
#8803=DIRECTION('center_axis',(0.,0.,1.));
#8804=DIRECTION('ref_axis',(-1.,0.,0.));
#8805=DIRECTION('center_axis',(0.,0.,1.));
#8806=DIRECTION('ref_axis',(-1.,0.,0.));
#8807=DIRECTION('center_axis',(0.,0.,-1.));
#8808=DIRECTION('ref_axis',(-1.,0.,0.));
#8809=DIRECTION('center_axis',(0.,0.,1.));
#8810=DIRECTION('ref_axis',(-1.,0.,0.));
#8811=DIRECTION('center_axis',(0.,0.,1.));
#8812=DIRECTION('ref_axis',(-1.,0.,0.));
#8813=DIRECTION('center_axis',(0.,0.,-1.));
#8814=DIRECTION('ref_axis',(-1.,0.,0.));
#8815=DIRECTION('center_axis',(0.,0.,1.));
#8816=DIRECTION('ref_axis',(-1.,0.,0.));
#8817=DIRECTION('center_axis',(0.,0.,1.));
#8818=DIRECTION('ref_axis',(-1.,0.,0.));
#8819=DIRECTION('center_axis',(0.,0.,-1.));
#8820=DIRECTION('ref_axis',(-1.,0.,0.));
#8821=DIRECTION('center_axis',(0.,-1.,0.));
#8822=DIRECTION('ref_axis',(1.,0.,0.));
#8823=DIRECTION('',(1.,0.,0.));
#8824=DIRECTION('',(0.,0.,1.));
#8825=DIRECTION('',(1.,0.,0.));
#8826=DIRECTION('center_axis',(0.,0.,1.));
#8827=DIRECTION('ref_axis',(4.44089209850062E-15,-1.,0.));
#8828=DIRECTION('center_axis',(0.,0.,1.));
#8829=DIRECTION('ref_axis',(0.,-1.,0.));
#8830=DIRECTION('',(0.,0.,1.));
#8831=DIRECTION('center_axis',(0.,0.,1.));
#8832=DIRECTION('ref_axis',(4.44089209850062E-15,-1.,0.));
#8833=DIRECTION('center_axis',(1.,-8.14024220165326E-16,0.));
#8834=DIRECTION('ref_axis',(8.14024220165326E-16,1.,0.));
#8835=DIRECTION('',(0.,1.,0.));
#8836=DIRECTION('',(0.,0.,1.));
#8837=DIRECTION('',(8.14024220165326E-16,1.,0.));
#8838=DIRECTION('center_axis',(0.,0.,1.));
#8839=DIRECTION('ref_axis',(1.,-6.66133814775096E-15,0.));
#8840=DIRECTION('center_axis',(0.,0.,1.));
#8841=DIRECTION('ref_axis',(1.,0.,0.));
#8842=DIRECTION('',(0.,0.,1.));
#8843=DIRECTION('center_axis',(0.,0.,1.));
#8844=DIRECTION('ref_axis',(1.,-6.66133814775096E-15,0.));
#8845=DIRECTION('center_axis',(-4.06874982378477E-16,1.,0.));
#8846=DIRECTION('ref_axis',(-1.,-4.06874982378477E-16,0.));
#8847=DIRECTION('',(-1.,-2.03437491189239E-16,0.));
#8848=DIRECTION('',(0.,0.,1.));
#8849=DIRECTION('',(-1.,-4.06874982378477E-16,0.));
#8850=DIRECTION('center_axis',(0.,0.,1.));
#8851=DIRECTION('ref_axis',(-4.44089209850061E-15,1.,0.));
#8852=DIRECTION('center_axis',(0.,0.,1.));
#8853=DIRECTION('ref_axis',(0.,1.,0.));
#8854=DIRECTION('',(0.,0.,1.));
#8855=DIRECTION('center_axis',(0.,0.,1.));
#8856=DIRECTION('ref_axis',(-4.44089209850061E-15,1.,0.));
#8857=DIRECTION('center_axis',(-1.,8.14024220165326E-16,0.));
#8858=DIRECTION('ref_axis',(-8.14024220165326E-16,-1.,0.));
#8859=DIRECTION('',(0.,-1.,0.));
#8860=DIRECTION('',(0.,0.,1.));
#8861=DIRECTION('',(-8.14024220165326E-16,-1.,0.));
#8862=DIRECTION('center_axis',(0.,0.,1.));
#8863=DIRECTION('ref_axis',(-1.,-2.22044604925029E-15,0.));
#8864=DIRECTION('center_axis',(0.,0.,1.));
#8865=DIRECTION('ref_axis',(-1.,-2.2204460492503E-15,0.));
#8866=DIRECTION('',(0.,0.,1.));
#8867=DIRECTION('center_axis',(0.,0.,1.));
#8868=DIRECTION('ref_axis',(-1.,-2.22044604925029E-15,0.));
#8869=DIRECTION('center_axis',(0.,0.,1.));
#8870=DIRECTION('ref_axis',(5.92118946466745E-15,-1.,0.));
#8871=DIRECTION('',(0.,0.,1.));
#8872=DIRECTION('center_axis',(0.,0.,-1.));
#8873=DIRECTION('ref_axis',(5.92118946466745E-15,-1.,0.));
#8874=DIRECTION('',(0.,0.,1.));
#8875=DIRECTION('center_axis',(-1.,0.,0.));
#8876=DIRECTION('ref_axis',(0.,-1.,0.));
#8877=DIRECTION('',(0.,-1.,0.));
#8878=DIRECTION('',(0.,0.,1.));
#8879=DIRECTION('center_axis',(0.,0.,1.));
#8880=DIRECTION('ref_axis',(1.,8.88178419700118E-15,0.));
#8881=DIRECTION('center_axis',(0.,0.,-1.));
#8882=DIRECTION('ref_axis',(1.,8.88178419700118E-15,0.));
#8883=DIRECTION('',(0.,0.,1.));
#8884=DIRECTION('center_axis',(0.,-1.,0.));
#8885=DIRECTION('ref_axis',(1.,0.,0.));
#8886=DIRECTION('',(1.,0.,0.));
#8887=DIRECTION('',(0.,0.,1.));
#8888=DIRECTION('center_axis',(0.,0.,1.));
#8889=DIRECTION('ref_axis',(-1.18423789293349E-14,1.,0.));
#8890=DIRECTION('center_axis',(0.,0.,-1.));
#8891=DIRECTION('ref_axis',(-1.18423789293349E-14,1.,0.));
#8892=DIRECTION('',(0.,0.,1.));
#8893=DIRECTION('center_axis',(1.,0.,0.));
#8894=DIRECTION('ref_axis',(0.,1.,0.));
#8895=DIRECTION('',(0.,1.,0.));
#8896=DIRECTION('',(0.,0.,1.));
#8897=DIRECTION('center_axis',(0.,0.,1.));
#8898=DIRECTION('ref_axis',(-1.,-8.88178419700118E-15,0.));
#8899=DIRECTION('center_axis',(0.,0.,-1.));
#8900=DIRECTION('ref_axis',(-1.,-8.88178419700118E-15,0.));
#8901=DIRECTION('',(0.,0.,1.));
#8902=DIRECTION('center_axis',(0.,1.,0.));
#8903=DIRECTION('ref_axis',(-1.,0.,0.));
#8904=DIRECTION('',(-1.,0.,0.));
#8905=DIRECTION('center_axis',(2.09488019808715E-15,-1.,0.));
#8906=DIRECTION('ref_axis',(1.,2.09488019808715E-15,0.));
#8907=DIRECTION('',(1.,0.,0.));
#8908=DIRECTION('',(1.,2.09488019808715E-15,0.));
#8909=DIRECTION('center_axis',(0.,1.,0.));
#8910=DIRECTION('ref_axis',(-1.,0.,0.));
#8911=DIRECTION('',(-1.,0.,0.));
#8912=DIRECTION('center_axis',(0.,0.,1.));
#8913=DIRECTION('ref_axis',(-1.,0.,0.));
#8914=DIRECTION('center_axis',(0.,0.,1.));
#8915=DIRECTION('ref_axis',(-1.,0.,0.));
#8916=DIRECTION('',(-1.,0.,0.));
#8917=DIRECTION('center_axis',(0.,0.,-1.));
#8918=DIRECTION('ref_axis',(0.,-1.,0.));
#8919=DIRECTION('',(0.,-1.,0.));
#8920=DIRECTION('center_axis',(0.,0.,-1.));
#8921=DIRECTION('ref_axis',(1.,0.,0.));
#8922=DIRECTION('',(1.,0.,0.));
#8923=DIRECTION('center_axis',(0.,0.,-1.));
#8924=DIRECTION('ref_axis',(4.44089209850063E-15,1.,0.));
#8925=DIRECTION('',(0.,1.,0.));
#8926=DIRECTION('center_axis',(0.,0.,-1.));
#8927=DIRECTION('ref_axis',(-1.,2.22044604925031E-15,0.));
#8928=DIRECTION('',(-1.,0.,0.));
#8929=DIRECTION('center_axis',(0.,-1.,0.));
#8930=DIRECTION('ref_axis',(1.,0.,0.));
#8931=DIRECTION('',(0.,0.,1.));
#8932=DIRECTION('center_axis',(0.,0.,1.));
#8933=DIRECTION('ref_axis',(-1.,2.22044604925031E-15,0.));
#8934=DIRECTION('',(0.,0.,1.));
#8935=DIRECTION('center_axis',(-1.,0.,0.));
#8936=DIRECTION('ref_axis',(0.,-1.,0.));
#8937=DIRECTION('',(0.,0.,1.));
#8938=DIRECTION('center_axis',(0.,0.,1.));
#8939=DIRECTION('ref_axis',(4.44089209850063E-15,1.,0.));
#8940=DIRECTION('',(0.,0.,1.));
#8941=DIRECTION('center_axis',(0.,1.,0.));
#8942=DIRECTION('ref_axis',(-1.,0.,0.));
#8943=DIRECTION('',(0.,0.,1.));
#8944=DIRECTION('center_axis',(0.,0.,1.));
#8945=DIRECTION('ref_axis',(1.,0.,0.));
#8946=DIRECTION('',(0.,0.,1.));
#8947=DIRECTION('center_axis',(1.,0.,0.));
#8948=DIRECTION('ref_axis',(0.,1.,0.));
#8949=DIRECTION('',(0.,0.,1.));
#8950=DIRECTION('center_axis',(0.,0.,1.));
#8951=DIRECTION('ref_axis',(0.,-1.,0.));
#8952=DIRECTION('',(0.,0.,1.));
#8953=DIRECTION('center_axis',(0.,-1.,0.));
#8954=DIRECTION('ref_axis',(1.,0.,0.));
#8955=DIRECTION('center_axis',(0.,0.,1.));
#8956=DIRECTION('ref_axis',(-1.,0.,0.));
#8957=DIRECTION('',(0.,0.,-1.));
#8958=DIRECTION('center_axis',(0.,0.,1.));
#8959=DIRECTION('ref_axis',(-1.,0.,0.));
#8960=DIRECTION('',(0.,0.,-1.));
#8961=DIRECTION('center_axis',(0.,0.,1.));
#8962=DIRECTION('ref_axis',(-1.,0.,0.));
#8963=DIRECTION('',(0.,0.,-1.));
#8964=DIRECTION('center_axis',(0.,0.,1.));
#8965=DIRECTION('ref_axis',(-1.,0.,0.));
#8966=DIRECTION('',(0.,0.,-1.));
#8967=DIRECTION('center_axis',(0.,0.,-1.));
#8968=DIRECTION('ref_axis',(-1.,0.,0.));
#8969=DIRECTION('',(0.,0.,1.));
#8970=DIRECTION('center_axis',(0.,0.,-1.));
#8971=DIRECTION('ref_axis',(-1.,0.,0.));
#8972=DIRECTION('',(0.,0.,1.));
#8973=DIRECTION('center_axis',(0.,0.,-1.));
#8974=DIRECTION('ref_axis',(-1.,0.,0.));
#8975=DIRECTION('',(0.,0.,1.));
#8976=DIRECTION('center_axis',(0.,0.,-1.));
#8977=DIRECTION('ref_axis',(-1.,0.,0.));
#8978=DIRECTION('',(0.,0.,1.));
#8979=DIRECTION('center_axis',(0.,0.,1.));
#8980=DIRECTION('ref_axis',(-1.,0.,0.));
#8981=DIRECTION('',(0.,0.,-1.));
#8982=DIRECTION('center_axis',(0.,0.,1.));
#8983=DIRECTION('ref_axis',(-1.,0.,0.));
#8984=DIRECTION('',(0.,0.,-1.));
#8985=DIRECTION('center_axis',(0.,0.,1.));
#8986=DIRECTION('ref_axis',(-1.,0.,0.));
#8987=DIRECTION('',(0.,0.,-1.));
#8988=DIRECTION('center_axis',(0.,0.,1.));
#8989=DIRECTION('ref_axis',(-1.,0.,0.));
#8990=DIRECTION('',(0.,0.,-1.));
#8991=CARTESIAN_POINT('',(0.,0.,0.));
#8992=CARTESIAN_POINT('Origin',(89.8000006631017,-46.8000007152557,7.8));
#8993=CARTESIAN_POINT('',(90.6,-39.6000011175871,7.8));
#8994=CARTESIAN_POINT('',(88.6000013262034,-39.6000011175871,7.8));
#8995=CARTESIAN_POINT('',(89.2000009946525,-39.6000011175871,7.8));
#8996=CARTESIAN_POINT('',(90.6,-23.1,7.8));
#8997=CARTESIAN_POINT('',(90.6,-58.7000003576279,7.8));
#8998=CARTESIAN_POINT('',(90.2775745083288,-21.0000003129244,7.8));
#8999=CARTESIAN_POINT('Origin',(83.6,-23.1,7.8));
#9000=CARTESIAN_POINT('',(88.6000013262034,-21.0000003129244,7.8));
#9001=CARTESIAN_POINT('',(90.0387875857151,-21.0000003129244,7.8));
#9002=CARTESIAN_POINT('',(88.6000013262034,-33.9000005140901,7.8));
#9003=CARTESIAN_POINT('Origin',(83.6,-23.1,-1.));
#9004=CARTESIAN_POINT('',(90.6,-23.1,0.));
#9005=CARTESIAN_POINT('',(90.6,-23.1,-1.));
#9006=CARTESIAN_POINT('',(83.6,-16.1,0.));
#9007=CARTESIAN_POINT('Origin',(83.6,-23.1,0.));
#9008=CARTESIAN_POINT('',(83.6,-16.1,2.));
#9009=CARTESIAN_POINT('',(83.6,-16.1,-1.));
#9010=CARTESIAN_POINT('',(90.2775745083288,-21.0000003129244,2.));
#9011=CARTESIAN_POINT('Origin',(83.6,-23.1,2.));
#9012=CARTESIAN_POINT('',(90.2775745083288,-21.0000003129244,-1.));
#9013=CARTESIAN_POINT('Origin',(90.6,-70.6,-1.));
#9014=CARTESIAN_POINT('',(90.6,-39.6000011175871,5.2));
#9015=CARTESIAN_POINT('',(90.6,-39.6000011175871,3.5));
#9016=CARTESIAN_POINT('',(90.6,-70.6,5.2));
#9017=CARTESIAN_POINT('',(90.6,-63.3500005587935,5.2));
#9018=CARTESIAN_POINT('',(90.6,-70.6,0.));
#9019=CARTESIAN_POINT('',(90.6,-70.6,-1.));
#9020=CARTESIAN_POINT('',(90.6,-58.725,0.));
#9021=CARTESIAN_POINT('Origin',(88.6000013262034,-39.6000011175871,8.));
#9022=CARTESIAN_POINT('',(88.6000013262034,-39.6000011175871,5.2));
#9023=CARTESIAN_POINT('',(88.6000013262034,-39.6000011175871,3.5));
#9024=CARTESIAN_POINT('',(88.6000013262034,-39.6000011175871,5.2));
#9025=CARTESIAN_POINT('Origin',(89.6000006631017,-56.1000011175871,5.2));
#9026=CARTESIAN_POINT('',(90.3082035992992,-72.6000011175871,5.2));
#9027=CARTESIAN_POINT('',(88.6000013262034,-72.6000011175871,5.2));
#9028=CARTESIAN_POINT('',(89.3000009946525,-72.6000011175871,5.2));
#9029=CARTESIAN_POINT('Origin',(83.6,-70.6,5.2));
#9030=CARTESIAN_POINT('',(88.6000013262034,-38.5500007152557,5.2));
#9031=CARTESIAN_POINT('Origin',(83.6,-70.6,-1.));
#9032=CARTESIAN_POINT('',(90.3082035992992,-72.6000011175871,2.));
#9033=CARTESIAN_POINT('',(90.3082035992992,-72.6000011175871,-1.));
#9034=CARTESIAN_POINT('',(83.6,-77.6,2.));
#9035=CARTESIAN_POINT('Origin',(83.6,-70.6,2.));
#9036=CARTESIAN_POINT('',(83.6,-77.6,0.));
#9037=CARTESIAN_POINT('',(83.6,-77.6,-1.));
#9038=CARTESIAN_POINT('Origin',(83.6,-70.6,0.));
#9039=CARTESIAN_POINT('Origin',(89.0000013262033,-72.6000011175871,-1.));
#9040=CARTESIAN_POINT('',(88.6000013262034,-72.6000011175871,2.));
#9041=CARTESIAN_POINT('',(88.6000013262034,-72.6000011175871,-1.));
#9042=CARTESIAN_POINT('',(67.1500006631017,-72.6000011175871,2.));
#9043=CARTESIAN_POINT('Origin',(20.5774681820138,-28.3141699551341,0.));
#9044=CARTESIAN_POINT('',(16.5774681224092,-28.3141699551341,2.));
#9045=CARTESIAN_POINT('',(20.5774681820138,-28.3141699551341,2.));
#9046=CARTESIAN_POINT('',(32.9387340910069,-28.3141699551341,2.));
#9047=CARTESIAN_POINT('',(16.5774681224092,-28.3141699551341,0.));
#9048=CARTESIAN_POINT('',(16.5774681224092,-28.3141699551341,0.));
#9049=CARTESIAN_POINT('',(20.5774681820138,-28.3141699551341,0.));
#9050=CARTESIAN_POINT('',(32.9387340910069,-28.3141699551341,0.));
#9051=CARTESIAN_POINT('',(20.5774681820138,-28.3141699551341,0.));
#9052=CARTESIAN_POINT('Origin',(20.5774681820138,-65.3141699551341,0.));
#9053=CARTESIAN_POINT('',(20.5774681820138,-65.3141699551341,2.));
#9054=CARTESIAN_POINT('',(20.5774681820138,-56.082084977567,2.));
#9055=CARTESIAN_POINT('',(20.5774681820138,-65.3141699551341,0.));
#9056=CARTESIAN_POINT('',(20.5774681820138,-56.082084977567,0.));
#9057=CARTESIAN_POINT('',(20.5774681820138,-65.3141699551341,0.));
#9058=CARTESIAN_POINT('Origin',(16.5774681224092,-65.3141699551341,0.));
#9059=CARTESIAN_POINT('',(16.5774681224092,-65.3141699551341,2.));
#9060=CARTESIAN_POINT('',(30.9387340612046,-65.3141699551341,2.));
#9061=CARTESIAN_POINT('',(16.5774681224092,-65.3141699551341,0.));
#9062=CARTESIAN_POINT('',(30.9387340612046,-65.3141699551341,0.));
#9063=CARTESIAN_POINT('',(16.5774681224092,-65.3141699551341,0.));
#9064=CARTESIAN_POINT('Origin',(16.5774681224092,-28.3141699551341,0.));
#9065=CARTESIAN_POINT('',(16.5774681224092,-37.582084977567,2.));
#9066=CARTESIAN_POINT('',(16.5774681224092,-37.582084977567,0.));
#9067=CARTESIAN_POINT('Origin',(27.5774681820138,-28.3,0.));
#9068=CARTESIAN_POINT('',(23.5774681224092,-28.3,2.));
#9069=CARTESIAN_POINT('',(27.5774681820138,-28.3,2.));
#9070=CARTESIAN_POINT('',(36.4387340910069,-28.3,2.));
#9071=CARTESIAN_POINT('',(23.5774681224092,-28.3,0.));
#9072=CARTESIAN_POINT('',(23.5774681224092,-28.3,0.));
#9073=CARTESIAN_POINT('',(27.5774681820138,-28.3,0.));
#9074=CARTESIAN_POINT('',(36.4387340910069,-28.3,0.));
#9075=CARTESIAN_POINT('',(27.5774681820138,-28.3,0.));
#9076=CARTESIAN_POINT('Origin',(27.5774681820138,-65.3,0.));
#9077=CARTESIAN_POINT('',(27.5774681820138,-65.3,2.));
#9078=CARTESIAN_POINT('',(27.5774681820138,-56.075,2.));
#9079=CARTESIAN_POINT('',(27.5774681820138,-65.3,0.));
#9080=CARTESIAN_POINT('',(27.5774681820138,-56.075,0.));
#9081=CARTESIAN_POINT('',(27.5774681820138,-65.3,0.));
#9082=CARTESIAN_POINT('Origin',(23.5774681224092,-65.3,0.));
#9083=CARTESIAN_POINT('',(23.5774681224092,-65.3,2.));
#9084=CARTESIAN_POINT('',(34.4387340612046,-65.3,2.));
#9085=CARTESIAN_POINT('',(23.5774681224092,-65.3,0.));
#9086=CARTESIAN_POINT('',(34.4387340612046,-65.3,0.));
#9087=CARTESIAN_POINT('',(23.5774681224092,-65.3,0.));
#9088=CARTESIAN_POINT('Origin',(23.5774681224092,-28.3,0.));
#9089=CARTESIAN_POINT('',(23.5774681224092,-37.575,2.));
#9090=CARTESIAN_POINT('',(23.5774681224092,-37.575,0.));
#9091=CARTESIAN_POINT('Origin',(67.5774681820138,-28.3141699551341,0.));
#9092=CARTESIAN_POINT('',(63.5774681224092,-28.3141699551341,2.));
#9093=CARTESIAN_POINT('',(67.5774681820138,-28.3141699551341,2.));
#9094=CARTESIAN_POINT('',(56.4387340910069,-28.3141699551341,2.));
#9095=CARTESIAN_POINT('',(63.5774681224092,-28.3141699551341,0.));
#9096=CARTESIAN_POINT('',(63.5774681224092,-28.3141699551341,0.));
#9097=CARTESIAN_POINT('',(67.5774681820138,-28.3141699551341,0.));
#9098=CARTESIAN_POINT('',(56.4387340910069,-28.3141699551341,0.));
#9099=CARTESIAN_POINT('',(67.5774681820138,-28.3141699551341,0.));
#9100=CARTESIAN_POINT('Origin',(67.5774681820138,-65.3141699551341,0.));
#9101=CARTESIAN_POINT('',(67.5774681820138,-65.3141699551341,2.));
#9102=CARTESIAN_POINT('',(67.5774681820138,-56.082084977567,2.));
#9103=CARTESIAN_POINT('',(67.5774681820138,-65.3141699551341,0.));
#9104=CARTESIAN_POINT('',(67.5774681820138,-56.082084977567,0.));
#9105=CARTESIAN_POINT('',(67.5774681820138,-65.3141699551341,0.));
#9106=CARTESIAN_POINT('Origin',(63.5774681224092,-65.3141699551341,0.));
#9107=CARTESIAN_POINT('',(63.5774681224092,-65.3141699551341,2.));
#9108=CARTESIAN_POINT('',(54.4387340612046,-65.3141699551341,2.));
#9109=CARTESIAN_POINT('',(63.5774681224092,-65.3141699551341,0.));
#9110=CARTESIAN_POINT('',(54.4387340612046,-65.3141699551341,0.));
#9111=CARTESIAN_POINT('',(63.5774681224092,-65.3141699551341,0.));
#9112=CARTESIAN_POINT('Origin',(63.5774681224092,-28.3141699551341,0.));
#9113=CARTESIAN_POINT('',(63.5774681224092,-37.582084977567,2.));
#9114=CARTESIAN_POINT('',(63.5774681224092,-37.582084977567,0.));
#9115=CARTESIAN_POINT('Origin',(45.3,-46.85,0.));
#9116=CARTESIAN_POINT('',(7.,-77.6,0.));
#9117=CARTESIAN_POINT('',(26.15,-77.6,0.));
#9118=CARTESIAN_POINT('',(0.,-70.6,0.));
#9119=CARTESIAN_POINT('Origin',(7.,-70.6,0.));
#9120=CARTESIAN_POINT('',(-1.11022302462516E-15,-23.1,0.));
#9121=CARTESIAN_POINT('',(0.,-34.975,0.));
#9122=CARTESIAN_POINT('',(7.,-16.1,0.));
#9123=CARTESIAN_POINT('Origin',(7.,-23.1,0.));
#9124=CARTESIAN_POINT('',(64.45,-16.1,0.));
#9125=CARTESIAN_POINT('',(64.7331656861464,-24.1,0.));
#9126=CARTESIAN_POINT('',(63.6522409769686,-22.7445632866915,0.));
#9127=CARTESIAN_POINT('',(65.9603859551073,-25.6388855428527,0.));
#9128=CARTESIAN_POINT('',(66.4668343138536,-24.1,0.));
#9129=CARTESIAN_POINT('',(55.0165828430732,-24.1,0.));
#9130=CARTESIAN_POINT('',(67.5477590230314,-22.7445632866915,0.));
#9131=CARTESIAN_POINT('',(56.8077391699603,-36.2121222081525,0.));
#9132=CARTESIAN_POINT('',(67.1619814608232,-21.0543613510659,0.));
#9133=CARTESIAN_POINT('',(69.6116930859181,-31.7872492535146,0.));
#9134=CARTESIAN_POINT('',(65.6,-20.3021507244855,0.));
#9135=CARTESIAN_POINT('',(63.3307660748319,-19.2093452619875,0.));
#9136=CARTESIAN_POINT('',(64.0380185391768,-21.0543613510658,0.));
#9137=CARTESIAN_POINT('',(52.1718031667136,-26.7688294957478,0.));
#9138=CARTESIAN_POINT('',(60.7760297043954,-35.346068237745,0.));
#9139=CARTESIAN_POINT('',(8.3967395650478,-22.301044982443,0.));
#9140=CARTESIAN_POINT('',(7.64371204119171,-23.862632783052,0.));
#9141=CARTESIAN_POINT('',(7.07561500931603,-25.0407217192923,0.));
#9142=CARTESIAN_POINT('',(7.64534604153684,-20.7386702887406,0.));
#9143=CARTESIAN_POINT('',(16.2813947322806,-38.6956309302877,0.));
#9144=CARTESIAN_POINT('',(5.95534611949719,-20.3520087129385,0.));
#9145=CARTESIAN_POINT('',(27.5296212489085,-25.2880700165741,0.));
#9146=CARTESIAN_POINT('',(4.5993442099406,-21.4322243080743,0.));
#9147=CARTESIAN_POINT('',(10.8554291760652,-16.4485141102675,0.));
#9148=CARTESIAN_POINT('',(4.59843740816123,-23.1658926986284,0.));
#9149=CARTESIAN_POINT('',(4.5922489467775,-34.9972985596337,0.));
#9150=CARTESIAN_POINT('',(5.95330855439435,-24.2475262261232,0.));
#9151=CARTESIAN_POINT('',(23.4790716152403,-38.2388588884535,0.));
#9152=CARTESIAN_POINT('',(23.0557947262393,-20.353405775491,0.));
#9153=CARTESIAN_POINT('',(62.599500008032,-70.4203297737455,0.));
#9154=CARTESIAN_POINT('',(63.9626235614979,-69.3491150013108,0.));
#9155=CARTESIAN_POINT('',(62.9776347464147,-70.123171444483,0.));
#9156=CARTESIAN_POINT('',(62.5871158073468,-72.1539541685523,0.));
#9157=CARTESIAN_POINT('',(62.6770499352476,-59.5643650607752,0.));
#9158=CARTESIAN_POINT('',(63.93479651515,-73.2445336569487,0.));
#9159=CARTESIAN_POINT('',(51.8509196723617,-63.4659353964343,0.));
#9160=CARTESIAN_POINT('',(65.6277110707893,-72.8708396404049,0.));
#9161=CARTESIAN_POINT('',(58.6745756555003,-74.4056749882712,0.));
#9162=CARTESIAN_POINT('',(66.3910602847047,-71.314271335347,0.));
#9163=CARTESIAN_POINT('',(69.1823053206156,-65.6225597630457,0.));
#9164=CARTESIAN_POINT('',(65.6500266293316,-69.7469564236907,0.));
#9165=CARTESIAN_POINT('',(59.3670840894601,-56.4582893565194,0.));
#9166=CARTESIAN_POINT('',(52.6100559880393,-66.672503990471,0.));
#9167=CARTESIAN_POINT('',(36.0541019758451,-63.0512700369862,0.));
#9168=CARTESIAN_POINT('',(45.5327155559984,-53.5976325701214,0.));
#9169=CARTESIAN_POINT('',(42.421978644585,-56.7001727007659,0.));
#9170=CARTESIAN_POINT('',(55.0113291361517,-63.101288249406,0.));
#9171=CARTESIAN_POINT('Origin',(45.5633894078391,-51.4506902008004,0.));
#9172=CARTESIAN_POINT('',(43.787787899336,-51.8480948878486,0.));
#9173=CARTESIAN_POINT('',(57.1890188162944,-60.9293367738751,0.));
#9174=CARTESIAN_POINT('',(47.710405236141,-51.4256810945905,0.));
#9175=CARTESIAN_POINT('',(50.7047843695553,-54.42797125196,0.));
#9176=CARTESIAN_POINT('',(57.1890188162944,-41.9720436277257,0.));
#9177=CARTESIAN_POINT('Origin',(45.5633894078391,-51.4506902008004,0.));
#9178=CARTESIAN_POINT('',(48.250130274733,-50.887378229568,0.));
#9179=CARTESIAN_POINT('',(55.018614002402,-39.8060035211868,0.));
#9180=CARTESIAN_POINT('',(45.5797581025873,-49.2894048807624,0.));
#9181=CARTESIAN_POINT('',(50.8394202792634,-44.0049204086372,0.));
#9182=CARTESIAN_POINT('',(36.1154496795265,-39.8000921521949,0.));
#9183=CARTESIAN_POINT('Origin',(45.5633894078391,-51.4506902008004,0.));
#9184=CARTESIAN_POINT('',(44.9001540127017,-48.6080053054037,0.));
#9185=CARTESIAN_POINT('',(13.5774681820138,-65.3141699551341,0.));
#9186=CARTESIAN_POINT('',(9.5774681224092,-65.3141699551341,0.));
#9187=CARTESIAN_POINT('',(29.4387340910069,-65.3141699551341,0.));
#9188=CARTESIAN_POINT('',(13.5774681820138,-28.3141699551341,0.));
#9189=CARTESIAN_POINT('',(13.5774681820138,-37.5820849775671,0.));
#9190=CARTESIAN_POINT('',(9.5774681224092,-28.3141699551341,0.));
#9191=CARTESIAN_POINT('',(27.4387340612046,-28.3141699551341,0.));
#9192=CARTESIAN_POINT('',(9.5774681224092,-56.0820849775671,0.));
#9193=CARTESIAN_POINT('',(33.9377599993839,-41.9720436277257,0.));
#9194=CARTESIAN_POINT('',(43.4100468213525,-51.4693558337961,0.));
#9195=CARTESIAN_POINT('',(37.9903101210287,-46.0353004166508,0.));
#9196=CARTESIAN_POINT('',(33.9633492108904,-60.9606359119585,0.));
#9197=CARTESIAN_POINT('Origin',(45.5633894078391,-51.4506902008004,0.));
#9198=CARTESIAN_POINT('',(45.0351366887386,-49.8365965649419,0.));
#9199=CARTESIAN_POINT('',(7.64678482535956,-69.7389332821232,0.));
#9200=CARTESIAN_POINT('',(8.39784870983459,-71.3014664664534,0.));
#9201=CARTESIAN_POINT('',(6.71161201494815,-67.7933750153021,0.));
#9202=CARTESIAN_POINT('',(5.9568665169346,-69.3519151668548,0.));
#9203=CARTESIAN_POINT('',(22.1998680688727,-73.0718203336271,0.));
#9204=CARTESIAN_POINT('',(4.60063673885498,-70.4318446551761,0.));
#9205=CARTESIAN_POINT('',(22.7998704961093,-55.9402817084161,0.));
#9206=CARTESIAN_POINT('',(4.59936417606039,-72.1655128158343,0.));
#9207=CARTESIAN_POINT('',(4.60866629669517,-59.4928255114009,0.));
#9208=CARTESIAN_POINT('',(5.9540070942907,-73.247432163468,0.));
#9209=CARTESIAN_POINT('',(11.5292039870229,-77.700202191598,0.));
#9210=CARTESIAN_POINT('',(7.6444917464388,-72.8628953621765,0.));
#9211=CARTESIAN_POINT('',(28.3590045429086,-68.1509374742744,0.));
#9212=CARTESIAN_POINT('',(16.6667744492736,-54.1630576994463,0.));
#9213=CARTESIAN_POINT('Origin',(67.5477590230314,-22.7445632866915,-1.));
#9214=CARTESIAN_POINT('',(67.5477590230314,-22.7445632866915,21.));
#9215=CARTESIAN_POINT('',(67.5477590230314,-22.7445632866915,-1.));
#9216=CARTESIAN_POINT('',(67.1619814608232,-21.0543613510659,21.));
#9217=CARTESIAN_POINT('',(67.4513146324793,-22.3220128027851,21.));
#9218=CARTESIAN_POINT('',(67.1619814608232,-21.0543613510659,-1.));
#9219=CARTESIAN_POINT('Origin',(66.4668343138536,-24.1,-1.));
#9220=CARTESIAN_POINT('',(66.4668343138536,-24.1,21.));
#9221=CARTESIAN_POINT('',(66.4668343138536,-24.1,-1.));
#9222=CARTESIAN_POINT('',(66.737065491148,-23.7611408216729,21.));
#9223=CARTESIAN_POINT('Origin',(64.7331656861464,-24.1,-1.));
#9224=CARTESIAN_POINT('',(64.7331656861464,-24.1,21.));
#9225=CARTESIAN_POINT('',(64.7331656861464,-24.1,-1.));
#9226=CARTESIAN_POINT('',(65.1665828430732,-24.1,21.));
#9227=CARTESIAN_POINT('Origin',(63.6522409769686,-22.7445632866915,-1.));
#9228=CARTESIAN_POINT('',(63.6522409769686,-22.7445632866915,21.));
#9229=CARTESIAN_POINT('',(63.6522409769686,-22.7445632866915,-1.));
#9230=CARTESIAN_POINT('',(63.9224721542631,-23.0834224650186,21.));
#9231=CARTESIAN_POINT('Origin',(4.59843740816123,-23.1658926986284,-1.));
#9232=CARTESIAN_POINT('',(4.5993442099406,-21.4322243080743,21.));
#9233=CARTESIAN_POINT('',(4.5993442099406,-21.4322243080743,-1.));
#9234=CARTESIAN_POINT('',(4.59843740816123,-23.1658926986284,21.));
#9235=CARTESIAN_POINT('',(4.5993442099406,-21.4322243080743,21.));
#9236=CARTESIAN_POINT('',(4.59843740816123,-23.1658926986284,-1.));
#9237=CARTESIAN_POINT('Origin',(4.5993442099406,-21.4322243080743,-1.));
#9238=CARTESIAN_POINT('',(5.95534611949719,-20.3520087129385,21.));
#9239=CARTESIAN_POINT('',(5.95534611949719,-20.3520087129385,-1.));
#9240=CARTESIAN_POINT('',(5.95534611949719,-20.3520087129385,21.));
#9241=CARTESIAN_POINT('Origin',(5.95534611949719,-20.3520087129385,-1.));
#9242=CARTESIAN_POINT('',(7.64534604153684,-20.7386702887406,21.));
#9243=CARTESIAN_POINT('',(7.64534604153684,-20.7386702887406,-1.));
#9244=CARTESIAN_POINT('',(7.64534604153684,-20.7386702887406,21.));
#9245=CARTESIAN_POINT('Origin',(66.3910602847047,-71.314271335347,-1.));
#9246=CARTESIAN_POINT('',(65.6277110707893,-72.8708396404049,21.));
#9247=CARTESIAN_POINT('',(65.6277110707893,-72.8708396404049,-1.));
#9248=CARTESIAN_POINT('',(66.3910602847047,-71.314271335347,21.));
#9249=CARTESIAN_POINT('',(65.6277110707893,-72.8708396404049,21.));
#9250=CARTESIAN_POINT('',(66.3910602847047,-71.314271335347,-1.));
#9251=CARTESIAN_POINT('Origin',(65.6277110707893,-72.8708396404049,-1.));
#9252=CARTESIAN_POINT('',(63.93479651515,-73.2445336569487,21.));
#9253=CARTESIAN_POINT('',(63.93479651515,-73.2445336569487,-1.));
#9254=CARTESIAN_POINT('',(63.93479651515,-73.2445336569487,21.));
#9255=CARTESIAN_POINT('Origin',(63.93479651515,-73.2445336569487,-1.));
#9256=CARTESIAN_POINT('',(62.5871158073468,-72.1539541685523,21.));
#9257=CARTESIAN_POINT('',(62.5871158073468,-72.1539541685523,-1.));
#9258=CARTESIAN_POINT('',(62.5871158073468,-72.1539541685523,21.));
#9259=CARTESIAN_POINT('Origin',(45.5327155559984,-53.5976325701214,-1.));
#9260=CARTESIAN_POINT('',(55.0113291361517,-63.101288249406,2.));
#9261=CARTESIAN_POINT('',(55.0113291361517,-63.101288249406,-1.));
#9262=CARTESIAN_POINT('',(45.5327155559984,-53.5976325701214,2.));
#9263=CARTESIAN_POINT('',(45.5327155559984,-53.5976325701214,2.));
#9264=CARTESIAN_POINT('',(45.5327155559984,-53.5976325701214,-1.));
#9265=CARTESIAN_POINT('Origin',(47.710405236141,-51.4256810945905,-1.));
#9266=CARTESIAN_POINT('',(57.1890188162944,-41.9720436277257,2.));
#9267=CARTESIAN_POINT('',(57.1890188162944,-41.9720436277257,-1.));
#9268=CARTESIAN_POINT('',(47.710405236141,-51.4256810945905,2.));
#9269=CARTESIAN_POINT('',(47.710405236141,-51.4256810945905,2.));
#9270=CARTESIAN_POINT('',(47.710405236141,-51.4256810945905,-1.));
#9271=CARTESIAN_POINT('Origin',(45.5797581025873,-49.2894048807624,-1.));
#9272=CARTESIAN_POINT('',(36.1154496795265,-39.8000921521949,2.));
#9273=CARTESIAN_POINT('',(36.1154496795265,-39.8000921521949,-1.));
#9274=CARTESIAN_POINT('',(45.5797581025873,-49.2894048807624,2.));
#9275=CARTESIAN_POINT('',(45.5797581025873,-49.2894048807624,2.));
#9276=CARTESIAN_POINT('',(45.5797581025873,-49.2894048807624,-1.));
#9277=CARTESIAN_POINT('Origin',(9.5774681224092,-65.3141699551341,-1.));
#9278=CARTESIAN_POINT('',(9.5774681224092,-28.3141699551341,2.));
#9279=CARTESIAN_POINT('',(9.5774681224092,-28.3141699551341,-1.));
#9280=CARTESIAN_POINT('',(9.5774681224092,-65.3141699551341,2.));
#9281=CARTESIAN_POINT('',(9.5774681224092,-65.3141699551341,2.));
#9282=CARTESIAN_POINT('',(9.5774681224092,-65.3141699551341,-1.));
#9283=CARTESIAN_POINT('Origin',(9.5774681224092,-28.3141699551341,-1.));
#9284=CARTESIAN_POINT('',(13.5774681820138,-28.3141699551341,2.));
#9285=CARTESIAN_POINT('',(13.5774681820138,-28.3141699551341,-1.));
#9286=CARTESIAN_POINT('',(9.5774681224092,-28.3141699551341,2.));
#9287=CARTESIAN_POINT('Origin',(43.4100468213525,-51.4693558337961,-1.));
#9288=CARTESIAN_POINT('',(33.9633492108904,-60.9606359119585,2.));
#9289=CARTESIAN_POINT('',(33.9633492108904,-60.9606359119585,-1.));
#9290=CARTESIAN_POINT('',(43.4100468213525,-51.4693558337961,2.));
#9291=CARTESIAN_POINT('',(43.4100468213525,-51.4693558337961,2.));
#9292=CARTESIAN_POINT('',(43.4100468213525,-51.4693558337961,-1.));
#9293=CARTESIAN_POINT('Origin',(5.9540070942907,-73.247432163468,-1.));
#9294=CARTESIAN_POINT('',(4.59936417606039,-72.1655128158343,21.));
#9295=CARTESIAN_POINT('',(4.59936417606039,-72.1655128158343,-1.));
#9296=CARTESIAN_POINT('',(5.9540070942907,-73.247432163468,21.));
#9297=CARTESIAN_POINT('',(4.59936417606039,-72.1655128158343,21.));
#9298=CARTESIAN_POINT('',(5.9540070942907,-73.247432163468,-1.));
#9299=CARTESIAN_POINT('Origin',(4.59936417606039,-72.1655128158343,-1.));
#9300=CARTESIAN_POINT('',(4.60063673885498,-70.4318446551761,21.));
#9301=CARTESIAN_POINT('',(4.60063673885498,-70.4318446551761,-1.));
#9302=CARTESIAN_POINT('',(4.60063673885498,-70.4318446551761,21.));
#9303=CARTESIAN_POINT('Origin',(4.60063673885498,-70.4318446551761,-1.));
#9304=CARTESIAN_POINT('',(5.9568665169346,-69.3519151668548,21.));
#9305=CARTESIAN_POINT('',(5.9568665169346,-69.3519151668548,-1.));
#9306=CARTESIAN_POINT('',(5.9568665169346,-69.3519151668548,21.));
#9307=CARTESIAN_POINT('Origin',(0.,-23.1,-1.));
#9308=CARTESIAN_POINT('',(0.,-70.6,2.));
#9309=CARTESIAN_POINT('',(0.,-70.6,-1.));
#9310=CARTESIAN_POINT('',(-1.11022302462516E-15,-23.1,2.));
#9311=CARTESIAN_POINT('',(0.,-23.1,2.));
#9312=CARTESIAN_POINT('',(-1.11022302462516E-15,-23.1,-1.));
#9313=CARTESIAN_POINT('Origin',(7.,-70.6,-1.));
#9314=CARTESIAN_POINT('',(7.,-77.6,2.));
#9315=CARTESIAN_POINT('',(7.,-77.6,-1.));
#9316=CARTESIAN_POINT('Origin',(7.,-70.6,2.));
#9317=CARTESIAN_POINT('Origin',(7.,-77.6,-1.));
#9318=CARTESIAN_POINT('',(7.,-77.6,2.));
#9319=CARTESIAN_POINT('Origin',(64.0380185391768,-21.0543613510658,-1.));
#9320=CARTESIAN_POINT('',(64.0380185391768,-21.0543613510658,21.));
#9321=CARTESIAN_POINT('',(64.0380185391768,-21.0543613510658,-1.));
#9322=CARTESIAN_POINT('',(63.9415741486248,-21.4769118349722,21.));
#9323=CARTESIAN_POINT('Origin',(65.6,-20.3021507244855,-1.));
#9324=CARTESIAN_POINT('',(65.6,-20.3021507244855,21.));
#9325=CARTESIAN_POINT('',(65.6,-20.3021507244855,-1.));
#9326=CARTESIAN_POINT('',(65.2095046347942,-20.4902033811306,21.));
#9327=CARTESIAN_POINT('Origin',(67.1619814608232,-21.0543613510659,-1.));
#9328=CARTESIAN_POINT('',(66.7714860956174,-20.8663086944208,21.));
#9329=CARTESIAN_POINT('Origin',(87.7,-70.7,5.));
#9330=CARTESIAN_POINT('',(88.6000013262034,-70.7,5.));
#9331=CARTESIAN_POINT('',(88.6000013262034,-70.7,2.));
#9332=CARTESIAN_POINT('',(88.6000013262034,-70.7,2.));
#9333=CARTESIAN_POINT('',(87.7,-70.7,5.));
#9334=CARTESIAN_POINT('',(87.7,-70.7,5.));
#9335=CARTESIAN_POINT('',(87.7,-70.7,2.));
#9336=CARTESIAN_POINT('',(87.7,-70.7,-1.));
#9337=CARTESIAN_POINT('',(66.5,-70.7,2.));
#9338=CARTESIAN_POINT('Origin',(87.7,-22.8,2.));
#9339=CARTESIAN_POINT('',(88.6000013262034,-22.8,2.));
#9340=CARTESIAN_POINT('',(88.6000013262034,-22.8,5.));
#9341=CARTESIAN_POINT('',(88.6000013262034,-22.8,0.5));
#9342=CARTESIAN_POINT('',(87.7,-22.8,2.));
#9343=CARTESIAN_POINT('',(66.5,-22.8,2.));
#9344=CARTESIAN_POINT('',(87.7,-22.8,5.));
#9345=CARTESIAN_POINT('',(87.7,-22.8,-1.));
#9346=CARTESIAN_POINT('',(87.7,-22.8,5.));
#9347=CARTESIAN_POINT('Origin',(45.3,-46.85,2.));
#9348=CARTESIAN_POINT('',(88.6000013262034,-21.0000003129244,2.));
#9349=CARTESIAN_POINT('',(88.6000013262034,-33.9250001564622,2.));
#9350=CARTESIAN_POINT('',(67.1500006631017,-21.0000003129244,2.));
#9351=CARTESIAN_POINT('',(7.,-16.1,2.));
#9352=CARTESIAN_POINT('',(83.6,-16.1,2.));
#9353=CARTESIAN_POINT('Origin',(7.,-23.1,2.));
#9354=CARTESIAN_POINT('',(88.6000013262034,-33.9250001564622,2.));
#9355=CARTESIAN_POINT('',(83.7,-74.7,2.));
#9356=CARTESIAN_POINT('Origin',(83.7,-70.7,2.));
#9357=CARTESIAN_POINT('',(6.9,-74.7,2.));
#9358=CARTESIAN_POINT('',(26.1,-74.7,2.));
#9359=CARTESIAN_POINT('',(2.9,-70.7,2.));
#9360=CARTESIAN_POINT('Origin',(6.9,-70.7,2.));
#9361=CARTESIAN_POINT('',(2.9,-22.8,2.));
#9362=CARTESIAN_POINT('',(2.9,-34.825,2.));
#9363=CARTESIAN_POINT('',(6.90000000000001,-18.8,2.));
#9364=CARTESIAN_POINT('Origin',(6.90000000000001,-22.8,2.));
#9365=CARTESIAN_POINT('',(83.7,-18.8,2.));
#9366=CARTESIAN_POINT('',(55.45,-18.8,2.));
#9367=CARTESIAN_POINT('Origin',(83.7,-22.8,2.));
#9368=CARTESIAN_POINT('Origin',(88.6000013262034,-21.0000003129244,-1.));
#9369=CARTESIAN_POINT('',(88.6000013262034,-21.0000003129244,-1.));
#9370=CARTESIAN_POINT('',(88.6000013262034,-21.9000001564622,5.));
#9371=CARTESIAN_POINT('Origin',(90.2775745083288,-21.0000003129244,-1.));
#9372=CARTESIAN_POINT('Origin',(6.39999999999998,-67.7999999874409,-1.));
#9373=CARTESIAN_POINT('',(6.39999999999998,-25.7999998241641,2.));
#9374=CARTESIAN_POINT('',(6.39999999999998,-67.7999999874409,2.));
#9375=CARTESIAN_POINT('',(6.39999999999998,-57.3249999937205,2.));
#9376=CARTESIAN_POINT('',(6.39999999999998,-25.7999998241641,5.));
#9377=CARTESIAN_POINT('',(6.39999999999998,-25.7999998241641,-1.));
#9378=CARTESIAN_POINT('',(6.39999999999998,-67.7999999874409,5.));
#9379=CARTESIAN_POINT('',(6.39999999999998,-67.7999999874409,5.));
#9380=CARTESIAN_POINT('',(6.39999999999998,-67.7999999874409,-1.));
#9381=CARTESIAN_POINT('Origin',(2.9,-22.8,-1.));
#9382=CARTESIAN_POINT('',(2.9,-70.7,5.));
#9383=CARTESIAN_POINT('',(2.9,-70.7,-1.));
#9384=CARTESIAN_POINT('',(2.9,-22.8,5.));
#9385=CARTESIAN_POINT('',(2.9,-22.8,5.));
#9386=CARTESIAN_POINT('',(2.9,-22.8,-1.));
#9387=CARTESIAN_POINT('Origin',(4.64999999999999,-46.7799747740889,5.));
#9388=CARTESIAN_POINT('',(2.90782500044001,-22.5499224662466,5.));
#9389=CARTESIAN_POINT('Origin',(6.90000000000001,-22.8,5.));
#9390=CARTESIAN_POINT('',(2.9120326971665,-71.0100270819312,5.));
#9391=CARTESIAN_POINT('Origin',(6.9,-70.7,5.));
#9392=CARTESIAN_POINT('Origin',(6.39999997253909,-71.2999999874409,5.));
#9393=CARTESIAN_POINT('Origin',(6.39889056282425,-22.3,5.));
#9394=CARTESIAN_POINT('Origin',(6.39889056282425,-22.3,-1.));
#9395=CARTESIAN_POINT('',(9.89889056282425,-22.3,2.));
#9396=CARTESIAN_POINT('Origin',(6.39889056282425,-22.3,2.));
#9397=CARTESIAN_POINT('',(9.89889056282425,-22.3,5.));
#9398=CARTESIAN_POINT('',(9.89889056282425,-22.3,-1.));
#9399=CARTESIAN_POINT('',(6.64107477330502,-18.8083890812128,5.));
#9400=CARTESIAN_POINT('Origin',(6.39889056282425,-22.3,5.));
#9401=CARTESIAN_POINT('',(6.64107477330502,-18.8083890812128,21.));
#9402=CARTESIAN_POINT('',(6.64107477330502,-18.8083890812128,-1.));
#9403=CARTESIAN_POINT('',(2.90782500044001,-22.5499224662466,21.));
#9404=CARTESIAN_POINT('Origin',(6.39889056282425,-22.3,21.));
#9405=CARTESIAN_POINT('',(2.90782500044001,-22.5499224662466,-1.));
#9406=CARTESIAN_POINT('Origin',(45.3,-46.85,2.));
#9407=CARTESIAN_POINT('',(9.89997128842376,-71.3141699551341,2.));
#9408=CARTESIAN_POINT('Origin',(6.39999997253909,-71.2999999874409,2.));
#9409=CARTESIAN_POINT('',(60.893290666472,-71.3141699551341,2.));
#9410=CARTESIAN_POINT('',(53.096645333236,-71.3141699551341,2.));
#9411=CARTESIAN_POINT('',(67.893233298343,-71.3141699551341,2.));
#9412=CARTESIAN_POINT('Origin',(64.3932619824075,-71.3,2.));
#9413=CARTESIAN_POINT('',(81.351072150388,-71.3141699551341,2.));
#9414=CARTESIAN_POINT('',(63.325536075194,-71.3141699551341,2.));
#9415=CARTESIAN_POINT('',(85.3510721503881,-67.3141699551341,2.));
#9416=CARTESIAN_POINT('Origin',(81.351072150388,-67.3141699551341,2.));
#9417=CARTESIAN_POINT('',(85.3510721503881,-26.3,2.));
#9418=CARTESIAN_POINT('',(85.3510721503881,-36.575,2.));
#9419=CARTESIAN_POINT('',(81.351072150388,-22.3,2.));
#9420=CARTESIAN_POINT('Origin',(81.351072150388,-26.3,2.));
#9421=CARTESIAN_POINT('',(69.1,-22.3,2.));
#9422=CARTESIAN_POINT('',(57.2,-22.3,2.));
#9423=CARTESIAN_POINT('',(62.1,-22.3,2.));
#9424=CARTESIAN_POINT('Origin',(65.6,-22.3,2.));
#9425=CARTESIAN_POINT('',(27.5994452814121,-22.3,2.));
#9426=CARTESIAN_POINT('',(33.9377599993839,-41.9720436277257,2.));
#9427=CARTESIAN_POINT('',(33.9377599993839,-41.9720436277257,2.));
#9428=CARTESIAN_POINT('Origin',(45.5633894078391,-51.4506902008004,2.));
#9429=CARTESIAN_POINT('',(13.5774681820138,-65.3141699551341,2.));
#9430=CARTESIAN_POINT('',(13.5774681820138,-65.3141699551341,2.));
#9431=CARTESIAN_POINT('',(13.5774681820138,-28.3141699551341,2.));
#9432=CARTESIAN_POINT('',(55.018614002402,-39.8060035211868,2.));
#9433=CARTESIAN_POINT('',(55.018614002402,-39.8060035211868,2.));
#9434=CARTESIAN_POINT('Origin',(45.5633894078391,-51.4506902008004,2.));
#9435=CARTESIAN_POINT('',(57.1890188162944,-60.9293367738751,2.));
#9436=CARTESIAN_POINT('',(57.1890188162944,-60.9293367738751,2.));
#9437=CARTESIAN_POINT('Origin',(45.5633894078391,-51.4506902008004,2.));
#9438=CARTESIAN_POINT('',(36.0541019758451,-63.0512700369862,2.));
#9439=CARTESIAN_POINT('',(36.0541019758451,-63.0512700369862,2.));
#9440=CARTESIAN_POINT('Origin',(45.5633894078391,-51.4506902008004,2.));
#9441=CARTESIAN_POINT('Origin',(83.7,-70.7,-1.));
#9442=CARTESIAN_POINT('',(83.7,-74.7,5.));
#9443=CARTESIAN_POINT('Origin',(83.7,-70.7,5.));
#9444=CARTESIAN_POINT('',(83.7,-74.7,-1.));
#9445=CARTESIAN_POINT('Origin',(83.7,-22.8,-1.));
#9446=CARTESIAN_POINT('',(83.7,-18.8,5.));
#9447=CARTESIAN_POINT('',(83.7,-18.8,-1.));
#9448=CARTESIAN_POINT('Origin',(83.7,-22.8,5.));
#9449=CARTESIAN_POINT('Origin',(65.6,-18.8,-1.));
#9450=CARTESIAN_POINT('',(6.90000000000001,-18.8,5.));
#9451=CARTESIAN_POINT('',(6.90000000000001,-18.8,-1.));
#9452=CARTESIAN_POINT('',(65.6,-18.8,5.));
#9453=CARTESIAN_POINT('',(83.7,-18.8,5.));
#9454=CARTESIAN_POINT('',(83.7,-18.8,5.));
#9455=CARTESIAN_POINT('Origin',(81.351072150388,-71.3141699551341,-1.));
#9456=CARTESIAN_POINT('',(67.893233298343,-71.3141699551341,5.));
#9457=CARTESIAN_POINT('',(67.893233298343,-71.3141699551341,-1.));
#9458=CARTESIAN_POINT('',(81.351072150388,-71.3141699551341,5.));
#9459=CARTESIAN_POINT('',(81.351072150388,-71.3141699551341,5.));
#9460=CARTESIAN_POINT('',(81.351072150388,-71.3141699551341,-1.));
#9461=CARTESIAN_POINT('Origin',(81.351072150388,-67.3141699551341,-1.));
#9462=CARTESIAN_POINT('',(85.3510721503881,-67.3141699551341,5.));
#9463=CARTESIAN_POINT('Origin',(81.351072150388,-67.3141699551341,5.));
#9464=CARTESIAN_POINT('',(85.3510721503881,-67.3141699551341,-1.));
#9465=CARTESIAN_POINT('Origin',(85.3510721503881,-26.3,-1.));
#9466=CARTESIAN_POINT('',(85.3510721503881,-26.3,5.));
#9467=CARTESIAN_POINT('',(85.3510721503881,-26.3,5.));
#9468=CARTESIAN_POINT('',(85.3510721503881,-26.3,-1.));
#9469=CARTESIAN_POINT('Origin',(81.351072150388,-26.3,-1.));
#9470=CARTESIAN_POINT('',(81.351072150388,-22.3,5.));
#9471=CARTESIAN_POINT('Origin',(81.351072150388,-26.3,5.));
#9472=CARTESIAN_POINT('',(81.351072150388,-22.3,-1.));
#9473=CARTESIAN_POINT('Origin',(69.1,-22.3,-1.));
#9474=CARTESIAN_POINT('',(69.1,-22.3,5.));
#9475=CARTESIAN_POINT('',(69.1,-22.3,5.));
#9476=CARTESIAN_POINT('',(69.1,-22.3,-1.));
#9477=CARTESIAN_POINT('Origin',(76.4619621843497,-46.75,5.));
#9478=CARTESIAN_POINT('',(65.2239243686993,-74.7,5.));
#9479=CARTESIAN_POINT('',(6.9,-74.7,5.));
#9480=CARTESIAN_POINT('Origin',(65.6,-22.3,5.));
#9481=CARTESIAN_POINT('Origin',(64.3932619824075,-71.3,5.));
#9482=CARTESIAN_POINT('Origin',(9.89889056282424,-22.3,-1.));
#9483=CARTESIAN_POINT('',(62.1,-22.3,5.));
#9484=CARTESIAN_POINT('',(62.1,-22.3,-1.));
#9485=CARTESIAN_POINT('',(9.89889056282424,-22.3,5.));
#9486=CARTESIAN_POINT('Origin',(36.1205373866525,-20.55,5.));
#9487=CARTESIAN_POINT('Origin',(6.90000000000001,-22.8,5.));
#9488=CARTESIAN_POINT('Origin',(65.6,-22.3,5.));
#9489=CARTESIAN_POINT('Origin',(64.3932619824075,-71.3,-1.));
#9490=CARTESIAN_POINT('',(60.893290666472,-71.3141699551341,5.));
#9491=CARTESIAN_POINT('',(60.893290666472,-71.3141699551341,-1.));
#9492=CARTESIAN_POINT('',(63.5625995961157,-74.7,5.));
#9493=CARTESIAN_POINT('Origin',(64.3932619824075,-71.3,5.));
#9494=CARTESIAN_POINT('',(63.5625995961157,-74.7,21.));
#9495=CARTESIAN_POINT('',(63.5625995961157,-74.7,-1.));
#9496=CARTESIAN_POINT('',(65.2239243686993,-74.7,21.));
#9497=CARTESIAN_POINT('Origin',(64.3932619824075,-71.3,21.));
#9498=CARTESIAN_POINT('',(65.2239243686993,-74.7,-1.));
#9499=CARTESIAN_POINT('Origin',(65.6,-22.3,-1.));
#9500=CARTESIAN_POINT('',(62.1,-22.3,21.));
#9501=CARTESIAN_POINT('Origin',(65.6,-22.3,21.));
#9502=CARTESIAN_POINT('',(62.1,-22.3,-1.));
#9503=CARTESIAN_POINT('Origin',(60.893290666472,-71.3141699551341,-1.));
#9504=CARTESIAN_POINT('',(9.89997128842376,-71.3141699551341,5.));
#9505=CARTESIAN_POINT('',(9.89997128842375,-71.3141699551341,-1.));
#9506=CARTESIAN_POINT('',(81.351072150388,-71.3141699551341,5.));
#9507=CARTESIAN_POINT('Origin',(35.3966309517703,-73.007084977567,5.));
#9508=CARTESIAN_POINT('',(7.230662307425,-74.7,5.));
#9509=CARTESIAN_POINT('',(6.9,-74.7,5.));
#9510=CARTESIAN_POINT('Origin',(6.39999997253909,-71.2999999874409,5.));
#9511=CARTESIAN_POINT('Origin',(6.39999997253909,-71.2999999874409,-1.));
#9512=CARTESIAN_POINT('',(2.9120326971665,-71.0100270819312,21.));
#9513=CARTESIAN_POINT('',(2.9120326971665,-71.0100270819312,-1.));
#9514=CARTESIAN_POINT('',(7.230662307425,-74.7,21.));
#9515=CARTESIAN_POINT('Origin',(6.39999997253909,-71.2999999874409,21.));
#9516=CARTESIAN_POINT('',(7.230662307425,-74.7,-1.));
#9517=CARTESIAN_POINT('Origin',(6.90000000000001,-22.8,-1.));
#9518=CARTESIAN_POINT('Origin',(6.90000000000001,-22.8,21.));
#9519=CARTESIAN_POINT('Origin',(6.40335778163212,-22.3041945406064,21.));
#9520=CARTESIAN_POINT('',(8.3967395650478,-22.301044982443,21.));
#9521=CARTESIAN_POINT('',(7.64371204119171,-23.862632783052,21.));
#9522=CARTESIAN_POINT('',(7.64371204119171,-23.862632783052,21.));
#9523=CARTESIAN_POINT('',(5.95330855439435,-24.2475262261232,21.));
#9524=CARTESIAN_POINT('',(5.95330855439435,-24.2475262261232,21.));
#9525=CARTESIAN_POINT('',(4.59843740816123,-23.1658926986284,21.));
#9526=CARTESIAN_POINT('',(8.3967395650478,-22.301044982443,21.));
#9527=CARTESIAN_POINT('Origin',(65.6,-22.3,21.));
#9528=CARTESIAN_POINT('Origin',(64.3932619824075,-71.25,21.));
#9529=CARTESIAN_POINT('',(6.9,-74.7,21.));
#9530=CARTESIAN_POINT('',(62.599500008032,-70.4203297737455,21.));
#9531=CARTESIAN_POINT('',(63.9626235614979,-69.3491150013108,21.));
#9532=CARTESIAN_POINT('',(63.9626235614979,-69.3491150013108,21.));
#9533=CARTESIAN_POINT('',(65.6500266293316,-69.7469564236907,21.));
#9534=CARTESIAN_POINT('',(65.6500266293316,-69.7469564236907,21.));
#9535=CARTESIAN_POINT('',(66.3910602847047,-71.314271335347,21.));
#9536=CARTESIAN_POINT('',(62.599500008032,-70.4203297737455,21.));
#9537=CARTESIAN_POINT('Origin',(6.9,-70.7,-1.));
#9538=CARTESIAN_POINT('',(6.9,-74.7,21.));
#9539=CARTESIAN_POINT('',(6.9,-74.7,-1.));
#9540=CARTESIAN_POINT('Origin',(6.9,-70.7,21.));
#9541=CARTESIAN_POINT('Origin',(6.9,-74.7,-1.));
#9542=CARTESIAN_POINT('',(6.9,-74.7,21.));
#9543=CARTESIAN_POINT('Origin',(6.40601633485277,-71.2499999937205,21.));
#9544=CARTESIAN_POINT('',(7.64678482535956,-69.7389332821232,21.));
#9545=CARTESIAN_POINT('',(8.39784870983459,-71.3014664664534,21.));
#9546=CARTESIAN_POINT('',(8.39784870983459,-71.3014664664534,21.));
#9547=CARTESIAN_POINT('',(7.6444917464388,-72.8628953621765,21.));
#9548=CARTESIAN_POINT('',(7.6444917464388,-72.8628953621765,21.));
#9549=CARTESIAN_POINT('',(5.9540070942907,-73.247432163468,21.));
#9550=CARTESIAN_POINT('',(7.64678482535956,-69.7389332821232,21.));
#9551=CARTESIAN_POINT('Origin',(5.9568665169346,-69.3519151668548,-1.));
#9552=CARTESIAN_POINT('',(7.64678482535956,-69.7389332821232,-1.));
#9553=CARTESIAN_POINT('Origin',(7.6444917464388,-72.8628953621765,-1.));
#9554=CARTESIAN_POINT('',(7.6444917464388,-72.8628953621765,-1.));
#9555=CARTESIAN_POINT('Origin',(8.39784870983459,-71.3014664664534,-1.));
#9556=CARTESIAN_POINT('',(8.39784870983459,-71.3014664664534,-1.));
#9557=CARTESIAN_POINT('Origin',(7.64678482535956,-69.7389332821232,-1.));
#9558=CARTESIAN_POINT('Origin',(45.5633894078391,-51.4506902008004,-1.));
#9559=CARTESIAN_POINT('',(33.9377599993839,-41.9720436277257,-1.));
#9560=CARTESIAN_POINT('Origin',(33.9377599993839,-41.9720436277257,-1.));
#9561=CARTESIAN_POINT('Origin',(13.5774681820138,-28.3141699551341,-1.));
#9562=CARTESIAN_POINT('',(13.5774681820138,-65.3141699551341,-1.));
#9563=CARTESIAN_POINT('Origin',(13.5774681820138,-65.3141699551341,-1.));
#9564=CARTESIAN_POINT('Origin',(45.5633894078391,-51.4506902008004,-1.));
#9565=CARTESIAN_POINT('',(55.018614002402,-39.8060035211868,-1.));
#9566=CARTESIAN_POINT('Origin',(55.018614002402,-39.8060035211868,-1.));
#9567=CARTESIAN_POINT('Origin',(7.64534604153684,-20.7386702887406,-1.));
#9568=CARTESIAN_POINT('',(8.3967395650478,-22.301044982443,-1.));
#9569=CARTESIAN_POINT('Origin',(5.95330855439435,-24.2475262261232,-1.));
#9570=CARTESIAN_POINT('',(5.95330855439435,-24.2475262261232,-1.));
#9571=CARTESIAN_POINT('Origin',(7.64371204119171,-23.862632783052,-1.));
#9572=CARTESIAN_POINT('',(7.64371204119171,-23.862632783052,-1.));
#9573=CARTESIAN_POINT('Origin',(8.3967395650478,-22.301044982443,-1.));
#9574=CARTESIAN_POINT('Origin',(45.5633894078391,-51.4506902008004,-1.));
#9575=CARTESIAN_POINT('',(57.1890188162944,-60.9293367738751,-1.));
#9576=CARTESIAN_POINT('Origin',(57.1890188162944,-60.9293367738751,-1.));
#9577=CARTESIAN_POINT('Origin',(45.5633894078391,-51.4506902008004,-1.));
#9578=CARTESIAN_POINT('',(36.0541019758451,-63.0512700369862,-1.));
#9579=CARTESIAN_POINT('Origin',(36.0541019758451,-63.0512700369862,-1.));
#9580=CARTESIAN_POINT('Origin',(62.5871158073468,-72.1539541685523,-1.));
#9581=CARTESIAN_POINT('',(62.599500008032,-70.4203297737455,-1.));
#9582=CARTESIAN_POINT('Origin',(65.6500266293316,-69.7469564236907,-1.));
#9583=CARTESIAN_POINT('',(65.6500266293316,-69.7469564236907,-1.));
#9584=CARTESIAN_POINT('Origin',(63.9626235614979,-69.3491150013108,-1.));
#9585=CARTESIAN_POINT('',(63.9626235614979,-69.3491150013108,-1.));
#9586=CARTESIAN_POINT('Origin',(62.599500008032,-70.4203297737455,-1.));
#9587=CARTESIAN_POINT('Origin',(7.,-23.1,-1.));
#9588=CARTESIAN_POINT('',(7.,-16.1,-1.));
#9589=CARTESIAN_POINT('Origin',(83.6,-16.1,-1.));
#9590=CARTESIAN_POINT('Origin',(17.4231731268547,0.,9.66491880089338));
#9591=CARTESIAN_POINT('',(10.1786136854259,2.00000000000001,9.66491880089338));
#9592=CARTESIAN_POINT('',(17.4231731268547,2.00000000000001,9.66491880089338));
#9593=CARTESIAN_POINT('',(51.0115865634273,2.00000000000001,9.66491880089338));
#9594=CARTESIAN_POINT('',(10.1786136854259,1.5,9.66491880089338));
#9595=CARTESIAN_POINT('',(10.1786136854259,0.,9.66491880089338));
#9596=CARTESIAN_POINT('',(17.4231731268547,1.5,9.66491880089338));
#9597=CARTESIAN_POINT('',(17.4231731268547,1.5,9.66491880089338));
#9598=CARTESIAN_POINT('',(17.4231731268547,0.,9.66491880089338));
#9599=CARTESIAN_POINT('Origin',(17.4231731268547,0.,10.6649188008934));
#9600=CARTESIAN_POINT('',(18.4231731268547,2.00000000000001,10.6649188008934));
#9601=CARTESIAN_POINT('Origin',(17.4231731268547,2.00000000000001,10.6649188008934));
#9602=CARTESIAN_POINT('',(18.4231731268547,1.5,10.6649188008934));
#9603=CARTESIAN_POINT('Origin',(17.4231731268547,1.5,10.6649188008934));
#9604=CARTESIAN_POINT('',(18.4231731268547,0.,10.6649188008934));
#9605=CARTESIAN_POINT('Origin',(18.4231731268547,0.,12.2205185860583));
#9606=CARTESIAN_POINT('',(18.4231731268547,2.00000000000001,12.2205185860583));
#9607=CARTESIAN_POINT('',(18.4231731268547,2.00000000000001,6.11025929302911));
#9608=CARTESIAN_POINT('',(18.4231731268547,1.5,12.2205185860583));
#9609=CARTESIAN_POINT('',(18.4231731268547,1.5,12.2205185860583));
#9610=CARTESIAN_POINT('',(18.4231731268547,0.,12.2205185860583));
#9611=CARTESIAN_POINT('Origin',(17.4231731268547,0.,12.2205185860583));
#9612=CARTESIAN_POINT('',(17.4231731268547,2.00000000000001,13.2205185860583));
#9613=CARTESIAN_POINT('Origin',(17.4231731268547,2.00000000000001,12.2205185860583));
#9614=CARTESIAN_POINT('',(17.4231731268547,1.5,13.2205185860583));
#9615=CARTESIAN_POINT('Origin',(17.4231731268547,1.5,12.2205185860583));
#9616=CARTESIAN_POINT('',(17.4231731268547,0.,13.2205185860583));
#9617=CARTESIAN_POINT('Origin',(10.1786136854259,0.,13.2205185860583));
#9618=CARTESIAN_POINT('',(10.1786136854259,2.00000000000001,13.2205185860583));
#9619=CARTESIAN_POINT('',(47.3893068427129,2.00000000000001,13.2205185860583));
#9620=CARTESIAN_POINT('',(10.1786136854259,1.5,13.2205185860583));
#9621=CARTESIAN_POINT('',(10.1786136854259,1.5,13.2205185860583));
#9622=CARTESIAN_POINT('',(10.1786136854259,0.,13.2205185860583));
#9623=CARTESIAN_POINT('Origin',(10.1786136854259,0.,12.2205185860583));
#9624=CARTESIAN_POINT('',(9.17861368542587,2.00000000000001,12.2205185860583));
#9625=CARTESIAN_POINT('Origin',(10.1786136854259,2.00000000000001,12.2205185860583));
#9626=CARTESIAN_POINT('',(9.17861368542587,1.5,12.2205185860583));
#9627=CARTESIAN_POINT('Origin',(10.1786136854259,1.5,12.2205185860583));
#9628=CARTESIAN_POINT('',(9.17861368542587,0.,12.2205185860583));
#9629=CARTESIAN_POINT('Origin',(9.17861368542587,0.,10.6649188008934));
#9630=CARTESIAN_POINT('',(9.17861368542587,2.00000000000001,10.6649188008934));
#9631=CARTESIAN_POINT('',(9.17861368542587,2.00000000000001,5.33245940044669));
#9632=CARTESIAN_POINT('',(9.17861368542587,1.5,10.6649188008934));
#9633=CARTESIAN_POINT('',(9.17861368542587,1.5,10.6649188008934));
#9634=CARTESIAN_POINT('',(9.17861368542587,0.,10.6649188008934));
#9635=CARTESIAN_POINT('Origin',(10.1786136854259,0.,10.6649188008934));
#9636=CARTESIAN_POINT('Origin',(10.1786136854259,2.00000000000001,10.6649188008934));
#9637=CARTESIAN_POINT('Origin',(10.1786136854259,1.5,10.6649188008934));
#9638=CARTESIAN_POINT('Origin',(30.7922283190748,0.,9.66491880089338));
#9639=CARTESIAN_POINT('',(26.0792559246835,2.00000000000001,9.66491880089338));
#9640=CARTESIAN_POINT('',(30.7922283190748,2.00000000000001,9.66491880089338));
#9641=CARTESIAN_POINT('',(57.6961141595374,2.00000000000001,9.66491880089338));
#9642=CARTESIAN_POINT('',(26.0792559246835,1.5,9.66491880089338));
#9643=CARTESIAN_POINT('',(26.0792559246835,0.,9.66491880089338));
#9644=CARTESIAN_POINT('',(30.7922283190748,1.5,9.66491880089338));
#9645=CARTESIAN_POINT('',(30.7922283190748,1.5,9.66491880089338));
#9646=CARTESIAN_POINT('',(30.7922283190748,0.,9.66491880089338));
#9647=CARTESIAN_POINT('Origin',(31.7922283190748,0.,10.6649188008934));
#9648=CARTESIAN_POINT('',(31.7922283190748,2.00000000000001,10.6649188008934));
#9649=CARTESIAN_POINT('',(42.3279415390828,2.00000000000001,21.2006320209013));
#9650=CARTESIAN_POINT('',(31.7922283190748,1.5,10.6649188008934));
#9651=CARTESIAN_POINT('',(31.7922283190748,1.5,10.6649188008934));
#9652=CARTESIAN_POINT('',(31.7922283190748,0.,10.6649188008934));
#9653=CARTESIAN_POINT('Origin',(31.7922283190748,0.,12.3791810066825));
#9654=CARTESIAN_POINT('',(31.7922283190748,2.00000000000001,12.3791810066825));
#9655=CARTESIAN_POINT('',(31.7922283190748,2.00000000000001,6.18959050334124));
#9656=CARTESIAN_POINT('',(31.7922283190748,1.5,12.3791810066825));
#9657=CARTESIAN_POINT('',(31.7922283190748,1.5,12.3791810066825));
#9658=CARTESIAN_POINT('',(31.7922283190748,0.,12.3791810066825));
#9659=CARTESIAN_POINT('Origin',(31.2922283190749,0.,12.3791810066825));
#9660=CARTESIAN_POINT('',(31.2922283190748,2.00000000000001,12.8791810066825));
#9661=CARTESIAN_POINT('Origin',(31.2922283190749,2.00000000000001,12.3791810066825));
#9662=CARTESIAN_POINT('',(31.2922283190748,1.5,12.8791810066825));
#9663=CARTESIAN_POINT('Origin',(31.2922283190749,1.5,12.3791810066825));
#9664=CARTESIAN_POINT('',(31.2922283190748,0.,12.8791810066825));
#9665=CARTESIAN_POINT('Origin',(25.5792559246835,0.,12.8791810066825));
#9666=CARTESIAN_POINT('',(25.5792559246835,2.00000000000001,12.8791810066825));
#9667=CARTESIAN_POINT('',(55.0896279623417,2.00000000000001,12.8791810066825));
#9668=CARTESIAN_POINT('',(25.5792559246835,1.5,12.8791810066825));
#9669=CARTESIAN_POINT('',(25.5792559246835,1.5,12.8791810066825));
#9670=CARTESIAN_POINT('',(25.5792559246835,0.,12.8791810066825));
#9671=CARTESIAN_POINT('Origin',(25.5792559246834,0.,12.3791810066825));
#9672=CARTESIAN_POINT('',(25.0792559246834,2.00000000000001,12.3791810066825));
#9673=CARTESIAN_POINT('Origin',(25.5792559246834,2.00000000000001,12.3791810066825));
#9674=CARTESIAN_POINT('',(25.0792559246834,1.5,12.3791810066825));
#9675=CARTESIAN_POINT('Origin',(25.5792559246834,1.5,12.3791810066825));
#9676=CARTESIAN_POINT('',(25.0792559246834,0.,12.3791810066825));
#9677=CARTESIAN_POINT('Origin',(25.0792559246835,0.,10.6649188008934));
#9678=CARTESIAN_POINT('',(25.0792559246835,2.00000000000001,10.6649188008934));
#9679=CARTESIAN_POINT('',(25.0792559246835,2.00000000000001,5.33245940044661));
#9680=CARTESIAN_POINT('',(25.0792559246835,1.5,10.6649188008934));
#9681=CARTESIAN_POINT('',(25.0792559246835,1.5,10.6649188008934));
#9682=CARTESIAN_POINT('',(25.0792559246835,0.,10.6649188008934));
#9683=CARTESIAN_POINT('Origin',(26.0792559246835,0.,9.66491880089338));
#9684=CARTESIAN_POINT('',(43.1256716437359,2.00000000000001,-7.3814969181591));
#9685=CARTESIAN_POINT('',(26.0792559246835,1.5,9.66491880089338));
#9686=CARTESIAN_POINT('Origin',(44.246617906139,0.,9.66491880089338));
#9687=CARTESIAN_POINT('',(39.4198663186223,2.00000000000001,9.66491880089338));
#9688=CARTESIAN_POINT('',(44.246617906139,2.00000000000001,9.66491880089338));
#9689=CARTESIAN_POINT('',(64.4233089530695,2.00000000000001,9.66491880089338));
#9690=CARTESIAN_POINT('',(39.4198663186223,1.5,9.66491880089338));
#9691=CARTESIAN_POINT('',(39.4198663186223,0.,9.66491880089338));
#9692=CARTESIAN_POINT('',(44.246617906139,1.5,9.66491880089338));
#9693=CARTESIAN_POINT('',(44.246617906139,1.5,9.66491880089338));
#9694=CARTESIAN_POINT('',(44.246617906139,0.,9.66491880089338));
#9695=CARTESIAN_POINT('Origin',(45.246617906139,0.,10.6649188008934));
#9696=CARTESIAN_POINT('',(45.246617906139,2.00000000000001,10.6649188008934));
#9697=CARTESIAN_POINT('',(52.4187337293808,2.00000000000001,17.8370346241353));
#9698=CARTESIAN_POINT('',(45.246617906139,1.5,10.6649188008934));
#9699=CARTESIAN_POINT('',(45.246617906139,1.5,10.6649188008934));
#9700=CARTESIAN_POINT('',(45.246617906139,0.,10.6649188008934));
#9701=CARTESIAN_POINT('Origin',(45.2466179061389,0.,12.3791810066825));
#9702=CARTESIAN_POINT('',(45.2466179061389,2.00000000000001,12.3791810066825));
#9703=CARTESIAN_POINT('',(45.246617906139,2.00000000000001,6.18959050334113));
#9704=CARTESIAN_POINT('',(45.2466179061389,1.5,12.3791810066825));
#9705=CARTESIAN_POINT('',(45.2466179061389,1.5,12.3791810066825));
#9706=CARTESIAN_POINT('',(45.2466179061389,0.,12.3791810066825));
#9707=CARTESIAN_POINT('Origin',(44.746617906139,0.,12.3791810066825));
#9708=CARTESIAN_POINT('',(44.746617906139,2.00000000000001,12.8791810066825));
#9709=CARTESIAN_POINT('Origin',(44.746617906139,2.00000000000001,12.3791810066825));
#9710=CARTESIAN_POINT('',(44.746617906139,1.5,12.8791810066825));
#9711=CARTESIAN_POINT('Origin',(44.746617906139,1.5,12.3791810066825));
#9712=CARTESIAN_POINT('',(44.746617906139,0.,12.8791810066825));
#9713=CARTESIAN_POINT('Origin',(38.9198663186223,0.,12.8791810066825));
#9714=CARTESIAN_POINT('',(38.9198663186223,2.00000000000001,12.8791810066825));
#9715=CARTESIAN_POINT('',(61.7599331593111,2.00000000000001,12.8791810066825));
#9716=CARTESIAN_POINT('',(38.9198663186223,1.5,12.8791810066825));
#9717=CARTESIAN_POINT('',(38.9198663186223,1.5,12.8791810066825));
#9718=CARTESIAN_POINT('',(38.9198663186223,0.,12.8791810066825));
#9719=CARTESIAN_POINT('Origin',(38.9198663186223,0.,12.3791810066825));
#9720=CARTESIAN_POINT('',(38.4198663186223,2.00000000000001,12.3791810066825));
#9721=CARTESIAN_POINT('Origin',(38.9198663186223,2.00000000000001,12.3791810066825));
#9722=CARTESIAN_POINT('',(38.4198663186223,1.5,12.3791810066825));
#9723=CARTESIAN_POINT('Origin',(38.9198663186223,1.5,12.3791810066825));
#9724=CARTESIAN_POINT('',(38.4198663186223,0.,12.3791810066825));
#9725=CARTESIAN_POINT('Origin',(38.4198663186223,0.,10.6649188008934));
#9726=CARTESIAN_POINT('',(38.4198663186223,2.00000000000001,10.6649188008934));
#9727=CARTESIAN_POINT('',(38.4198663186223,2.00000000000001,5.33245940044669));
#9728=CARTESIAN_POINT('',(38.4198663186223,1.5,10.6649188008934));
#9729=CARTESIAN_POINT('',(38.4198663186223,1.5,10.6649188008934));
#9730=CARTESIAN_POINT('',(38.4198663186223,0.,10.6649188008934));
#9731=CARTESIAN_POINT('Origin',(39.4198663186223,0.,9.66491880089338));
#9732=CARTESIAN_POINT('',(53.13112943919,2.00000000000001,-4.04634431967439));
#9733=CARTESIAN_POINT('',(39.4198663186223,1.5,9.66491880089338));
#9734=CARTESIAN_POINT('Origin',(47.7510018312467,0.,12.1983524323392));
#9735=CARTESIAN_POINT('',(47.7510018312467,0.,12.1983524323392));
#9736=CARTESIAN_POINT('',(47.7510018312467,0.,10.6983524323392));
#9737=CARTESIAN_POINT('',(47.7510018312467,0.,6.0991762161696));
#9738=CARTESIAN_POINT('',(47.7510018312467,1.5,12.1983524323392));
#9739=CARTESIAN_POINT('',(47.7510018312467,0.,12.1983524323392));
#9740=CARTESIAN_POINT('',(47.7510018312467,1.5,10.6983524323392));
#9741=CARTESIAN_POINT('',(47.7510018312467,1.5,12.1983524323392));
#9742=CARTESIAN_POINT('',(47.7510018312467,0.,10.6983524323392));
#9743=CARTESIAN_POINT('Origin',(44.5010018312467,0.,12.1983524323392));
#9744=CARTESIAN_POINT('',(44.5010018312467,0.,15.4483524323392));
#9745=CARTESIAN_POINT('Origin',(44.5010018312467,0.,12.1983524323392));
#9746=CARTESIAN_POINT('',(44.5010018312467,1.5,15.4483524323392));
#9747=CARTESIAN_POINT('',(44.5010018312467,0.,15.4483524323392));
#9748=CARTESIAN_POINT('Origin',(44.5010018312467,1.5,12.1983524323392));
#9749=CARTESIAN_POINT('Origin',(10.2519867173103,0.,15.4483524323392));
#9750=CARTESIAN_POINT('',(10.2519867173103,0.,15.4483524323392));
#9751=CARTESIAN_POINT('',(8.62599335865516,0.,15.4483524323392));
#9752=CARTESIAN_POINT('',(10.2519867173103,1.5,15.4483524323392));
#9753=CARTESIAN_POINT('',(10.2519867173103,0.,15.4483524323392));
#9754=CARTESIAN_POINT('',(10.2519867173103,1.5,15.4483524323392));
#9755=CARTESIAN_POINT('Origin',(10.2519867173103,0.,12.1983524323392));
#9756=CARTESIAN_POINT('',(7.00198671731032,0.,12.1983524323392));
#9757=CARTESIAN_POINT('Origin',(10.2519867173103,0.,12.1983524323392));
#9758=CARTESIAN_POINT('',(7.00198671731032,1.5,12.1983524323392));
#9759=CARTESIAN_POINT('',(7.00198671731032,0.,12.1983524323392));
#9760=CARTESIAN_POINT('Origin',(10.2519867173103,1.5,12.1983524323392));
#9761=CARTESIAN_POINT('Origin',(7.00198671731032,0.,10.6983524323392));
#9762=CARTESIAN_POINT('',(7.00198671731032,0.,10.6983524323392));
#9763=CARTESIAN_POINT('',(7.00198671731032,0.,5.3491762161696));
#9764=CARTESIAN_POINT('',(7.00198671731032,1.5,10.6983524323392));
#9765=CARTESIAN_POINT('',(7.00198671731032,0.,10.6983524323392));
#9766=CARTESIAN_POINT('',(7.00198671731032,1.5,10.6983524323392));
#9767=CARTESIAN_POINT('Origin',(10.2519867173103,0.,10.6983524323392));
#9768=CARTESIAN_POINT('',(10.2519867173103,0.,7.4483524323392));
#9769=CARTESIAN_POINT('Origin',(10.2519867173103,0.,10.6983524323392));
#9770=CARTESIAN_POINT('',(10.2519867173103,1.5,7.4483524323392));
#9771=CARTESIAN_POINT('',(10.2519867173103,0.,7.4483524323392));
#9772=CARTESIAN_POINT('Origin',(10.2519867173103,1.5,10.6983524323392));
#9773=CARTESIAN_POINT('Origin',(44.5010018312467,0.,7.4483524323392));
#9774=CARTESIAN_POINT('',(44.5010018312467,0.,7.4483524323392));
#9775=CARTESIAN_POINT('',(25.7505009156233,0.,7.4483524323392));
#9776=CARTESIAN_POINT('',(44.5010018312467,1.5,7.4483524323392));
#9777=CARTESIAN_POINT('',(44.5010018312467,0.,7.4483524323392));
#9778=CARTESIAN_POINT('',(44.5010018312467,1.5,7.4483524323392));
#9779=CARTESIAN_POINT('Origin',(44.5010018312467,0.,10.6983524323392));
#9780=CARTESIAN_POINT('Origin',(44.5010018312467,0.,10.6983524323392));
#9781=CARTESIAN_POINT('Origin',(44.5010018312467,1.5,10.6983524323392));
#9782=CARTESIAN_POINT('Origin',(27.3764942742785,1.5,11.4483524323392));
#9783=CARTESIAN_POINT('Origin',(7.,0.,0.));
#9784=CARTESIAN_POINT('',(7.,0.,30.));
#9785=CARTESIAN_POINT('',(83.6,0.,30.));
#9786=CARTESIAN_POINT('',(7.,0.,30.));
#9787=CARTESIAN_POINT('',(7.,0.,0.));
#9788=CARTESIAN_POINT('',(7.,0.,0.));
#9789=CARTESIAN_POINT('',(83.6,0.,0.));
#9790=CARTESIAN_POINT('',(7.,0.,0.));
#9791=CARTESIAN_POINT('',(83.6,0.,0.));
#9792=CARTESIAN_POINT('Origin',(6.3,6.30000000000001,8.));
#9793=CARTESIAN_POINT('',(8.85147016443461,2.00000000000001,8.));
#9794=CARTESIAN_POINT('',(6.,2.00000000000001,8.));
#9795=CARTESIAN_POINT('',(45.45,2.00000000000001,8.));
#9796=CARTESIAN_POINT('',(2.,8.85147016443463,8.));
#9797=CARTESIAN_POINT('Origin',(6.3,6.30000000000001,8.));
#9798=CARTESIAN_POINT('',(2.,6.00000000000001,8.));
#9799=CARTESIAN_POINT('',(2.,7.57573508221732,8.));
#9800=CARTESIAN_POINT('Origin',(6.,6.00000000000001,8.));
#9801=CARTESIAN_POINT('',(7.54449177444682,4.73710462570007,8.));
#9802=CARTESIAN_POINT('',(5.85400712243331,4.35256782381678,8.));
#9803=CARTESIAN_POINT('',(5.85400712243331,4.35256782381678,8.));
#9804=CARTESIAN_POINT('',(4.49936420382426,5.43448717097634,8.));
#9805=CARTESIAN_POINT('',(4.49936420382426,5.43448717097634,8.));
#9806=CARTESIAN_POINT('',(4.50063676601198,7.16815533163492,8.));
#9807=CARTESIAN_POINT('',(4.50063676601198,7.16815533163492,8.));
#9808=CARTESIAN_POINT('',(5.85686654371356,8.24808482043099,8.));
#9809=CARTESIAN_POINT('',(5.85686654371356,8.24808482043099,8.));
#9810=CARTESIAN_POINT('',(7.54678485227401,7.86106670575414,8.));
#9811=CARTESIAN_POINT('',(7.54678485227401,7.86106670575414,8.));
#9812=CARTESIAN_POINT('',(8.29784873729602,6.29853352168684,8.));
#9813=CARTESIAN_POINT('',(8.29784873729602,6.29853352168684,8.));
#9814=CARTESIAN_POINT('',(7.54449177444682,4.73710462570007,8.));
#9815=CARTESIAN_POINT('Origin',(0.,21.3173100298885,11.4969997019714));
#9816=CARTESIAN_POINT('',(0.,23.1173100298885,11.4969997019714));
#9817=CARTESIAN_POINT('Origin',(0.,21.3173100298885,11.4969997019714));
#9818=CARTESIAN_POINT('',(2.,23.1173100298885,11.4969997019714));
#9819=CARTESIAN_POINT('',(0.,23.1173100298885,11.4969997019714));
#9820=CARTESIAN_POINT('Origin',(2.,21.3173100298885,11.4969997019714));
#9821=CARTESIAN_POINT('Origin',(0.,25.5000003799796,0.));
#9822=CARTESIAN_POINT('',(0.,54.5,0.));
#9823=CARTESIAN_POINT('',(0.,39.5000005736947,0.));
#9824=CARTESIAN_POINT('',(0.,54.5,0.));
#9825=CARTESIAN_POINT('',(0.,39.5000005736947,9.5));
#9826=CARTESIAN_POINT('',(0.,39.5000005736947,0.));
#9827=CARTESIAN_POINT('',(0.,22.5000003799796,9.5));
#9828=CARTESIAN_POINT('',(0.,32.0000004768372,9.5));
#9829=CARTESIAN_POINT('',(0.,22.5000003799796,0.));
#9830=CARTESIAN_POINT('',(0.,22.5000003799796,0.));
#9831=CARTESIAN_POINT('',(0.,7.,0.));
#9832=CARTESIAN_POINT('',(0.,54.5,0.));
#9833=CARTESIAN_POINT('',(0.,7.,30.));
#9834=CARTESIAN_POINT('',(0.,7.,0.));
#9835=CARTESIAN_POINT('',(0.,54.5,30.));
#9836=CARTESIAN_POINT('',(0.,54.5,30.));
#9837=CARTESIAN_POINT('',(0.,54.5,0.));
#9838=CARTESIAN_POINT('Origin',(2.,8.85147016443463,0.));
#9839=CARTESIAN_POINT('',(2.,39.5000005736947,2.));
#9840=CARTESIAN_POINT('',(2.,39.5000005736947,9.5));
#9841=CARTESIAN_POINT('',(2.,39.5000005736947,0.));
#9842=CARTESIAN_POINT('',(2.,52.7485298355654,2.));
#9843=CARTESIAN_POINT('',(2.,34.6250002868474,2.));
#9844=CARTESIAN_POINT('',(2.,52.7485298355654,8.));
#9845=CARTESIAN_POINT('',(2.,52.7485298355654,0.));
#9846=CARTESIAN_POINT('',(2.,55.5,8.));
#9847=CARTESIAN_POINT('',(2.,46.9000002868474,8.));
#9848=CARTESIAN_POINT('',(2.,55.5,30.));
#9849=CARTESIAN_POINT('',(2.,55.5,0.));
#9850=CARTESIAN_POINT('',(2.,6.00000000000001,30.));
#9851=CARTESIAN_POINT('',(2.,34.6250002868474,30.));
#9852=CARTESIAN_POINT('',(2.,6.00000000000001,0.));
#9853=CARTESIAN_POINT('',(2.,8.85147016443463,2.));
#9854=CARTESIAN_POINT('',(2.,8.85147016443463,0.));
#9855=CARTESIAN_POINT('',(2.,22.5000003799796,2.));
#9856=CARTESIAN_POINT('',(2.,19.8007350822173,2.));
#9857=CARTESIAN_POINT('',(2.,22.5000003799796,9.5));
#9858=CARTESIAN_POINT('',(2.,22.5000003799796,0.));
#9859=CARTESIAN_POINT('',(2.,23.6757353690647,9.5));
#9860=CARTESIAN_POINT('Origin',(2.,22.5000003799796,0.));
#9861=CARTESIAN_POINT('',(2.,22.5000003799796,9.5));
#9862=CARTESIAN_POINT('',(8.00000011920929,22.5000003799796,2.));
#9863=CARTESIAN_POINT('',(23.65,22.5000003799796,2.));
#9864=CARTESIAN_POINT('',(8.00000011920929,22.5000003799796,0.));
#9865=CARTESIAN_POINT('',(8.00000011920929,22.5000003799796,0.));
#9866=CARTESIAN_POINT('',(23.65,22.5000003799796,0.));
#9867=CARTESIAN_POINT('Origin',(45.3,30.75,0.));
#9868=CARTESIAN_POINT('',(7.,61.5,0.));
#9869=CARTESIAN_POINT('Origin',(7.,54.5,0.));
#9870=CARTESIAN_POINT('',(83.6,61.5,0.));
#9871=CARTESIAN_POINT('',(83.6,61.5,0.));
#9872=CARTESIAN_POINT('',(90.6,54.5,0.));
#9873=CARTESIAN_POINT('Origin',(83.6,54.5,0.));
#9874=CARTESIAN_POINT('',(90.6,7.,0.));
#9875=CARTESIAN_POINT('',(90.6,7.,0.));
#9876=CARTESIAN_POINT('Origin',(83.6,7.,0.));
#9877=CARTESIAN_POINT('Origin',(7.,7.,0.));
#9878=CARTESIAN_POINT('',(8.00000011920929,39.5000005736947,0.));
#9879=CARTESIAN_POINT('',(8.00000011920929,25.5000003799796,0.));
#9880=CARTESIAN_POINT('',(22.65,39.5000005736947,0.));
#9881=CARTESIAN_POINT('',(65.5345288005593,4.72922300492289,0.));
#9882=CARTESIAN_POINT('',(63.8416332105618,4.35544308028434,0.));
#9883=CARTESIAN_POINT('',(63.8416332105618,4.35544308028434,0.));
#9884=CARTESIAN_POINT('',(66.2977990239375,6.2858300448659,0.));
#9885=CARTESIAN_POINT('',(65.5345288005593,4.72922300492289,0.));
#9886=CARTESIAN_POINT('',(65.5566858346174,7.85310735003931,0.));
#9887=CARTESIAN_POINT('',(66.2977990239375,6.2858300448659,0.));
#9888=CARTESIAN_POINT('',(63.869262580111,8.25086314301681,0.));
#9889=CARTESIAN_POINT('',(65.5566858346174,7.85310735003931,0.));
#9890=CARTESIAN_POINT('',(62.5061933882232,7.17957919894682,0.));
#9891=CARTESIAN_POINT('',(63.869262580111,8.25086314301681,0.));
#9892=CARTESIAN_POINT('',(62.4938971619898,5.44595417792404,0.));
#9893=CARTESIAN_POINT('',(62.5061933882232,7.17957919894682,0.));
#9894=CARTESIAN_POINT('',(62.4938971619898,5.44595417792404,0.));
#9895=CARTESIAN_POINT('',(7.54449177444682,4.73710462570007,0.));
#9896=CARTESIAN_POINT('',(5.85400712243331,4.35256782381678,0.));
#9897=CARTESIAN_POINT('',(5.85400712243331,4.35256782381678,0.));
#9898=CARTESIAN_POINT('',(8.29784873729602,6.29853352168684,0.));
#9899=CARTESIAN_POINT('',(7.54449177444682,4.73710462570007,0.));
#9900=CARTESIAN_POINT('',(7.54678485227401,7.86106670575414,0.));
#9901=CARTESIAN_POINT('',(8.29784873729602,6.29853352168684,0.));
#9902=CARTESIAN_POINT('',(5.85686654371356,8.24808482043099,0.));
#9903=CARTESIAN_POINT('',(7.54678485227401,7.86106670575414,0.));
#9904=CARTESIAN_POINT('',(4.50063676601198,7.16815533163492,0.));
#9905=CARTESIAN_POINT('',(5.85686654371356,8.24808482043099,0.));
#9906=CARTESIAN_POINT('',(4.49936420382426,5.43448717097634,0.));
#9907=CARTESIAN_POINT('',(4.50063676601198,7.16815533163492,0.));
#9908=CARTESIAN_POINT('',(4.49936420382426,5.43448717097634,0.));
#9909=CARTESIAN_POINT('',(7.54565573291027,53.738032163346,0.));
#9910=CARTESIAN_POINT('',(5.85545801679781,53.3522361147088,0.));
#9911=CARTESIAN_POINT('',(5.85545801679781,53.3522361147088,0.));
#9912=CARTESIAN_POINT('',(8.29784927539503,55.3000218513209,0.));
#9913=CARTESIAN_POINT('',(7.54565573291027,53.738032163346,0.));
#9914=CARTESIAN_POINT('',(7.54562156480905,56.8619950848055,0.));
#9915=CARTESIAN_POINT('',(8.29784927539503,55.3000218513209,0.));
#9916=CARTESIAN_POINT('',(5.85541540987249,57.2477541605385,0.));
#9917=CARTESIAN_POINT('',(7.54562156480905,56.8619950848055,0.));
#9918=CARTESIAN_POINT('',(4.49999051917485,56.1668146264419,0.));
#9919=CARTESIAN_POINT('',(5.85541540987249,57.2477541605385,0.));
#9920=CARTESIAN_POINT('',(4.50000948104049,54.4331459988385,0.));
#9921=CARTESIAN_POINT('',(4.49999051917485,56.1668146264419,0.));
#9922=CARTESIAN_POINT('',(4.50000948104049,54.4331459988385,0.));
#9923=CARTESIAN_POINT('',(65.5281148287989,53.7242031555565,0.));
#9924=CARTESIAN_POINT('',(63.8337094883078,53.3573279004475,0.));
#9925=CARTESIAN_POINT('',(63.8337094883078,53.3573279004475,0.));
#9926=CARTESIAN_POINT('',(66.2977246542273,55.2776855749291,0.));
#9927=CARTESIAN_POINT('',(65.5281148287989,53.7242031555565,0.));
#9928=CARTESIAN_POINT('',(65.5630070688661,56.8479712115114,0.));
#9929=CARTESIAN_POINT('',(66.2977246542273,55.2776855749291,0.));
#9930=CARTESIAN_POINT('',(63.8772193999997,57.2526029529675,0.));
#9931=CARTESIAN_POINT('',(65.5630070688661,56.8479712115114,0.));
#9932=CARTESIAN_POINT('',(62.5097941460861,56.1868848449976,0.));
#9933=CARTESIAN_POINT('',(63.8772193999997,57.2526029529675,0.));
#9934=CARTESIAN_POINT('',(62.490430413714,54.4533243595906,0.));
#9935=CARTESIAN_POINT('',(62.5097941460861,56.1868848449976,0.));
#9936=CARTESIAN_POINT('',(62.490430413714,54.4533243595906,0.));
#9937=CARTESIAN_POINT('',(12.0161438536308,9.2468043706696,0.));
#9938=CARTESIAN_POINT('Origin',(13.7161438536308,9.2468043706696,0.));
#9939=CARTESIAN_POINT('',(55.0161444943807,52.2468050114195,0.));
#9940=CARTESIAN_POINT('Origin',(56.7161444943807,52.2468050114195,0.));
#9941=CARTESIAN_POINT('',(12.0161438536308,52.2468050114195,0.));
#9942=CARTESIAN_POINT('Origin',(13.7161438536308,52.2468050114195,0.));
#9943=CARTESIAN_POINT('',(49.037990934197,14.8209978523698,0.));
#9944=CARTESIAN_POINT('',(50.2054024865219,14.248456015676,0.));
#9945=CARTESIAN_POINT('',(44.3826510862384,17.1041488299969,0.));
#9946=CARTESIAN_POINT('',(51.3809029169259,14.8042011239645,0.));
#9947=CARTESIAN_POINT('',(51.3889133360747,14.8079882355148,0.));
#9948=CARTESIAN_POINT('',(51.6793164254757,16.0697457755598,0.));
#9949=CARTESIAN_POINT('',(53.0017291575809,21.6779783534015,0.));
#9950=CARTESIAN_POINT('',(50.8759315537072,17.0921090354043,0.));
#9951=CARTESIAN_POINT('',(46.8956558340306,22.1572873862125,0.));
#9952=CARTESIAN_POINT('',(49.5757134961269,17.1014305164253,0.));
#9953=CARTESIAN_POINT('',(48.039153724713,17.1124463707762,0.));
#9954=CARTESIAN_POINT('',(48.7577529697076,16.0906909532903,0.));
#9955=CARTESIAN_POINT('',(52.0668150534719,20.1796412839029,0.));
#9956=CARTESIAN_POINT('',(47.134839894887,23.4437329947127,0.));
#9957=CARTESIAN_POINT('',(18.7947994264204,15.272522678167,0.));
#9958=CARTESIAN_POINT('',(19.7007585692873,14.3398427123039,0.));
#9959=CARTESIAN_POINT('',(21.3608058523936,12.6308331443458,0.));
#9960=CARTESIAN_POINT('',(20.9948134161444,14.4666336449134,0.));
#9961=CARTESIAN_POINT('',(33.1749570874341,15.6600388387902,0.));
#9962=CARTESIAN_POINT('',(21.7025142734001,15.5574193176769,0.));
#9963=CARTESIAN_POINT('',(28.3123862220543,25.7452741810319,0.));
#9964=CARTESIAN_POINT('',(21.2909479610742,16.7908158710306,0.));
#9965=CARTESIAN_POINT('',(20.6038203090538,18.8500244416408,0.));
#9966=CARTESIAN_POINT('',(20.0700323067709,17.2380505435947,0.));
#9967=CARTESIAN_POINT('',(29.621014772395,13.7394218704157,0.));
#9968=CARTESIAN_POINT('',(18.9591417003212,16.5623465050036,0.));
#9969=CARTESIAN_POINT('',(32.2778134644747,24.6634864799547,0.));
#9970=CARTESIAN_POINT('',(20.0589580322584,25.1941444983385,0.));
#9971=CARTESIAN_POINT('',(49.6580603512589,44.3562274556903,0.));
#9972=CARTESIAN_POINT('',(50.9553819222536,44.4434663730283,0.));
#9973=CARTESIAN_POINT('',(47.0334204991416,44.1797324800266,0.));
#9974=CARTESIAN_POINT('',(51.6960425594288,45.5121457954022,0.));
#9975=CARTESIAN_POINT('',(46.8323642003951,38.4944743836101,0.));
#9976=CARTESIAN_POINT('',(51.3223096962681,46.7575283206771,0.));
#9977=CARTESIAN_POINT('',(53.4638566250798,39.6212944352149,0.));
#9978=CARTESIAN_POINT('',(50.1156118014925,47.2418155061471,0.));
#9979=CARTESIAN_POINT('',(51.4954404167846,46.6880453210628,0.));
#9980=CARTESIAN_POINT('',(48.9846170020192,46.6003292234951,0.));
#9981=CARTESIAN_POINT('',(44.755262909495,44.2014918140782,0.));
#9982=CARTESIAN_POINT('',(48.7809874499411,45.3161217274934,0.));
#9983=CARTESIAN_POINT('',(47.7136043736459,38.5845774418305,0.));
#9984=CARTESIAN_POINT('',(51.6158090624547,42.2136099256272,0.));
#9985=CARTESIAN_POINT('',(21.0049029462021,47.0207840032825,0.));
#9986=CARTESIAN_POINT('',(19.7118901808726,47.1577944990894,0.));
#9987=CARTESIAN_POINT('',(33.8700459164306,45.6575649661309,0.));
#9988=CARTESIAN_POINT('',(18.7985907889661,46.2323010588049,0.));
#9989=CARTESIAN_POINT('',(21.922489085563,49.3979085334591,0.));
#9990=CARTESIAN_POINT('',(18.9527378405006,44.9412191195889,0.));
#9991=CARTESIAN_POINT('',(19.8960777701428,37.0401328933044,0.));
#9992=CARTESIAN_POINT('',(20.0582554616439,44.2567597149432,0.));
#9993=CARTESIAN_POINT('',(31.6516858723811,37.0789162098083,0.));
#9994=CARTESIAN_POINT('',(21.2826663352253,44.6943347369932,0.));
#9995=CARTESIAN_POINT('',(29.1096143783311,47.4914978759719,0.));
#9996=CARTESIAN_POINT('',(21.7039641000079,45.9244412692316,0.));
#9997=CARTESIAN_POINT('',(20.4061865584014,42.1351863413153,0.));
#9998=CARTESIAN_POINT('',(28.5536561588141,35.1820189814605,0.));
#9999=CARTESIAN_POINT('',(55.0161444943807,9.24680437066959,0.));
#10000=CARTESIAN_POINT('Origin',(56.7161444943807,9.24680437066959,0.));
#10001=CARTESIAN_POINT('Origin',(45.3,30.75,2.));
#10002=CARTESIAN_POINT('',(8.00000011920929,39.5000005736947,2.));
#10003=CARTESIAN_POINT('',(8.00000011920929,25.5000003799796,2.));
#10004=CARTESIAN_POINT('',(8.85147016443461,2.00000000000001,2.));
#10005=CARTESIAN_POINT('Origin',(6.3,6.30000000000001,2.));
#10006=CARTESIAN_POINT('',(61.7485298355654,2.00000000000001,2.));
#10007=CARTESIAN_POINT('',(64.95,2.00000000000001,2.));
#10008=CARTESIAN_POINT('',(66.8514701644346,2.00000000000001,2.));
#10009=CARTESIAN_POINT('Origin',(64.3,6.30000000000001,2.));
#10010=CARTESIAN_POINT('',(84.6,2.00000000000001,2.));
#10011=CARTESIAN_POINT('',(64.95,2.00000000000001,2.));
#10012=CARTESIAN_POINT('',(88.6,6.00000000000003,2.));
#10013=CARTESIAN_POINT('Origin',(84.6,6.00000000000003,2.));
#10014=CARTESIAN_POINT('',(88.6,55.5,2.));
#10015=CARTESIAN_POINT('',(88.6,43.125,2.));
#10016=CARTESIAN_POINT('',(84.6,59.5,2.));
#10017=CARTESIAN_POINT('Origin',(84.6,55.5,2.));
#10018=CARTESIAN_POINT('',(67.0129319932501,59.5,2.));
#10019=CARTESIAN_POINT('',(25.65,59.5,2.));
#10020=CARTESIAN_POINT('',(61.5870680067499,59.5,2.));
#10021=CARTESIAN_POINT('Origin',(64.3,55.3,2.));
#10022=CARTESIAN_POINT('',(9.01293199325011,59.5,2.));
#10023=CARTESIAN_POINT('',(25.65,59.5,2.));
#10024=CARTESIAN_POINT('Origin',(6.3,55.3,2.));
#10025=CARTESIAN_POINT('',(22.65,39.5000005736947,2.));
#10026=CARTESIAN_POINT('',(12.0161438536308,9.2468043706696,2.));
#10027=CARTESIAN_POINT('Origin',(13.7161438536308,9.2468043706696,2.));
#10028=CARTESIAN_POINT('',(55.0161444943807,52.2468050114195,2.));
#10029=CARTESIAN_POINT('Origin',(56.7161444943807,52.2468050114195,2.));
#10030=CARTESIAN_POINT('',(12.0161438536308,52.2468050114195,2.));
#10031=CARTESIAN_POINT('Origin',(13.7161438536308,52.2468050114195,2.));
#10032=CARTESIAN_POINT('',(50.2054024865219,14.248456015676,2.));
#10033=CARTESIAN_POINT('',(49.037990934197,14.8209978523698,2.));
#10034=CARTESIAN_POINT('',(44.3826510862384,17.1041488299969,2.));
#10035=CARTESIAN_POINT('',(48.7577529697076,16.0906909532903,2.));
#10036=CARTESIAN_POINT('',(47.134839894887,23.4437329947127,2.));
#10037=CARTESIAN_POINT('',(49.5757134961269,17.1014305164253,2.));
#10038=CARTESIAN_POINT('',(52.0668150534719,20.1796412839029,2.));
#10039=CARTESIAN_POINT('',(50.8759315537072,17.0921090354043,2.));
#10040=CARTESIAN_POINT('',(48.039153724713,17.1124463707762,2.));
#10041=CARTESIAN_POINT('',(51.6793164254757,16.0697457755598,2.));
#10042=CARTESIAN_POINT('',(46.8956558340306,22.1572873862125,2.));
#10043=CARTESIAN_POINT('',(51.3809029169259,14.8042011239645,2.));
#10044=CARTESIAN_POINT('',(53.0017291575809,21.6779783534015,2.));
#10045=CARTESIAN_POINT('',(51.3889133360747,14.8079882355148,2.));
#10046=CARTESIAN_POINT('',(19.7007585692873,14.3398427123039,2.));
#10047=CARTESIAN_POINT('',(18.7947994264204,15.272522678167,2.));
#10048=CARTESIAN_POINT('',(21.3608058523936,12.6308331443458,2.));
#10049=CARTESIAN_POINT('',(18.9591417003212,16.5623465050036,2.));
#10050=CARTESIAN_POINT('',(20.0589580322584,25.1941444983385,2.));
#10051=CARTESIAN_POINT('',(20.0700323067709,17.2380505435947,2.));
#10052=CARTESIAN_POINT('',(32.2778134644747,24.6634864799547,2.));
#10053=CARTESIAN_POINT('',(21.2909479610742,16.7908158710306,2.));
#10054=CARTESIAN_POINT('',(29.621014772395,13.7394218704157,2.));
#10055=CARTESIAN_POINT('',(21.7025142734001,15.5574193176769,2.));
#10056=CARTESIAN_POINT('',(20.6038203090538,18.8500244416408,2.));
#10057=CARTESIAN_POINT('',(20.9948134161444,14.4666336449134,2.));
#10058=CARTESIAN_POINT('',(28.3123862220543,25.7452741810319,2.));
#10059=CARTESIAN_POINT('',(33.1749570874341,15.6600388387902,2.));
#10060=CARTESIAN_POINT('',(50.9553819222536,44.4434663730283,2.));
#10061=CARTESIAN_POINT('',(49.6580603512589,44.3562274556903,2.));
#10062=CARTESIAN_POINT('',(47.0334204991416,44.1797324800266,2.));
#10063=CARTESIAN_POINT('',(48.7809874499411,45.3161217274934,2.));
#10064=CARTESIAN_POINT('',(51.6158090624547,42.2136099256272,2.));
#10065=CARTESIAN_POINT('',(48.9846170020192,46.6003292234951,2.));
#10066=CARTESIAN_POINT('',(47.7136043736459,38.5845774418305,2.));
#10067=CARTESIAN_POINT('',(50.1156118014925,47.2418155061471,2.));
#10068=CARTESIAN_POINT('',(44.755262909495,44.2014918140782,2.));
#10069=CARTESIAN_POINT('',(51.3223096962681,46.7575283206771,2.));
#10070=CARTESIAN_POINT('',(51.4954404167846,46.6880453210628,2.));
#10071=CARTESIAN_POINT('',(51.6960425594288,45.5121457954022,2.));
#10072=CARTESIAN_POINT('',(53.4638566250798,39.6212944352149,2.));
#10073=CARTESIAN_POINT('',(46.8323642003951,38.4944743836101,2.));
#10074=CARTESIAN_POINT('',(19.7118901808726,47.1577944990894,2.));
#10075=CARTESIAN_POINT('',(21.0049029462021,47.0207840032825,2.));
#10076=CARTESIAN_POINT('',(33.8700459164306,45.6575649661309,2.));
#10077=CARTESIAN_POINT('',(21.7039641000079,45.9244412692316,2.));
#10078=CARTESIAN_POINT('',(28.5536561588141,35.1820189814605,2.));
#10079=CARTESIAN_POINT('',(21.2826663352253,44.6943347369932,2.));
#10080=CARTESIAN_POINT('',(20.4061865584014,42.1351863413153,2.));
#10081=CARTESIAN_POINT('',(20.0582554616439,44.2567597149432,2.));
#10082=CARTESIAN_POINT('',(29.1096143783311,47.4914978759719,2.));
#10083=CARTESIAN_POINT('',(18.9527378405006,44.9412191195889,2.));
#10084=CARTESIAN_POINT('',(31.6516858723811,37.0789162098083,2.));
#10085=CARTESIAN_POINT('',(18.7985907889661,46.2323010588049,2.));
#10086=CARTESIAN_POINT('',(19.8960777701428,37.0401328933044,2.));
#10087=CARTESIAN_POINT('',(21.922489085563,49.3979085334591,2.));
#10088=CARTESIAN_POINT('',(55.0161444943807,9.24680437066959,2.));
#10089=CARTESIAN_POINT('Origin',(56.7161444943807,9.24680437066959,2.));
#10090=CARTESIAN_POINT('Origin',(6.3,6.30000000000001,0.));
#10091=CARTESIAN_POINT('',(8.85147016443461,2.00000000000001,0.));
#10092=CARTESIAN_POINT('Origin',(56.7161444943807,9.24680437066959,0.));
#10093=CARTESIAN_POINT('',(55.0161444943807,9.24680437066959,0.));
#10094=CARTESIAN_POINT('Origin',(18.9527378405006,44.9412191195889,0.));
#10095=CARTESIAN_POINT('',(20.0582554616439,44.2567597149432,0.));
#10096=CARTESIAN_POINT('',(18.9527378405006,44.9412191195889,0.));
#10097=CARTESIAN_POINT('Origin',(18.7985907889661,46.2323010588049,0.));
#10098=CARTESIAN_POINT('',(18.7985907889661,46.2323010588049,0.));
#10099=CARTESIAN_POINT('Origin',(19.7118901808726,47.1577944990894,0.));
#10100=CARTESIAN_POINT('',(19.7118901808726,47.1577944990894,0.));
#10101=CARTESIAN_POINT('Origin',(21.0049029462021,47.0207840032825,0.));
#10102=CARTESIAN_POINT('',(21.0049029462021,47.0207840032825,0.));
#10103=CARTESIAN_POINT('Origin',(21.7039641000079,45.9244412692316,0.));
#10104=CARTESIAN_POINT('',(21.7039641000079,45.9244412692316,0.));
#10105=CARTESIAN_POINT('Origin',(21.2826663352253,44.6943347369932,0.));
#10106=CARTESIAN_POINT('',(21.2826663352253,44.6943347369932,0.));
#10107=CARTESIAN_POINT('Origin',(20.0582554616439,44.2567597149432,0.));
#10108=CARTESIAN_POINT('Origin',(51.3223096962681,46.7575283206771,0.));
#10109=CARTESIAN_POINT('',(50.1156118014925,47.2418155061471,0.));
#10110=CARTESIAN_POINT('',(51.3223096962681,46.7575283206771,0.));
#10111=CARTESIAN_POINT('Origin',(51.6960425594288,45.5121457954022,0.));
#10112=CARTESIAN_POINT('',(51.6960425594288,45.5121457954022,0.));
#10113=CARTESIAN_POINT('Origin',(50.9553819222536,44.4434663730283,0.));
#10114=CARTESIAN_POINT('',(50.9553819222536,44.4434663730283,0.));
#10115=CARTESIAN_POINT('Origin',(49.6580603512589,44.3562274556903,0.));
#10116=CARTESIAN_POINT('',(49.6580603512589,44.3562274556903,0.));
#10117=CARTESIAN_POINT('Origin',(48.7809874499411,45.3161217274934,0.));
#10118=CARTESIAN_POINT('',(48.7809874499411,45.3161217274934,0.));
#10119=CARTESIAN_POINT('Origin',(48.9846170020192,46.6003292234951,0.));
#10120=CARTESIAN_POINT('',(48.9846170020192,46.6003292234951,0.));
#10121=CARTESIAN_POINT('Origin',(50.1156118014925,47.2418155061471,0.));
#10122=CARTESIAN_POINT('Origin',(21.7025142734001,15.5574193176769,0.));
#10123=CARTESIAN_POINT('',(21.2909479610742,16.7908158710306,0.));
#10124=CARTESIAN_POINT('',(21.7025142734001,15.5574193176769,0.));
#10125=CARTESIAN_POINT('Origin',(20.9948134161444,14.4666336449134,0.));
#10126=CARTESIAN_POINT('',(20.9948134161444,14.4666336449134,0.));
#10127=CARTESIAN_POINT('Origin',(19.7007585692873,14.3398427123039,0.));
#10128=CARTESIAN_POINT('',(19.7007585692873,14.3398427123039,0.));
#10129=CARTESIAN_POINT('Origin',(18.7947994264204,15.272522678167,0.));
#10130=CARTESIAN_POINT('',(18.7947994264204,15.272522678167,0.));
#10131=CARTESIAN_POINT('Origin',(18.9591417003212,16.5623465050036,0.));
#10132=CARTESIAN_POINT('',(18.9591417003212,16.5623465050036,0.));
#10133=CARTESIAN_POINT('Origin',(20.0700323067709,17.2380505435947,0.));
#10134=CARTESIAN_POINT('',(20.0700323067709,17.2380505435947,0.));
#10135=CARTESIAN_POINT('Origin',(21.2909479610742,16.7908158710306,0.));
#10136=CARTESIAN_POINT('Origin',(51.6793164254757,16.0697457755598,0.));
#10137=CARTESIAN_POINT('',(50.8759315537072,17.0921090354043,0.));
#10138=CARTESIAN_POINT('',(51.6793164254757,16.0697457755598,0.));
#10139=CARTESIAN_POINT('Origin',(51.3809029169259,14.8042011239645,0.));
#10140=CARTESIAN_POINT('',(51.3809029169259,14.8042011239645,0.));
#10141=CARTESIAN_POINT('Origin',(50.2054024865219,14.248456015676,0.));
#10142=CARTESIAN_POINT('',(50.2054024865219,14.248456015676,0.));
#10143=CARTESIAN_POINT('Origin',(49.037990934197,14.8209978523698,0.));
#10144=CARTESIAN_POINT('',(49.037990934197,14.8209978523698,0.));
#10145=CARTESIAN_POINT('Origin',(48.7577529697076,16.0906909532903,0.));
#10146=CARTESIAN_POINT('',(48.7577529697076,16.0906909532903,0.));
#10147=CARTESIAN_POINT('Origin',(49.5757134961269,17.1014305164253,0.));
#10148=CARTESIAN_POINT('',(49.5757134961269,17.1014305164253,0.));
#10149=CARTESIAN_POINT('Origin',(50.8759315537072,17.0921090354043,0.));
#10150=CARTESIAN_POINT('Origin',(13.7161438536308,52.2468050114195,0.));
#10151=CARTESIAN_POINT('',(12.0161438536308,52.2468050114195,0.));
#10152=CARTESIAN_POINT('Origin',(56.7161444943807,52.2468050114195,0.));
#10153=CARTESIAN_POINT('',(55.0161444943807,52.2468050114195,0.));
#10154=CARTESIAN_POINT('Origin',(13.7161438536308,9.2468043706696,0.));
#10155=CARTESIAN_POINT('',(12.0161438536308,9.2468043706696,0.));
#10156=CARTESIAN_POINT('Origin',(45.3,30.75,30.));
#10157=CARTESIAN_POINT('',(6.00000000000001,59.5,30.));
#10158=CARTESIAN_POINT('Origin',(6.00000000000001,55.5,30.));
#10159=CARTESIAN_POINT('',(84.6,59.5,30.));
#10160=CARTESIAN_POINT('',(84.6,59.5,30.));
#10161=CARTESIAN_POINT('',(88.459727969689,56.55,30.));
#10162=CARTESIAN_POINT('Origin',(84.6,55.5,30.));
#10163=CARTESIAN_POINT('',(90.2930934551969,56.55,30.));
#10164=CARTESIAN_POINT('',(66.8798639848445,56.55,30.));
#10165=CARTESIAN_POINT('',(83.6,61.5,30.));
#10166=CARTESIAN_POINT('Origin',(83.6,54.5,30.));
#10167=CARTESIAN_POINT('',(7.,61.5,30.));
#10168=CARTESIAN_POINT('',(83.6,61.5,30.));
#10169=CARTESIAN_POINT('Origin',(7.,54.5,30.));
#10170=CARTESIAN_POINT('Origin',(7.,7.,30.));
#10171=CARTESIAN_POINT('',(90.3603736440765,5.18413982022978,30.));
#10172=CARTESIAN_POINT('Origin',(83.6,7.,30.));
#10173=CARTESIAN_POINT('',(88.5159126863434,5.18413982022978,30.));
#10174=CARTESIAN_POINT('',(67.8301868220383,5.18413982022978,30.));
#10175=CARTESIAN_POINT('',(84.6,2.00000000000001,30.));
#10176=CARTESIAN_POINT('Origin',(84.6,6.00000000000003,30.));
#10177=CARTESIAN_POINT('',(6.,2.00000000000001,30.));
#10178=CARTESIAN_POINT('',(6.,2.00000000000001,30.));
#10179=CARTESIAN_POINT('Origin',(6.,6.00000000000001,30.));
#10180=CARTESIAN_POINT('Origin',(8.00000011920929,38.5000005736947,0.));
#10181=CARTESIAN_POINT('',(8.00000011920929,39.5000005736947,0.));
#10182=CARTESIAN_POINT('Origin',(4.50063676601198,7.16815533163492,0.));
#10183=CARTESIAN_POINT('',(5.85686654371356,8.24808482043099,0.));
#10184=CARTESIAN_POINT('',(4.50063676601198,7.16815533163492,0.));
#10185=CARTESIAN_POINT('Origin',(5.85686654371356,8.24808482043099,0.));
#10186=CARTESIAN_POINT('',(7.54678485227401,7.86106670575414,0.));
#10187=CARTESIAN_POINT('Origin',(7.54678485227401,7.86106670575414,0.));
#10188=CARTESIAN_POINT('',(8.29784873729602,6.29853352168684,0.));
#10189=CARTESIAN_POINT('Origin',(5.85541540987249,57.2477541605385,0.));
#10190=CARTESIAN_POINT('',(7.54562156480905,56.8619950848055,8.));
#10191=CARTESIAN_POINT('',(7.54562156480905,56.8619950848055,0.));
#10192=CARTESIAN_POINT('',(5.85541540987249,57.2477541605385,8.));
#10193=CARTESIAN_POINT('',(7.54562156480905,56.8619950848055,8.));
#10194=CARTESIAN_POINT('',(5.85541540987249,57.2477541605385,0.));
#10195=CARTESIAN_POINT('Origin',(7.54562156480905,56.8619950848055,0.));
#10196=CARTESIAN_POINT('',(8.29784927539503,55.3000218513209,8.));
#10197=CARTESIAN_POINT('',(8.29784927539503,55.3000218513209,0.));
#10198=CARTESIAN_POINT('',(8.29784927539503,55.3000218513209,8.));
#10199=CARTESIAN_POINT('Origin',(8.29784927539503,55.3000218513209,0.));
#10200=CARTESIAN_POINT('',(7.54565573291027,53.738032163346,8.));
#10201=CARTESIAN_POINT('',(7.54565573291027,53.738032163346,0.));
#10202=CARTESIAN_POINT('',(7.54565573291027,53.738032163346,8.));
#10203=CARTESIAN_POINT('Origin',(7.54565573291027,53.738032163346,0.));
#10204=CARTESIAN_POINT('',(5.85545801679781,53.3522361147088,8.));
#10205=CARTESIAN_POINT('',(5.85545801679781,53.3522361147088,0.));
#10206=CARTESIAN_POINT('',(5.85545801679781,53.3522361147088,8.));
#10207=CARTESIAN_POINT('Origin',(63.8772193999997,57.2526029529675,0.));
#10208=CARTESIAN_POINT('',(65.5630070688661,56.8479712115114,8.));
#10209=CARTESIAN_POINT('',(65.5630070688661,56.8479712115114,0.));
#10210=CARTESIAN_POINT('',(63.8772193999997,57.2526029529675,8.));
#10211=CARTESIAN_POINT('',(65.5630070688661,56.8479712115114,8.));
#10212=CARTESIAN_POINT('',(63.8772193999997,57.2526029529675,0.));
#10213=CARTESIAN_POINT('Origin',(65.5630070688661,56.8479712115114,0.));
#10214=CARTESIAN_POINT('',(66.2977246542273,55.2776855749291,8.));
#10215=CARTESIAN_POINT('',(66.2977246542273,55.2776855749291,0.));
#10216=CARTESIAN_POINT('',(66.2977246542273,55.2776855749291,8.));
#10217=CARTESIAN_POINT('Origin',(66.2977246542273,55.2776855749291,0.));
#10218=CARTESIAN_POINT('',(65.5281148287989,53.7242031555565,8.));
#10219=CARTESIAN_POINT('',(65.5281148287989,53.7242031555565,0.));
#10220=CARTESIAN_POINT('',(65.5281148287989,53.7242031555565,8.));
#10221=CARTESIAN_POINT('Origin',(65.5281148287989,53.7242031555565,0.));
#10222=CARTESIAN_POINT('',(63.8337094883078,53.3573279004475,8.));
#10223=CARTESIAN_POINT('',(63.8337094883078,53.3573279004475,0.));
#10224=CARTESIAN_POINT('',(63.8337094883078,53.3573279004475,8.));
#10225=CARTESIAN_POINT('Origin',(62.5061933882232,7.17957919894682,0.));
#10226=CARTESIAN_POINT('',(63.869262580111,8.25086314301681,8.));
#10227=CARTESIAN_POINT('',(63.869262580111,8.25086314301681,0.));
#10228=CARTESIAN_POINT('',(62.5061933882232,7.17957919894682,8.));
#10229=CARTESIAN_POINT('',(63.869262580111,8.25086314301681,8.));
#10230=CARTESIAN_POINT('',(62.5061933882232,7.17957919894682,0.));
#10231=CARTESIAN_POINT('Origin',(63.869262580111,8.25086314301681,0.));
#10232=CARTESIAN_POINT('',(65.5566858346174,7.85310735003931,8.));
#10233=CARTESIAN_POINT('',(65.5566858346174,7.85310735003931,0.));
#10234=CARTESIAN_POINT('',(65.5566858346174,7.85310735003931,8.));
#10235=CARTESIAN_POINT('Origin',(65.5566858346174,7.85310735003931,0.));
#10236=CARTESIAN_POINT('',(66.2977990239375,6.2858300448659,8.));
#10237=CARTESIAN_POINT('',(66.2977990239375,6.2858300448659,0.));
#10238=CARTESIAN_POINT('',(66.2977990239375,6.2858300448659,8.));
#10239=CARTESIAN_POINT('Origin',(6.00000000000001,59.5,0.));
#10240=CARTESIAN_POINT('',(84.6,59.5,0.));
#10241=CARTESIAN_POINT('',(6.00000000000001,59.5,8.));
#10242=CARTESIAN_POINT('',(6.00000000000001,59.5,0.));
#10243=CARTESIAN_POINT('',(9.01293199325011,59.5,8.));
#10244=CARTESIAN_POINT('',(6.15000000000001,59.5,8.));
#10245=CARTESIAN_POINT('',(9.01293199325011,59.5,0.));
#10246=CARTESIAN_POINT('',(61.5870680067499,59.5,8.));
#10247=CARTESIAN_POINT('',(61.5870680067499,59.5,0.));
#10248=CARTESIAN_POINT('',(67.0129319932501,59.5,8.));
#10249=CARTESIAN_POINT('',(35.15,59.5,8.));
#10250=CARTESIAN_POINT('',(67.0129319932501,59.5,0.));
#10251=CARTESIAN_POINT('Origin',(84.6,55.5,0.));
#10252=CARTESIAN_POINT('',(88.6,55.5,10.));
#10253=CARTESIAN_POINT('',(88.6,55.5,0.));
#10254=CARTESIAN_POINT('',(88.459727969689,56.55,10.));
#10255=CARTESIAN_POINT('Origin',(84.6,55.5,10.));
#10256=CARTESIAN_POINT('',(88.4597279696891,56.55,0.));
#10257=CARTESIAN_POINT('Origin',(7.,54.5,0.));
#10258=CARTESIAN_POINT('',(7.,61.5,0.));
#10259=CARTESIAN_POINT('Origin',(88.6,55.5,0.));
#10260=CARTESIAN_POINT('',(88.6,6.00000000000003,10.));
#10261=CARTESIAN_POINT('',(88.6,6.00000000000003,0.));
#10262=CARTESIAN_POINT('',(88.6,43.1835349550574,10.));
#10263=CARTESIAN_POINT('Origin',(0.,39.5000005736947,0.));
#10264=CARTESIAN_POINT('',(1.,39.5000005736947,9.5));
#10265=CARTESIAN_POINT('Origin',(84.6,6.00000000000003,0.));
#10266=CARTESIAN_POINT('',(84.6,2.00000000000001,0.));
#10267=CARTESIAN_POINT('',(88.5159126863434,5.18413982022978,10.));
#10268=CARTESIAN_POINT('',(88.5159126863434,5.18413982022978,0.));
#10269=CARTESIAN_POINT('Origin',(84.6,6.00000000000003,10.));
#10270=CARTESIAN_POINT('Origin',(64.3,6.30000000000001,0.));
#10271=CARTESIAN_POINT('',(61.7485298355654,2.00000000000001,8.));
#10272=CARTESIAN_POINT('',(61.7485298355654,2.00000000000001,0.));
#10273=CARTESIAN_POINT('',(66.8514701644346,2.00000000000001,8.));
#10274=CARTESIAN_POINT('Origin',(64.3,6.30000000000001,8.));
#10275=CARTESIAN_POINT('',(66.8514701644346,2.00000000000001,0.));
#10276=CARTESIAN_POINT('Origin',(84.6,2.00000000000001,0.));
#10277=CARTESIAN_POINT('',(6.,2.00000000000001,0.));
#10278=CARTESIAN_POINT('',(74.45,2.00000000000001,8.));
#10279=CARTESIAN_POINT('Origin',(88.459727969689,56.55,30.));
#10280=CARTESIAN_POINT('',(90.2930934551969,56.55,10.));
#10281=CARTESIAN_POINT('',(88.459727969689,56.55,10.));
#10282=CARTESIAN_POINT('',(90.2930934551969,56.55,0.));
#10283=CARTESIAN_POINT('Origin',(90.3603736440765,5.18413982022978,30.));
#10284=CARTESIAN_POINT('',(90.3603736440765,5.18413982022978,10.));
#10285=CARTESIAN_POINT('',(90.3603736440765,5.18413982022978,0.));
#10286=CARTESIAN_POINT('',(90.3603736440765,5.18413982022978,10.));
#10287=CARTESIAN_POINT('Origin',(89.5298639848445,30.8670699101149,10.));
#10288=CARTESIAN_POINT('',(90.6,54.5,10.));
#10289=CARTESIAN_POINT('',(90.6,7.,10.));
#10290=CARTESIAN_POINT('',(90.6,18.9335349550574,10.));
#10291=CARTESIAN_POINT('Origin',(83.6,54.5,10.));
#10292=CARTESIAN_POINT('Origin',(83.6,7.,10.));
#10293=CARTESIAN_POINT('Origin',(83.6,54.5,0.));
#10294=CARTESIAN_POINT('',(83.6,61.5,0.));
#10295=CARTESIAN_POINT('',(90.6,54.5,0.));
#10296=CARTESIAN_POINT('Origin',(90.6,7.,0.));
#10297=CARTESIAN_POINT('',(90.6,7.,0.));
#10298=CARTESIAN_POINT('Origin',(62.5097941460861,56.1868848449976,0.));
#10299=CARTESIAN_POINT('',(62.5097941460861,56.1868848449976,8.));
#10300=CARTESIAN_POINT('',(63.8772193999997,57.2526029529675,8.));
#10301=CARTESIAN_POINT('',(62.5097941460861,56.1868848449976,0.));
#10302=CARTESIAN_POINT('Origin',(62.490430413714,54.4533243595906,0.));
#10303=CARTESIAN_POINT('',(62.490430413714,54.4533243595906,8.));
#10304=CARTESIAN_POINT('',(62.5097941460861,56.1868848449976,8.));
#10305=CARTESIAN_POINT('',(62.490430413714,54.4533243595906,0.));
#10306=CARTESIAN_POINT('Origin',(63.8337094883078,53.3573279004475,0.));
#10307=CARTESIAN_POINT('',(62.490430413714,54.4533243595906,8.));
#10308=CARTESIAN_POINT('Origin',(64.3,55.3,0.));
#10309=CARTESIAN_POINT('Origin',(64.3,55.3,8.));
#10310=CARTESIAN_POINT('Origin',(64.3,55.3,8.));
#10311=CARTESIAN_POINT('Origin',(6.3,55.3,8.));
#10312=CARTESIAN_POINT('Origin',(6.00000000000001,55.5,8.));
#10313=CARTESIAN_POINT('Origin',(6.3,55.3,8.));
#10314=CARTESIAN_POINT('',(4.50000948104049,54.4331459988385,8.));
#10315=CARTESIAN_POINT('',(4.50000948104049,54.4331459988385,8.));
#10316=CARTESIAN_POINT('',(4.49999051917485,56.1668146264419,8.));
#10317=CARTESIAN_POINT('',(4.49999051917485,56.1668146264419,8.));
#10318=CARTESIAN_POINT('',(5.85541540987249,57.2477541605385,8.));
#10319=CARTESIAN_POINT('Origin',(4.49999051917485,56.1668146264419,0.));
#10320=CARTESIAN_POINT('',(4.49999051917485,56.1668146264419,0.));
#10321=CARTESIAN_POINT('Origin',(4.50000948104049,54.4331459988385,0.));
#10322=CARTESIAN_POINT('',(4.50000948104049,54.4331459988385,0.));
#10323=CARTESIAN_POINT('Origin',(5.85545801679781,53.3522361147088,0.));
#10324=CARTESIAN_POINT('Origin',(6.3,55.3,0.));
#10325=CARTESIAN_POINT('Origin',(66.2977990239375,6.2858300448659,0.));
#10326=CARTESIAN_POINT('',(65.5345288005593,4.72922300492289,8.));
#10327=CARTESIAN_POINT('',(65.5345288005593,4.72922300492289,0.));
#10328=CARTESIAN_POINT('',(65.5345288005593,4.72922300492289,8.));
#10329=CARTESIAN_POINT('Origin',(62.4938971619898,5.44595417792404,0.));
#10330=CARTESIAN_POINT('',(62.4938971619898,5.44595417792404,8.));
#10331=CARTESIAN_POINT('',(62.5061933882232,7.17957919894682,8.));
#10332=CARTESIAN_POINT('',(62.4938971619898,5.44595417792404,0.));
#10333=CARTESIAN_POINT('Origin',(63.8416332105618,4.35544308028434,0.));
#10334=CARTESIAN_POINT('',(63.8416332105618,4.35544308028434,8.));
#10335=CARTESIAN_POINT('',(62.4938971619898,5.44595417792404,8.));
#10336=CARTESIAN_POINT('',(63.8416332105618,4.35544308028434,0.));
#10337=CARTESIAN_POINT('Origin',(65.5345288005593,4.72922300492289,0.));
#10338=CARTESIAN_POINT('',(63.8416332105618,4.35544308028434,8.));
#10339=CARTESIAN_POINT('Origin',(64.3,6.30000000000001,8.));
#10340=CARTESIAN_POINT('Origin',(8.29784873729602,6.29853352168684,0.));
#10341=CARTESIAN_POINT('',(7.54449177444682,4.73710462570007,0.));
#10342=CARTESIAN_POINT('Origin',(4.49936420382426,5.43448717097634,0.));
#10343=CARTESIAN_POINT('',(4.49936420382426,5.43448717097634,0.));
#10344=CARTESIAN_POINT('Origin',(5.85400712243331,4.35256782381678,0.));
#10345=CARTESIAN_POINT('',(5.85400712243331,4.35256782381678,0.));
#10346=CARTESIAN_POINT('Origin',(7.54449177444682,4.73710462570007,0.));
#10347=CARTESIAN_POINT('Origin',(6.,6.00000000000001,0.));
#10348=CARTESIAN_POINT('Origin',(2.,38.5000005736947,9.5));
#10349=CARTESIAN_POINT('Origin',(6.00000000000001,55.5,0.));
#10350=CARTESIAN_POINT('Origin',(83.6,61.5,0.));
#10351=CARTESIAN_POINT('Origin',(83.6,7.,0.));
#10352=CARTESIAN_POINT('Origin',(7.,7.,0.));
#10353=CARTESIAN_POINT('Origin',(157.347380188541,6.22389815715464,2.));
#10354=CARTESIAN_POINT('',(144.608111203157,6.22389815715464,4.));
#10355=CARTESIAN_POINT('',(144.608111203157,6.22389815715464,9.22));
#10356=CARTESIAN_POINT('',(144.608111203157,6.22389815715464,5.61));
#10357=CARTESIAN_POINT('',(157.347380188541,6.22389815715464,9.22));
#10358=CARTESIAN_POINT('',(157.347380188541,6.22389815715464,9.22));
#10359=CARTESIAN_POINT('',(157.347380188541,6.22389815715464,4.));
#10360=CARTESIAN_POINT('',(157.347380188541,6.22389815715464,2.));
#10361=CARTESIAN_POINT('',(146.432744757922,6.22389815715464,4.));
#10362=CARTESIAN_POINT('Origin',(112.517265590811,5.05232528190083,2.));
#10363=CARTESIAN_POINT('',(128.408111203157,5.05232528190083,4.));
#10364=CARTESIAN_POINT('',(126.408111203157,5.05232528190083,4.));
#10365=CARTESIAN_POINT('',(119.962688396984,5.05232528190083,4.));
#10366=CARTESIAN_POINT('',(126.408111203157,5.05232528190083,9.22));
#10367=CARTESIAN_POINT('',(126.408111203157,5.05232528190083,5.61));
#10368=CARTESIAN_POINT('',(112.517265590811,5.05232528190083,9.22));
#10369=CARTESIAN_POINT('',(128.408111203157,5.05232528190083,9.22));
#10370=CARTESIAN_POINT('',(112.517265590811,5.05232528190083,2.));
#10371=CARTESIAN_POINT('',(112.517265590811,5.05232528190083,2.));
#10372=CARTESIAN_POINT('',(128.408111203157,5.05232528190083,2.));
#10373=CARTESIAN_POINT('',(128.408111203157,5.05232528190083,2.));
#10374=CARTESIAN_POINT('',(128.408111203157,5.05232528190083,2.));
#10375=CARTESIAN_POINT('Origin',(144.608111203157,6.22389815715464,9.22));
#10376=CARTESIAN_POINT('',(144.608111203157,5.05232528190083,9.22));
#10377=CARTESIAN_POINT('',(144.608111203157,19.1348563043181,9.22));
#10378=CARTESIAN_POINT('',(144.608111203157,5.05232528190083,4.));
#10379=CARTESIAN_POINT('',(144.608111203157,5.05232528190083,4.));
#10380=CARTESIAN_POINT('',(144.608111203157,5.05232528190083,5.61));
#10381=CARTESIAN_POINT('Origin',(126.408111203157,5.05232528190083,9.22));
#10382=CARTESIAN_POINT('',(126.408111203157,6.22389815715464,9.22));
#10383=CARTESIAN_POINT('',(126.408111203157,18.5490698666912,9.22));
#10384=CARTESIAN_POINT('',(126.408111203157,6.22389815715464,4.));
#10385=CARTESIAN_POINT('',(126.408111203157,6.22389815715464,4.));
#10386=CARTESIAN_POINT('',(126.408111203157,6.22389815715464,5.61));
#10387=CARTESIAN_POINT('Origin',(142.608111203157,5.05232528190083,2.));
#10388=CARTESIAN_POINT('',(142.608111203157,5.05232528190083,4.));
#10389=CARTESIAN_POINT('',(143.108111203157,5.05232528190083,4.));
#10390=CARTESIAN_POINT('',(142.608111203157,5.05232528190083,2.));
#10391=CARTESIAN_POINT('',(142.608111203157,5.05232528190083,2.));
#10392=CARTESIAN_POINT('',(158.518953063795,5.05232528190083,2.));
#10393=CARTESIAN_POINT('',(158.518953063795,5.05232528190083,2.));
#10394=CARTESIAN_POINT('',(158.518953063795,5.05232528190083,9.22));
#10395=CARTESIAN_POINT('',(158.518953063795,5.05232528190083,2.));
#10396=CARTESIAN_POINT('',(158.518953063795,5.05232528190083,9.22));
#10397=CARTESIAN_POINT('Origin',(142.608111203157,6.22389815715464,2.));
#10398=CARTESIAN_POINT('',(142.608111203157,8.39938080713389,4.));
#10399=CARTESIAN_POINT('',(142.608111203157,5.93100493834119,4.));
#10400=CARTESIAN_POINT('',(142.608111203157,8.39938080713389,2.));
#10401=CARTESIAN_POINT('',(142.608111203157,8.39938080713389,2.));
#10402=CARTESIAN_POINT('',(142.608111203157,5.05232528190083,2.));
#10403=CARTESIAN_POINT('Origin',(128.408111203157,6.22389815715464,2.));
#10404=CARTESIAN_POINT('',(113.688838466065,6.22389815715464,4.));
#10405=CARTESIAN_POINT('',(131.96311026523,6.22389815715464,4.));
#10406=CARTESIAN_POINT('',(113.688838466065,6.22389815715464,9.22));
#10407=CARTESIAN_POINT('',(113.688838466065,6.22389815715464,2.));
#10408=CARTESIAN_POINT('',(128.408111203157,6.22389815715464,9.22));
#10409=CARTESIAN_POINT('Origin',(128.408111203157,5.05232528190083,2.));
#10410=CARTESIAN_POINT('',(128.408111203157,8.39938080713389,4.));
#10411=CARTESIAN_POINT('',(128.408111203157,5.34521850071428,4.));
#10412=CARTESIAN_POINT('',(128.408111203157,8.39938080713389,2.));
#10413=CARTESIAN_POINT('',(128.408111203157,8.39938080713389,2.));
#10414=CARTESIAN_POINT('',(128.408111203157,8.39938080713389,2.));
#10415=CARTESIAN_POINT('Origin',(150.516802018815,47.0658822226348,2.));
#10416=CARTESIAN_POINT('',(152.516802018815,47.0658822226348,2.));
#10417=CARTESIAN_POINT('Origin',(150.516802018815,47.0658822226348,2.));
#10418=CARTESIAN_POINT('',(152.516802018815,47.0658822226348,4.));
#10419=CARTESIAN_POINT('',(152.516802018815,47.0658822226348,2.));
#10420=CARTESIAN_POINT('Origin',(150.516802018815,47.0658822226348,4.));
#10421=CARTESIAN_POINT('Origin',(150.516802018815,17.0658817755999,2.));
#10422=CARTESIAN_POINT('',(152.516802018815,17.0658817755999,2.));
#10423=CARTESIAN_POINT('Origin',(150.516802018815,17.0658817755999,2.));
#10424=CARTESIAN_POINT('',(152.516802018815,17.0658817755999,4.));
#10425=CARTESIAN_POINT('',(152.516802018815,17.0658817755999,2.));
#10426=CARTESIAN_POINT('Origin',(150.516802018815,17.0658817755999,4.));
#10427=CARTESIAN_POINT('Origin',(120.51680157178,47.0658822226348,2.));
#10428=CARTESIAN_POINT('',(122.51680157178,47.0658822226348,2.));
#10429=CARTESIAN_POINT('Origin',(120.51680157178,47.0658822226348,2.));
#10430=CARTESIAN_POINT('',(122.51680157178,47.0658822226348,4.));
#10431=CARTESIAN_POINT('',(122.51680157178,47.0658822226348,2.));
#10432=CARTESIAN_POINT('Origin',(120.51680157178,47.0658822226348,4.));
#10433=CARTESIAN_POINT('Origin',(120.51680157178,17.0658817755999,2.));
#10434=CARTESIAN_POINT('',(122.51680157178,17.0658817755999,2.));
#10435=CARTESIAN_POINT('Origin',(120.51680157178,17.0658817755999,2.));
#10436=CARTESIAN_POINT('',(122.51680157178,17.0658817755999,4.));
#10437=CARTESIAN_POINT('',(122.51680157178,17.0658817755999,2.));
#10438=CARTESIAN_POINT('Origin',(120.51680157178,17.0658817755999,4.));
#10439=CARTESIAN_POINT('Origin',(157.016802115672,53.5658823194923,2.));
#10440=CARTESIAN_POINT('',(158.716802115672,53.5658823194923,4.));
#10441=CARTESIAN_POINT('Origin',(157.016802115672,53.5658823194923,4.));
#10442=CARTESIAN_POINT('',(158.716802115672,53.5658823194923,2.));
#10443=CARTESIAN_POINT('',(158.716802115672,53.5658823194923,2.));
#10444=CARTESIAN_POINT('Origin',(157.016802115672,53.5658823194923,2.));
#10445=CARTESIAN_POINT('Origin',(157.016802115672,10.5658816787424,2.));
#10446=CARTESIAN_POINT('',(158.716802115672,10.5658816787424,4.));
#10447=CARTESIAN_POINT('Origin',(157.016802115672,10.5658816787424,4.));
#10448=CARTESIAN_POINT('',(158.716802115672,10.5658816787424,2.));
#10449=CARTESIAN_POINT('',(158.716802115672,10.5658816787424,2.));
#10450=CARTESIAN_POINT('Origin',(157.016802115672,10.5658816787424,2.));
#10451=CARTESIAN_POINT('Origin',(114.016801474923,53.5658823194923,2.));
#10452=CARTESIAN_POINT('',(115.716801474923,53.5658823194923,4.));
#10453=CARTESIAN_POINT('Origin',(114.016801474923,53.5658823194923,4.));
#10454=CARTESIAN_POINT('',(115.716801474923,53.5658823194923,2.));
#10455=CARTESIAN_POINT('',(115.716801474923,53.5658823194923,2.));
#10456=CARTESIAN_POINT('Origin',(114.016801474923,53.5658823194923,2.));
#10457=CARTESIAN_POINT('Origin',(114.016801474923,10.5658816787424,2.));
#10458=CARTESIAN_POINT('',(115.716801474923,10.5658816787424,4.));
#10459=CARTESIAN_POINT('Origin',(114.016801474923,10.5658816787424,4.));
#10460=CARTESIAN_POINT('',(115.716801474923,10.5658816787424,2.));
#10461=CARTESIAN_POINT('',(115.716801474923,10.5658816787424,2.));
#10462=CARTESIAN_POINT('Origin',(114.016801474923,10.5658816787424,2.));
#10463=CARTESIAN_POINT('Origin',(142.69826776185,8.95678121222823,2.));
#10464=CARTESIAN_POINT('',(142.69826776185,8.95678121222823,2.));
#10465=CARTESIAN_POINT('',(142.608111203157,8.39938080713389,2.));
#10466=CARTESIAN_POINT('',(142.69826776185,8.95678121222823,4.));
#10467=CARTESIAN_POINT('',(142.608111203157,8.39938080713389,4.));
#10468=CARTESIAN_POINT('',(142.69826776185,8.95678121222823,2.));
#10469=CARTESIAN_POINT('Origin',(144.672608786924,8.63744202467053,2.));
#10470=CARTESIAN_POINT('',(143.389498385942,10.1715957649753,2.));
#10471=CARTESIAN_POINT('Origin',(144.672608786924,8.63744202467053,2.));
#10472=CARTESIAN_POINT('',(143.389498385942,10.1715957649753,4.));
#10473=CARTESIAN_POINT('Origin',(144.672608786924,8.63744202467053,4.));
#10474=CARTESIAN_POINT('',(143.389498385942,10.1715957649753,2.));
#10475=CARTESIAN_POINT('Origin',(143.667300813757,10.403939613694,2.));
#10476=CARTESIAN_POINT('',(143.667300813757,10.403939613694,2.));
#10477=CARTESIAN_POINT('',(143.389498385942,10.1715957649753,2.));
#10478=CARTESIAN_POINT('',(143.667300813757,10.403939613694,4.));
#10479=CARTESIAN_POINT('',(143.389498385942,10.1715957649753,4.));
#10480=CARTESIAN_POINT('',(143.667300813757,10.403939613694,2.));
#10481=CARTESIAN_POINT('Origin',(147.082516660698,11.9647396161419,2.));
#10482=CARTESIAN_POINT('',(147.082516660698,11.9647396161419,2.));
#10483=CARTESIAN_POINT('',(143.667300813757,10.403939613694,2.));
#10484=CARTESIAN_POINT('',(147.082516660698,11.9647396161419,4.));
#10485=CARTESIAN_POINT('',(143.667300813757,10.403939613694,4.));
#10486=CARTESIAN_POINT('',(147.082516660698,11.9647396161419,2.));
#10487=CARTESIAN_POINT('Origin',(147.592481017933,15.5653970475317,2.));
#10488=CARTESIAN_POINT('',(147.592481017933,15.5653970475317,2.));
#10489=CARTESIAN_POINT('',(147.082516660698,11.9647396161419,2.));
#10490=CARTESIAN_POINT('',(147.592481017933,15.5653970475317,4.));
#10491=CARTESIAN_POINT('',(147.082516660698,11.9647396161419,4.));
#10492=CARTESIAN_POINT('',(147.592481017933,15.5653970475317,2.));
#10493=CARTESIAN_POINT('Origin',(146.264088770683,17.3779337874472,2.));
#10494=CARTESIAN_POINT('',(146.264088770683,17.3779337874472,2.));
#10495=CARTESIAN_POINT('',(147.592481017933,15.5653970475317,2.));
#10496=CARTESIAN_POINT('',(146.264088770683,17.3779337874472,4.));
#10497=CARTESIAN_POINT('',(147.592481017933,15.5653970475317,4.));
#10498=CARTESIAN_POINT('',(146.264088770683,17.3779337874472,2.));
#10499=CARTESIAN_POINT('Origin',(135.516801795297,32.0658819991174,2.));
#10500=CARTESIAN_POINT('',(124.758204068199,17.3862166437196,2.));
#10501=CARTESIAN_POINT('Origin',(135.516801795297,32.0658819991174,2.));
#10502=CARTESIAN_POINT('',(124.758204068199,17.3862166437196,4.));
#10503=CARTESIAN_POINT('Origin',(135.516801795297,32.0658819991174,4.));
#10504=CARTESIAN_POINT('',(124.758204068199,17.3862166437196,2.));
#10505=CARTESIAN_POINT('Origin',(123.42374138838,15.5653970475317,2.));
#10506=CARTESIAN_POINT('',(123.42374138838,15.5653970475317,2.));
#10507=CARTESIAN_POINT('',(123.42374138838,15.5653970475317,2.));
#10508=CARTESIAN_POINT('',(123.42374138838,15.5653970475317,4.));
#10509=CARTESIAN_POINT('',(123.42374138838,15.5653970475317,4.));
#10510=CARTESIAN_POINT('',(123.42374138838,15.5653970475317,2.));
#10511=CARTESIAN_POINT('Origin',(123.933705745616,11.9647396161419,2.));
#10512=CARTESIAN_POINT('',(123.933705745616,11.9647396161419,2.));
#10513=CARTESIAN_POINT('',(123.933705745616,11.9647396161419,2.));
#10514=CARTESIAN_POINT('',(123.933705745616,11.9647396161419,4.));
#10515=CARTESIAN_POINT('',(123.933705745616,11.9647396161419,4.));
#10516=CARTESIAN_POINT('',(123.933705745616,11.9647396161419,2.));
#10517=CARTESIAN_POINT('Origin',(127.348921592556,10.403939613694,2.));
#10518=CARTESIAN_POINT('',(127.348921592556,10.403939613694,2.));
#10519=CARTESIAN_POINT('',(127.348921592556,10.403939613694,2.));
#10520=CARTESIAN_POINT('',(127.348921592556,10.403939613694,4.));
#10521=CARTESIAN_POINT('',(127.348921592556,10.403939613694,4.));
#10522=CARTESIAN_POINT('',(127.348921592556,10.403939613694,2.));
#10523=CARTESIAN_POINT('Origin',(127.626724020372,10.1715957649753,2.));
#10524=CARTESIAN_POINT('',(127.626724020372,10.1715957649753,2.));
#10525=CARTESIAN_POINT('',(127.626724020372,10.1715957649753,2.));
#10526=CARTESIAN_POINT('',(127.626724020372,10.1715957649753,4.));
#10527=CARTESIAN_POINT('',(127.626724020372,10.1715957649753,4.));
#10528=CARTESIAN_POINT('',(127.626724020372,10.1715957649753,2.));
#10529=CARTESIAN_POINT('Origin',(126.34361361939,8.63744202467053,2.));
#10530=CARTESIAN_POINT('',(128.317954644464,8.95678121222823,2.));
#10531=CARTESIAN_POINT('Origin',(126.34361361939,8.63744202467053,2.));
#10532=CARTESIAN_POINT('',(128.317954644464,8.95678121222823,4.));
#10533=CARTESIAN_POINT('Origin',(126.34361361939,8.63744202467053,4.));
#10534=CARTESIAN_POINT('',(128.317954644464,8.95678121222823,2.));
#10535=CARTESIAN_POINT('Origin',(128.408111203157,8.39938080713389,2.));
#10536=CARTESIAN_POINT('',(128.408111203157,8.39938080713389,2.));
#10537=CARTESIAN_POINT('',(128.408111203157,8.39938080713389,4.));
#10538=CARTESIAN_POINT('Origin',(135.518109327303,32.0458144514816,4.));
#10539=CARTESIAN_POINT('',(161.347380188541,10.2238981571546,4.));
#10540=CARTESIAN_POINT('Origin',(157.347380188541,10.2238981571546,4.));
#10541=CARTESIAN_POINT('',(161.347380188541,53.8677307458085,4.));
#10542=CARTESIAN_POINT('',(161.347380188541,42.9567725986451,4.));
#10543=CARTESIAN_POINT('',(157.347380188541,57.8677307458085,4.));
#10544=CARTESIAN_POINT('Origin',(157.347380188541,53.8677307458085,4.));
#10545=CARTESIAN_POINT('',(113.688838466065,57.8677307458085,4.));
#10546=CARTESIAN_POINT('',(124.603473896684,57.8677307458085,4.));
#10547=CARTESIAN_POINT('',(109.688838466065,53.8677307458085,4.));
#10548=CARTESIAN_POINT('Origin',(113.688838466065,53.8677307458085,4.));
#10549=CARTESIAN_POINT('',(109.688838466065,10.2238981571546,4.));
#10550=CARTESIAN_POINT('',(109.688838466065,21.1348563043181,4.));
#10551=CARTESIAN_POINT('Origin',(113.688838466065,10.2238981571547,4.));
#10552=CARTESIAN_POINT('Origin',(109.688838466065,10.2238981571546,2.));
#10553=CARTESIAN_POINT('',(109.688838466065,53.8677307458085,9.22));
#10554=CARTESIAN_POINT('',(109.688838466065,53.8677307458085,2.));
#10555=CARTESIAN_POINT('',(109.688838466065,10.2238981571546,9.22));
#10556=CARTESIAN_POINT('',(109.688838466065,10.2238981571546,9.22));
#10557=CARTESIAN_POINT('',(109.688838466065,10.2238981571546,2.));
#10558=CARTESIAN_POINT('Origin',(113.688838466065,53.8677307458085,2.));
#10559=CARTESIAN_POINT('',(113.688838466065,57.8677307458085,9.22));
#10560=CARTESIAN_POINT('',(113.688838466065,57.8677307458085,2.));
#10561=CARTESIAN_POINT('Origin',(113.688838466065,53.8677307458085,9.22));
#10562=CARTESIAN_POINT('Origin',(113.688838466065,57.8677307458085,2.));
#10563=CARTESIAN_POINT('',(157.347380188541,57.8677307458085,9.22));
#10564=CARTESIAN_POINT('',(157.347380188541,57.8677307458085,2.));
#10565=CARTESIAN_POINT('',(113.688838466065,57.8677307458085,9.22));
#10566=CARTESIAN_POINT('Origin',(157.347380188541,53.8677307458085,2.));
#10567=CARTESIAN_POINT('',(161.347380188541,53.8677307458085,9.22));
#10568=CARTESIAN_POINT('',(161.347380188541,53.8677307458085,2.));
#10569=CARTESIAN_POINT('Origin',(157.347380188541,53.8677307458085,9.22));
#10570=CARTESIAN_POINT('Origin',(161.347380188541,53.8677307458085,2.));
#10571=CARTESIAN_POINT('',(161.347380188541,10.2238981571546,9.22));
#10572=CARTESIAN_POINT('',(161.347380188541,10.2238981571546,2.));
#10573=CARTESIAN_POINT('',(161.347380188541,53.8677307458085,9.22));
#10574=CARTESIAN_POINT('Origin',(157.347380188541,10.2238981571546,2.));
#10575=CARTESIAN_POINT('Origin',(157.347380188541,10.2238981571546,9.22));
#10576=CARTESIAN_POINT('Origin',(158.518953063795,9.05232528190083,2.));
#10577=CARTESIAN_POINT('',(162.518953063795,9.05232528190083,2.));
#10578=CARTESIAN_POINT('',(162.518953063795,9.05232528190083,9.22));
#10579=CARTESIAN_POINT('',(162.518953063795,9.05232528190083,2.));
#10580=CARTESIAN_POINT('Origin',(158.518953063795,9.05232528190083,9.22));
#10581=CARTESIAN_POINT('Origin',(158.518953063795,9.05232528190083,2.));
#10582=CARTESIAN_POINT('Origin',(112.517265590811,9.05232528190083,2.));
#10583=CARTESIAN_POINT('',(108.517265590811,9.05232528190083,9.22));
#10584=CARTESIAN_POINT('Origin',(112.517265590811,9.05232528190083,9.22));
#10585=CARTESIAN_POINT('',(108.517265590811,9.05232528190083,2.));
#10586=CARTESIAN_POINT('',(108.517265590811,9.05232528190083,2.));
#10587=CARTESIAN_POINT('Origin',(112.517265590811,9.05232528190083,2.));
#10588=CARTESIAN_POINT('Origin',(108.517265590811,55.0393036210624,2.));
#10589=CARTESIAN_POINT('',(108.517265590811,55.0393036210624,9.22));
#10590=CARTESIAN_POINT('',(108.517265590811,9.05232528190083,9.22));
#10591=CARTESIAN_POINT('',(108.517265590811,55.0393036210624,2.));
#10592=CARTESIAN_POINT('',(108.517265590811,55.0393036210624,2.));
#10593=CARTESIAN_POINT('',(108.517265590811,9.05232528190083,2.));
#10594=CARTESIAN_POINT('Origin',(112.517265590811,55.0393036210624,2.));
#10595=CARTESIAN_POINT('',(112.517265590811,59.0393036210623,9.22));
#10596=CARTESIAN_POINT('Origin',(112.517265590811,55.0393036210624,9.22));
#10597=CARTESIAN_POINT('',(112.517265590811,59.0393036210623,2.));
#10598=CARTESIAN_POINT('',(112.517265590811,59.0393036210623,2.));
#10599=CARTESIAN_POINT('Origin',(112.517265590811,55.0393036210624,2.));
#10600=CARTESIAN_POINT('Origin',(158.518953063795,59.0393036210623,2.));
#10601=CARTESIAN_POINT('',(158.518953063795,59.0393036210623,9.22));
#10602=CARTESIAN_POINT('',(112.517265590811,59.0393036210623,9.22));
#10603=CARTESIAN_POINT('',(158.518953063795,59.0393036210623,2.));
#10604=CARTESIAN_POINT('',(158.518953063795,59.0393036210623,2.));
#10605=CARTESIAN_POINT('',(112.517265590811,59.0393036210623,2.));
#10606=CARTESIAN_POINT('Origin',(158.518953063795,55.0393036210623,2.));
#10607=CARTESIAN_POINT('',(162.518953063795,55.0393036210623,9.22));
#10608=CARTESIAN_POINT('Origin',(158.518953063795,55.0393036210623,9.22));
#10609=CARTESIAN_POINT('',(162.518953063795,55.0393036210623,2.));
#10610=CARTESIAN_POINT('',(162.518953063795,55.0393036210623,2.));
#10611=CARTESIAN_POINT('Origin',(158.518953063795,55.0393036210623,2.));
#10612=CARTESIAN_POINT('Origin',(162.518953063795,9.05232528190083,2.));
#10613=CARTESIAN_POINT('',(162.518953063795,55.0393036210623,9.22));
#10614=CARTESIAN_POINT('',(162.518953063795,55.0393036210623,2.));
#10615=CARTESIAN_POINT('Origin',(113.688838466065,10.2238981571547,2.));
#10616=CARTESIAN_POINT('Origin',(113.688838466065,10.2238981571547,9.22));
#10617=CARTESIAN_POINT('Origin',(135.518109327303,32.0458144514816,9.22));
#10618=CARTESIAN_POINT('Origin',(135.518109327303,32.0458144514816,2.));
#10619=CARTESIAN_POINT('Origin',(127.008111203157,-72.2905301164151,2.));
#10620=CARTESIAN_POINT('',(127.008111203157,-72.2905301164151,2.));
#10621=CARTESIAN_POINT('',(144.008111203157,-72.2905301164151,2.));
#10622=CARTESIAN_POINT('',(127.008111203157,-72.2905301164151,2.));
#10623=CARTESIAN_POINT('',(144.008111203157,-72.2905301164151,4.));
#10624=CARTESIAN_POINT('',(144.008111203157,-72.2905301164151,2.));
#10625=CARTESIAN_POINT('',(127.008111203157,-72.2905301164151,4.));
#10626=CARTESIAN_POINT('',(127.008111203157,-72.2905301164151,4.));
#10627=CARTESIAN_POINT('',(127.008111203157,-72.2905301164151,5.61));
#10628=CARTESIAN_POINT('Origin',(127.008111203157,-74.9476747180992,9.22));
#10629=CARTESIAN_POINT('',(127.008111203157,-72.2761018428453,4.));
#10630=CARTESIAN_POINT('',(127.008111203157,-62.979999388374,4.));
#10631=CARTESIAN_POINT('',(127.008111203157,-72.2761018428453,7.));
#10632=CARTESIAN_POINT('',(127.008111203157,-72.2761018428453,6.61));
#10633=CARTESIAN_POINT('',(127.008111203157,-73.7761018428454,7.));
#10634=CARTESIAN_POINT('',(127.008111203157,-61.4509301333088,7.));
#10635=CARTESIAN_POINT('',(127.008111203157,-73.7761018428454,4.22));
#10636=CARTESIAN_POINT('',(127.008111203157,-73.7761018428454,6.61));
#10637=CARTESIAN_POINT('',(127.008111203157,-74.9476747180992,4.22));
#10638=CARTESIAN_POINT('',(127.008111203157,-61.4509301333088,4.22));
#10639=CARTESIAN_POINT('',(127.008111203157,-74.9476747180992,2.));
#10640=CARTESIAN_POINT('',(127.008111203157,-74.9476747180992,5.61));
#10641=CARTESIAN_POINT('',(127.008111203157,-61.4509301333088,2.));
#10642=CARTESIAN_POINT('Origin',(135.518109327303,-47.9541855485184,4.));
#10643=CARTESIAN_POINT('',(144.008111203157,-72.2761018428453,4.));
#10644=CARTESIAN_POINT('',(156.847380188541,-72.2761018428453,4.));
#10645=CARTESIAN_POINT('',(146.182744757922,-72.2761018428453,4.));
#10646=CARTESIAN_POINT('',(159.847380188541,-69.2761018428453,4.));
#10647=CARTESIAN_POINT('Origin',(156.847380188541,-69.2761018428453,4.));
#10648=CARTESIAN_POINT('',(159.847380188541,-26.6322692541915,4.));
#10649=CARTESIAN_POINT('',(159.847380188541,-37.2932274013549,4.));
#10650=CARTESIAN_POINT('',(156.847380188541,-23.6322692541915,4.));
#10651=CARTESIAN_POINT('Origin',(156.847380188541,-26.6322692541915,4.));
#10652=CARTESIAN_POINT('',(114.188838466065,-23.6322692541915,4.));
#10653=CARTESIAN_POINT('',(124.853473896684,-23.6322692541915,4.));
#10654=CARTESIAN_POINT('',(111.188838466065,-26.6322692541915,4.));
#10655=CARTESIAN_POINT('Origin',(114.188838466065,-26.6322692541915,4.));
#10656=CARTESIAN_POINT('',(111.188838466065,-69.2761018428453,4.));
#10657=CARTESIAN_POINT('',(111.188838466065,-58.6151436956819,4.));
#10658=CARTESIAN_POINT('',(114.188838466065,-72.2761018428453,4.));
#10659=CARTESIAN_POINT('Origin',(114.188838466065,-69.2761018428453,4.));
#10660=CARTESIAN_POINT('',(131.96311026523,-72.2761018428453,4.));
#10661=CARTESIAN_POINT('',(144.008111203157,-62.3942129507471,4.));
#10662=CARTESIAN_POINT('',(123.51680157178,-32.9341177773652,4.));
#10663=CARTESIAN_POINT('Origin',(120.51680157178,-32.9341177773652,4.));
#10664=CARTESIAN_POINT('',(153.516802018815,-32.9341177773652,4.));
#10665=CARTESIAN_POINT('Origin',(150.516802018815,-32.9341177773652,4.));
#10666=CARTESIAN_POINT('',(158.716802115672,-26.4341176805077,4.));
#10667=CARTESIAN_POINT('Origin',(157.016802115672,-26.4341176805077,4.));
#10668=CARTESIAN_POINT('',(158.716802115672,-69.4341183212576,4.));
#10669=CARTESIAN_POINT('Origin',(157.016802115672,-69.4341183212576,4.));
#10670=CARTESIAN_POINT('',(115.716801474923,-26.4341176805077,4.));
#10671=CARTESIAN_POINT('Origin',(114.016801474923,-26.4341176805077,4.));
#10672=CARTESIAN_POINT('',(115.716801474923,-69.4341183212576,4.));
#10673=CARTESIAN_POINT('Origin',(114.016801474923,-69.4341183212576,4.));
#10674=CARTESIAN_POINT('',(153.516802018815,-62.9341182244001,4.));
#10675=CARTESIAN_POINT('Origin',(150.516802018815,-62.9341182244001,4.));
#10676=CARTESIAN_POINT('',(123.51680157178,-62.9341182244001,4.));
#10677=CARTESIAN_POINT('Origin',(120.51680157178,-62.9341182244001,4.));
#10678=CARTESIAN_POINT('Origin',(135.518109327303,-47.9541855485184,2.));
#10679=CARTESIAN_POINT('',(112.517265590811,-74.9476747180992,2.));
#10680=CARTESIAN_POINT('',(128.408111203157,-74.9476747180992,2.));
#10681=CARTESIAN_POINT('',(108.517265590811,-70.9476747180992,2.));
#10682=CARTESIAN_POINT('Origin',(112.517265590811,-70.9476747180992,2.));
#10683=CARTESIAN_POINT('',(108.517265590811,-24.9606963789376,2.));
#10684=CARTESIAN_POINT('',(108.517265590811,-70.9476747180992,2.));
#10685=CARTESIAN_POINT('',(112.517265590811,-20.9606963789377,2.));
#10686=CARTESIAN_POINT('Origin',(112.517265590811,-24.9606963789376,2.));
#10687=CARTESIAN_POINT('',(158.518953063795,-20.9606963789377,2.));
#10688=CARTESIAN_POINT('',(112.517265590811,-20.9606963789377,2.));
#10689=CARTESIAN_POINT('',(162.518953063795,-24.9606963789377,2.));
#10690=CARTESIAN_POINT('Origin',(158.518953063795,-24.9606963789377,2.));
#10691=CARTESIAN_POINT('',(162.518953063795,-70.9476747180992,2.));
#10692=CARTESIAN_POINT('',(162.518953063795,-24.9606963789377,2.));
#10693=CARTESIAN_POINT('',(158.518953063795,-74.9476747180992,2.));
#10694=CARTESIAN_POINT('Origin',(158.518953063795,-70.9476747180992,2.));
#10695=CARTESIAN_POINT('',(144.008111203157,-74.9476747180992,2.));
#10696=CARTESIAN_POINT('',(158.518953063795,-74.9476747180992,2.));
#10697=CARTESIAN_POINT('',(144.008111203157,-60.8651436956819,2.));
#10698=CARTESIAN_POINT('',(122.21680157178,-32.9341177773652,2.));
#10699=CARTESIAN_POINT('Origin',(120.51680157178,-32.9341177773652,2.));
#10700=CARTESIAN_POINT('',(152.216802018815,-32.9341177773652,2.));
#10701=CARTESIAN_POINT('Origin',(150.516802018815,-32.9341177773652,2.));
#10702=CARTESIAN_POINT('',(122.21680157178,-62.9341182244001,2.));
#10703=CARTESIAN_POINT('Origin',(120.51680157178,-62.9341182244001,2.));
#10704=CARTESIAN_POINT('',(152.216802018815,-62.9341182244001,2.));
#10705=CARTESIAN_POINT('Origin',(150.516802018815,-62.9341182244001,2.));
#10706=CARTESIAN_POINT('',(158.716802115672,-26.4341176805077,2.));
#10707=CARTESIAN_POINT('Origin',(157.016802115672,-26.4341176805077,2.));
#10708=CARTESIAN_POINT('',(158.716802115672,-69.4341183212576,2.));
#10709=CARTESIAN_POINT('Origin',(157.016802115672,-69.4341183212576,2.));
#10710=CARTESIAN_POINT('',(115.716801474923,-26.4341176805077,2.));
#10711=CARTESIAN_POINT('Origin',(114.016801474923,-26.4341176805077,2.));
#10712=CARTESIAN_POINT('',(115.716801474923,-69.4341183212576,2.));
#10713=CARTESIAN_POINT('Origin',(114.016801474923,-69.4341183212576,2.));
#10714=CARTESIAN_POINT('Origin',(144.008111203157,-73.7761018428454,2.));
#10715=CARTESIAN_POINT('',(144.008111203157,-74.9476747180992,4.22));
#10716=CARTESIAN_POINT('',(144.008111203157,-74.9476747180992,2.));
#10717=CARTESIAN_POINT('',(144.008111203157,-73.7761018428454,4.22));
#10718=CARTESIAN_POINT('',(144.008111203157,-60.8651436956819,4.22));
#10719=CARTESIAN_POINT('',(144.008111203157,-73.7761018428454,7.));
#10720=CARTESIAN_POINT('',(144.008111203157,-73.7761018428454,3.));
#10721=CARTESIAN_POINT('',(144.008111203157,-72.2761018428453,7.));
#10722=CARTESIAN_POINT('',(144.008111203157,-60.8651436956819,7.));
#10723=CARTESIAN_POINT('',(144.008111203157,-72.2761018428453,3.));
#10724=CARTESIAN_POINT('Origin',(150.516802018815,-32.9341177773652,7.8));
#10725=CARTESIAN_POINT('',(153.516802018815,-32.9341177773652,7.8));
#10726=CARTESIAN_POINT('Origin',(150.516802018815,-32.9341177773652,7.8));
#10727=CARTESIAN_POINT('',(152.216802018815,-32.9341177773652,7.8));
#10728=CARTESIAN_POINT('Origin',(150.516802018815,-32.9341177773652,7.8));
#10729=CARTESIAN_POINT('Origin',(120.51680157178,-62.9341182244001,7.8));
#10730=CARTESIAN_POINT('',(123.51680157178,-62.9341182244001,7.8));
#10731=CARTESIAN_POINT('Origin',(120.51680157178,-62.9341182244001,7.8));
#10732=CARTESIAN_POINT('',(122.21680157178,-62.9341182244001,7.8));
#10733=CARTESIAN_POINT('Origin',(120.51680157178,-62.9341182244001,7.8));
#10734=CARTESIAN_POINT('Origin',(150.516802018815,-62.9341182244001,7.8));
#10735=CARTESIAN_POINT('',(153.516802018815,-62.9341182244001,7.8));
#10736=CARTESIAN_POINT('Origin',(150.516802018815,-62.9341182244001,7.8));
#10737=CARTESIAN_POINT('',(152.216802018815,-62.9341182244001,7.8));
#10738=CARTESIAN_POINT('Origin',(150.516802018815,-62.9341182244001,7.8));
#10739=CARTESIAN_POINT('Origin',(120.51680157178,-32.9341177773652,7.8));
#10740=CARTESIAN_POINT('',(123.51680157178,-32.9341177773652,7.8));
#10741=CARTESIAN_POINT('Origin',(120.51680157178,-32.9341177773652,7.8));
#10742=CARTESIAN_POINT('',(122.21680157178,-32.9341177773652,7.8));
#10743=CARTESIAN_POINT('Origin',(120.51680157178,-32.9341177773652,7.8));
#10744=CARTESIAN_POINT('Origin',(142.608111203157,-73.7761018428454,4.));
#10745=CARTESIAN_POINT('',(157.347380188541,-73.7761018428454,4.22));
#10746=CARTESIAN_POINT('',(146.432744757922,-73.7761018428454,4.22));
#10747=CARTESIAN_POINT('',(157.347380188541,-73.7761018428454,7.));
#10748=CARTESIAN_POINT('',(157.347380188541,-73.7761018428454,4.));
#10749=CARTESIAN_POINT('',(144.608111203157,-73.7761018428454,7.));
#10750=CARTESIAN_POINT('Origin',(157.347380188541,-69.7761018428453,4.));
#10751=CARTESIAN_POINT('',(161.347380188541,-69.7761018428453,4.22));
#10752=CARTESIAN_POINT('Origin',(157.347380188541,-69.7761018428453,4.22));
#10753=CARTESIAN_POINT('',(161.347380188541,-69.7761018428453,7.));
#10754=CARTESIAN_POINT('',(161.347380188541,-69.7761018428453,4.));
#10755=CARTESIAN_POINT('Origin',(157.347380188541,-69.7761018428453,7.));
#10756=CARTESIAN_POINT('Origin',(161.347380188541,-69.7761018428453,4.));
#10757=CARTESIAN_POINT('',(161.347380188541,-26.1322692541915,4.22));
#10758=CARTESIAN_POINT('',(161.347380188541,-37.0432274013549,4.22));
#10759=CARTESIAN_POINT('',(161.347380188541,-26.1322692541915,7.));
#10760=CARTESIAN_POINT('',(161.347380188541,-26.1322692541915,4.));
#10761=CARTESIAN_POINT('',(161.347380188541,-69.7761018428453,7.));
#10762=CARTESIAN_POINT('Origin',(157.347380188541,-26.1322692541914,4.));
#10763=CARTESIAN_POINT('',(157.347380188541,-22.1322692541915,4.22));
#10764=CARTESIAN_POINT('Origin',(157.347380188541,-26.1322692541915,4.22));
#10765=CARTESIAN_POINT('',(157.347380188541,-22.1322692541914,7.));
#10766=CARTESIAN_POINT('',(157.347380188541,-22.1322692541914,4.));
#10767=CARTESIAN_POINT('Origin',(157.347380188541,-26.1322692541914,7.));
#10768=CARTESIAN_POINT('Origin',(157.347380188541,-22.1322692541914,4.));
#10769=CARTESIAN_POINT('',(113.688838466065,-22.1322692541915,4.22));
#10770=CARTESIAN_POINT('',(124.603473896684,-22.1322692541915,4.22));
#10771=CARTESIAN_POINT('',(113.688838466065,-22.1322692541915,7.));
#10772=CARTESIAN_POINT('',(113.688838466065,-22.1322692541915,4.));
#10773=CARTESIAN_POINT('',(157.347380188541,-22.1322692541914,7.));
#10774=CARTESIAN_POINT('Origin',(113.688838466065,-26.1322692541915,4.));
#10775=CARTESIAN_POINT('',(109.688838466065,-26.1322692541915,4.22));
#10776=CARTESIAN_POINT('Origin',(113.688838466065,-26.1322692541915,4.22));
#10777=CARTESIAN_POINT('',(109.688838466065,-26.1322692541915,7.));
#10778=CARTESIAN_POINT('',(109.688838466065,-26.1322692541915,4.));
#10779=CARTESIAN_POINT('Origin',(113.688838466065,-26.1322692541915,7.));
#10780=CARTESIAN_POINT('Origin',(109.688838466065,-26.1322692541915,4.));
#10781=CARTESIAN_POINT('',(109.688838466065,-69.7761018428453,4.22));
#10782=CARTESIAN_POINT('',(109.688838466065,-58.8651436956819,4.22));
#10783=CARTESIAN_POINT('',(109.688838466065,-69.7761018428453,7.));
#10784=CARTESIAN_POINT('',(109.688838466065,-69.7761018428453,4.));
#10785=CARTESIAN_POINT('',(109.688838466065,-26.1322692541915,7.));
#10786=CARTESIAN_POINT('Origin',(113.688838466065,-69.7761018428453,4.));
#10787=CARTESIAN_POINT('',(113.688838466065,-73.7761018428454,4.22));
#10788=CARTESIAN_POINT('Origin',(113.688838466065,-69.7761018428453,4.22));
#10789=CARTESIAN_POINT('',(113.688838466065,-73.7761018428454,7.));
#10790=CARTESIAN_POINT('',(113.688838466065,-73.7761018428454,4.));
#10791=CARTESIAN_POINT('Origin',(113.688838466065,-69.7761018428453,7.));
#10792=CARTESIAN_POINT('Origin',(156.847380188541,-69.2761018428453,4.));
#10793=CARTESIAN_POINT('',(156.847380188541,-72.2761018428453,7.));
#10794=CARTESIAN_POINT('',(156.847380188541,-72.2761018428453,4.));
#10795=CARTESIAN_POINT('',(159.847380188541,-69.2761018428453,7.));
#10796=CARTESIAN_POINT('Origin',(156.847380188541,-69.2761018428453,7.));
#10797=CARTESIAN_POINT('',(159.847380188541,-69.2761018428453,4.));
#10798=CARTESIAN_POINT('Origin',(159.847380188541,-26.6322692541915,4.));
#10799=CARTESIAN_POINT('',(159.847380188541,-26.6322692541915,7.));
#10800=CARTESIAN_POINT('',(159.847380188541,-26.6322692541915,7.));
#10801=CARTESIAN_POINT('',(159.847380188541,-26.6322692541915,4.));
#10802=CARTESIAN_POINT('Origin',(156.847380188541,-26.6322692541915,4.));
#10803=CARTESIAN_POINT('',(156.847380188541,-23.6322692541915,7.));
#10804=CARTESIAN_POINT('Origin',(156.847380188541,-26.6322692541915,7.));
#10805=CARTESIAN_POINT('',(156.847380188541,-23.6322692541915,4.));
#10806=CARTESIAN_POINT('Origin',(114.188838466065,-23.6322692541915,4.));
#10807=CARTESIAN_POINT('',(114.188838466065,-23.6322692541915,7.));
#10808=CARTESIAN_POINT('',(114.188838466065,-23.6322692541915,7.));
#10809=CARTESIAN_POINT('',(114.188838466065,-23.6322692541915,4.));
#10810=CARTESIAN_POINT('Origin',(114.188838466065,-26.6322692541915,4.));
#10811=CARTESIAN_POINT('',(111.188838466065,-26.6322692541915,7.));
#10812=CARTESIAN_POINT('Origin',(114.188838466065,-26.6322692541915,7.));
#10813=CARTESIAN_POINT('',(111.188838466065,-26.6322692541915,4.));
#10814=CARTESIAN_POINT('Origin',(111.188838466065,-69.2761018428453,4.));
#10815=CARTESIAN_POINT('',(111.188838466065,-69.2761018428453,7.));
#10816=CARTESIAN_POINT('',(111.188838466065,-69.2761018428453,7.));
#10817=CARTESIAN_POINT('',(111.188838466065,-69.2761018428453,4.));
#10818=CARTESIAN_POINT('Origin',(114.188838466065,-69.2761018428453,4.));
#10819=CARTESIAN_POINT('',(114.188838466065,-72.2761018428453,7.));
#10820=CARTESIAN_POINT('Origin',(114.188838466065,-69.2761018428453,7.));
#10821=CARTESIAN_POINT('',(114.188838466065,-72.2761018428453,4.));
#10822=CARTESIAN_POINT('Origin',(128.408111203157,-72.2761018428453,4.));
#10823=CARTESIAN_POINT('',(156.847380188541,-72.2761018428453,7.));
#10824=CARTESIAN_POINT('Origin',(113.688838466065,-73.7761018428454,4.));
#10825=CARTESIAN_POINT('',(131.96311026523,-73.7761018428454,4.22));
#10826=CARTESIAN_POINT('',(113.688838466065,-73.7761018428454,7.));
#10827=CARTESIAN_POINT('Origin',(156.847380188541,-72.2761018428453,4.));
#10828=CARTESIAN_POINT('',(156.847380188541,-72.2761018428453,7.));
#10829=CARTESIAN_POINT('Origin',(135.518109327303,-47.9541855485184,7.));
#10830=CARTESIAN_POINT('Origin',(135.518109327303,-47.9541855485184,4.22));
#10831=CARTESIAN_POINT('',(158.518953063795,-74.9476747180992,4.22));
#10832=CARTESIAN_POINT('',(139.06311026523,-74.9476747180992,4.22));
#10833=CARTESIAN_POINT('',(162.518953063795,-70.9476747180992,4.22));
#10834=CARTESIAN_POINT('Origin',(158.518953063795,-70.9476747180992,4.22));
#10835=CARTESIAN_POINT('',(162.518953063795,-24.9606963789377,4.22));
#10836=CARTESIAN_POINT('',(162.518953063795,-59.4509301333088,4.22));
#10837=CARTESIAN_POINT('',(158.518953063795,-20.9606963789377,4.22));
#10838=CARTESIAN_POINT('Origin',(158.518953063795,-24.9606963789377,4.22));
#10839=CARTESIAN_POINT('',(112.517265590811,-20.9606963789377,4.22));
#10840=CARTESIAN_POINT('',(147.018531195549,-20.9606963789377,4.22));
#10841=CARTESIAN_POINT('',(108.517265590811,-24.9606963789376,4.22));
#10842=CARTESIAN_POINT('Origin',(112.517265590811,-24.9606963789376,4.22));
#10843=CARTESIAN_POINT('',(108.517265590811,-70.9476747180992,4.22));
#10844=CARTESIAN_POINT('',(108.517265590811,-36.457440963728,4.22));
#10845=CARTESIAN_POINT('',(112.517265590811,-74.9476747180992,4.22));
#10846=CARTESIAN_POINT('Origin',(112.517265590811,-70.9476747180992,4.22));
#10847=CARTESIAN_POINT('',(124.017687459057,-74.9476747180992,4.22));
#10848=CARTESIAN_POINT('Origin',(112.517265590811,-74.9476747180992,2.));
#10849=CARTESIAN_POINT('',(112.517265590811,-74.9476747180992,2.));
#10850=CARTESIAN_POINT('Origin',(112.517265590811,-70.9476747180992,2.));
#10851=CARTESIAN_POINT('',(108.517265590811,-70.9476747180992,2.));
#10852=CARTESIAN_POINT('Origin',(108.517265590811,-24.9606963789376,2.));
#10853=CARTESIAN_POINT('',(108.517265590811,-24.9606963789376,2.));
#10854=CARTESIAN_POINT('Origin',(112.517265590811,-24.9606963789376,2.));
#10855=CARTESIAN_POINT('',(112.517265590811,-20.9606963789377,2.));
#10856=CARTESIAN_POINT('Origin',(158.518953063795,-20.9606963789377,2.));
#10857=CARTESIAN_POINT('',(158.518953063795,-20.9606963789377,2.));
#10858=CARTESIAN_POINT('Origin',(158.518953063795,-24.9606963789377,2.));
#10859=CARTESIAN_POINT('',(162.518953063795,-24.9606963789377,2.));
#10860=CARTESIAN_POINT('Origin',(162.518953063795,-70.9476747180992,2.));
#10861=CARTESIAN_POINT('',(162.518953063795,-70.9476747180992,2.));
#10862=CARTESIAN_POINT('Origin',(158.518953063795,-70.9476747180992,2.));
#10863=CARTESIAN_POINT('',(158.518953063795,-74.9476747180992,2.));
#10864=CARTESIAN_POINT('Origin',(142.608111203157,-74.9476747180992,2.));
#10865=CARTESIAN_POINT('Origin',(120.51680157178,-62.9341182244001,4.));
#10866=CARTESIAN_POINT('',(123.51680157178,-62.9341182244001,4.));
#10867=CARTESIAN_POINT('Origin',(120.51680157178,-32.9341177773652,4.));
#10868=CARTESIAN_POINT('',(123.51680157178,-32.9341177773652,4.));
#10869=CARTESIAN_POINT('Origin',(150.516802018815,-62.9341182244001,4.));
#10870=CARTESIAN_POINT('',(153.516802018815,-62.9341182244001,4.));
#10871=CARTESIAN_POINT('Origin',(150.516802018815,-32.9341177773652,4.));
#10872=CARTESIAN_POINT('',(153.516802018815,-32.9341177773652,4.));
#10873=CARTESIAN_POINT('Origin',(120.51680157178,-32.9341177773652,4.));
#10874=CARTESIAN_POINT('',(122.21680157178,-32.9341177773652,4.));
#10875=CARTESIAN_POINT('Origin',(150.516802018815,-32.9341177773652,4.));
#10876=CARTESIAN_POINT('',(152.216802018815,-32.9341177773652,4.));
#10877=CARTESIAN_POINT('Origin',(120.51680157178,-62.9341182244001,4.));
#10878=CARTESIAN_POINT('',(122.21680157178,-62.9341182244001,4.));
#10879=CARTESIAN_POINT('Origin',(150.516802018815,-62.9341182244001,4.));
#10880=CARTESIAN_POINT('',(152.216802018815,-62.9341182244001,4.));
#10881=CARTESIAN_POINT('Origin',(157.016802115672,-26.4341176805077,2.));
#10882=CARTESIAN_POINT('',(158.716802115672,-26.4341176805077,2.));
#10883=CARTESIAN_POINT('Origin',(157.016802115672,-69.4341183212576,2.));
#10884=CARTESIAN_POINT('',(158.716802115672,-69.4341183212576,2.));
#10885=CARTESIAN_POINT('Origin',(114.016801474923,-26.4341176805077,2.));
#10886=CARTESIAN_POINT('',(115.716801474923,-26.4341176805077,2.));
#10887=CARTESIAN_POINT('Origin',(114.016801474923,-69.4341183212576,2.));
#10888=CARTESIAN_POINT('',(115.716801474923,-69.4341183212576,2.));
#10889=UNCERTAINTY_MEASURE_WITH_UNIT(LENGTH_MEASURE(0.01),#10893,
'DISTANCE_ACCURACY_VALUE',
'Maximum model space distance between geometric entities at asserted c
onnectivities');
#10890=UNCERTAINTY_MEASURE_WITH_UNIT(LENGTH_MEASURE(0.01),#10893,
'DISTANCE_ACCURACY_VALUE',
'Maximum model space distance between geometric entities at asserted c
onnectivities');
#10891=(
GEOMETRIC_REPRESENTATION_CONTEXT(3)
GLOBAL_UNCERTAINTY_ASSIGNED_CONTEXT((#10889))
GLOBAL_UNIT_ASSIGNED_CONTEXT((#10893,#10895,#10896))
REPRESENTATION_CONTEXT('','3D')
);
#10892=(
GEOMETRIC_REPRESENTATION_CONTEXT(3)
GLOBAL_UNCERTAINTY_ASSIGNED_CONTEXT((#10890))
GLOBAL_UNIT_ASSIGNED_CONTEXT((#10893,#10895,#10896))
REPRESENTATION_CONTEXT('','3D')
);
#10893=(
LENGTH_UNIT()
NAMED_UNIT(*)
SI_UNIT(.MILLI.,.METRE.)
);
#10894=(
LENGTH_UNIT()
NAMED_UNIT(*)
SI_UNIT($,.METRE.)
);
#10895=(
NAMED_UNIT(*)
PLANE_ANGLE_UNIT()
SI_UNIT($,.RADIAN.)
);
#10896=(
NAMED_UNIT(*)
SI_UNIT($,.STERADIAN.)
SOLID_ANGLE_UNIT()
);
#10897=SHAPE_DEFINITION_REPRESENTATION(#10898,#10899);
#10898=PRODUCT_DEFINITION_SHAPE('',$,#10901);
#10899=SHAPE_REPRESENTATION('',(#6673),#10891);
#10900=PRODUCT_DEFINITION_CONTEXT('part definition',#10905,'design');
#10901=PRODUCT_DEFINITION('2026-09-19-12-40-48-975','pi_cam_case',#10902,
#10900);
#10902=PRODUCT_DEFINITION_FORMATION('',$,#10907);
#10903=PRODUCT_RELATED_PRODUCT_CATEGORY('pi_cam_case','pi_cam_case',(#10907));
#10904=APPLICATION_PROTOCOL_DEFINITION('international standard',
'automotive_design',2009,#10905);
#10905=APPLICATION_CONTEXT(
'Core Data for Automotive Mechanical Design Process');
#10906=PRODUCT_CONTEXT('part definition',#10905,'mechanical');
#10907=PRODUCT('2026-09-19-12-40-48-975','pi_cam_case',$,(#10906));
#10908=PRESENTATION_STYLE_ASSIGNMENT((#10910));
#10909=PRESENTATION_STYLE_ASSIGNMENT((#10911));
#10910=SURFACE_STYLE_USAGE(.BOTH.,#10912);
#10911=SURFACE_STYLE_USAGE(.BOTH.,#10913);
#10912=SURFACE_SIDE_STYLE('',(#10914));
#10913=SURFACE_SIDE_STYLE('',(#10915));
#10914=SURFACE_STYLE_FILL_AREA(#10916);
#10915=SURFACE_STYLE_FILL_AREA(#10917);
#10916=FILL_AREA_STYLE('Steel - Satin',(#10918));
#10917=FILL_AREA_STYLE('ABS (White)',(#10919));
#10918=FILL_AREA_STYLE_COLOUR('Steel - Satin',#10920);
#10919=FILL_AREA_STYLE_COLOUR('ABS (White)',#10921);
#10920=COLOUR_RGB('Steel - Satin',0.627450980392157,0.627450980392157,0.627450980392157);
#10921=COLOUR_RGB('ABS (White)',0.964705882352941,0.964705882352941,0.952941176470588);
ENDSEC;
END-ISO-10303-21;
